{
  "url": "http://adamsoutdoor.com",
  "timestamp": 1734530872.541288,
  "text_by_page_url": {
    "https://www.adamsoutdoor.com/markets/": "Markets | Adams Outdoor Advertising\nAsset 1\nExpertise\nMarkets\nInquiries\nCareers\nCorporate Leadership\nMission, Vision, Values\nPrivacy Policy\nadams-logo-white\nMarkets\nIllinois\n>\nChampaign-Urbana, IL\nPeoria-Bloomington, IL\nMichigan\n>\nAnn Arbor-Detroit, MI\nLansing-Jackson, MI\nWest Michigan\nN. Carolina\n>\nCharlotte, NC\nWinston-Salem, NC\nPennsylvania\n>\nEastern PA\nS. Carolina\n>\nCharleston, SC\nFlorence, SC\nBeaufort, SC\nSumter, SC\nVirginia\n>\nNorfolk-Virginia Beach, VA\nWisconsin\n>\nKenosha-Racine, WI\nMadison, WI\nNational\nSocial Media\n© 2024 Adams Outdoor Advertising. All rights reserved.",
    "https://www.adamsoutdoor.com/careers/": "Careers | Adams Outdoor Advertising\nAsset 1\nExpertise\nMarkets\nInquiries\nCareers\nCorporate Leadership\nMission, Vision, Values\nPrivacy Policy\nadams-logo-white\nCareers\nFor over 30 years, Adams has been proving that outdoor advertising is the strongest medium out there. When big tech brands like Google, Apple and Amazon want to advertise, what medium do they use? That’s right— outdoor advertising. Why? Larger than life, brand-safe, real-time consumer engagements, massive reach…not to mention eye-popping creative. Add to that evolving digital technologies and imagine the possibilities. Outdoor is the future. If this is a future that you get excited about,\nlet’s talk.\nSee our job openings\nOur Mission\nTo reinvent the medium known as outdoor\nTo prove that outdoor advertising is more relevant and powerful than anyone has yet to imagine.\nRead our Mission, Vision, Values booklet\nhere\n.\nOur Offices\nAnn Arbor-Detroit, MI\nBeaufort, SC\nChampaign-Urbana, IL\nCharleston, SC\nCharlotte, NC\nEastern PA\nFlorence, SC\nKenosha-Racine, WI\nLansing-Jackson, MI\nMadison, WI\nNational Sales\nNorfolk-Virginia Beach, VA\nPeoria-Bloomington, IL\nSumter, SC\nWest Michigan\nWinston-Salem, NC\nCorporate Headquarters\nAdams Outdoor Advertising\n3801 Capital City Blvd.\nLansing, MI 48906\nPhone: (770) 333-0399\nJoin Us\nE:\n[email protected]\nFollow Us\nLinkedin\nFacebook\nYoutube\nInstagram\nSocial Media\n© 2024 Adams Outdoor Advertising. All rights reserved.",
    "https://www.adamsoutdoor.com/corporate-leadership/": "Corporate Leadership | Adams Outdoor Advertising\nAsset 1\nExpertise\nMarkets\nInquiries\nCareers\nCorporate Leadership\nMission, Vision, Values\nPrivacy Policy\nadams-logo-white\nCorporate\nLeadership\nAdams Corporate\nKevin Jones\nPresident and CEO\nLouise Lopez\nChief Financial Officer\nJosh Scharfberg\nChief Revenue Officer\nRichard Zecchino\nChief Legal Officer and Vice President of Real Estate\nMichelle McAlpine\nChief Human Resource Officer\nLauren Haag\nVice President, Sales Operations and Analytics\nMatthew Hood\nProgrammatic Director\nRyan Saul\nCorporate Creative Director\nDaniel Smith\nDirector of Information Technology\nMelissa Moberg\nCorporate Marketing Director\nGreg Ald\nVice President, National Sales\nCorporate Headquarters\nAdams Outdoor Advertising\n3801 Capital City Blvd.\nLansing, MI 48906\nPhone: (770) 333-0399\nChange Your Market\nMarkets\nAnn Arbor-Detroit, MI\nBeaufort, SC\nChampaign-Urbana, IL\nCharleston, SC\nCharlotte, NC\nEastern PA\nFlorence, SC\nKenosha-Racine, WI\nLansing-Jackson, MI\nMadison, WI\nNational Sales\nNorfolk-Virginia Beach, VA\nPeoria-Bloomington, IL\nSumter, SC\nWest Michigan\nWinston-Salem, NC\nSocial Media\n© 2024 Adams Outdoor Advertising. All rights reserved.",
    "https://www.adamsoutdoor.com/mission-vision-values/": "Mission Vision Values | Adams Outdoor Advertising\nAsset 1\nExpertise\nMarkets\nInquiries\nCareers\nCorporate Leadership\nMission, Vision, Values\nPrivacy Policy\nadams-logo-white\nMission\nVision\nValues\nChange Your Market\nMarkets\nAnn Arbor-Detroit, MI\nBeaufort, SC\nChampaign-Urbana, IL\nCharleston, SC\nCharlotte, NC\nEastern PA\nFlorence, SC\nKenosha-Racine, WI\nLansing-Jackson, MI\nMadison, WI\nNational Sales\nNorfolk-Virginia Beach, VA\nPeoria-Bloomington, IL\nSumter, SC\nWest Michigan\nWinston-Salem, NC\nSocial Media\n© 2024 Adams Outdoor Advertising. All rights reserved.",
    "https://www.adamsoutdoor.com/market/madison-wi/": "Madison, WI Billboards | Adams Outdoor Advertising\nAsset 1\nExpertise\nMarkets\nInquiries\nCareers\nCorporate Leadership\nMission, Vision, Values\nPrivacy Policy\nadams-logo-white\nBecome the\nbiggest voice\nout-there\nwith\nOut-There\nThinking\nMadison, WI\nHome to the University of Wisconsin and the Wisconsin state capital, Madison offers premium billboards and a robust economy.\nMadison sits on an isthmus between two lakes, funneling traffic onto a few major roadways where Adams owns nearly all of the billboard inventory, ensuring that residents, tourists, and commuters view your advertising.\n0\n%\nMarket Share\n0\n%\nGen Z Population, 22% Millennials\n0\nof the Highest College Football Attendance Rates in the Nation\nLeadership\nAndrea Hansen\nGeneral Manager\nMadison, WI\n[email protected]\nTim Etes\nSales Manager\nMadison, WI\n[email protected]\nDevin Renner\nReal Estate Manager\nMadison, WI\n[email protected]\nCraig Judd\nOperations Manager\nMadison, WI\n[email protected]\nInventory\nCoverage\nWhere It\nCounts\nWhat’s happening in OOH\nOut of Home Ad Spend Sees Highest Ever First Quarter Volume, Up 6.8% in Q1 2024\nLearn More\nOAAA Reveals Winners Of 82nd Annual OBIE Awards, Dunkin’ Named As Newest OBIE Hall Of Fame Inductee\nLearn More\nNew Study Finds Digital Out of Home Advertising Surpasses Other Media in Driving Favorability and Action Among Consumers\nLearn More\nCreative Specs\nDownload Specs (pdf)\nNew Business\nInquiries\nAdams Outdoor Madison, WI\n102 E. Badger Road\nMadison, Wisconsin 53713\np (608) 271-7900\nf (608) 271-4253\nName\n*\nCompany\nEmail Address\n*\nPhone Number\nYour Market\n*\nChoose a Market\nChampaign-Urbana, IL\nPeoria-Bloomington, IL\nAnn Arbor-Detroit, MI\nLansing-Jackson, MI\nWest Michigan\nCharlotte, NC\nWinston-Salem, NC\nEastern PA\nCharleston, SC\nFlorence, SC\nSumter, SC\nBeaufort, SC\nNorfolk-Virginia Beach, VA\nKenosha-Racine, WI\nMadison, WI\nNational\nMessage\nChange Your Market\nMarkets\nAnn Arbor-Detroit, MI\nBeaufort, SC\nChampaign-Urbana, IL\nCharleston, SC\nCharlotte, NC\nEastern PA\nFlorence, SC\nKenosha-Racine, WI\nLansing-Jackson, MI\nNational Sales\nNorfolk-Virginia Beach, VA\nPeoria-Bloomington, IL\nSumter, SC\nWest Michigan\nWinston-Salem, NC\nSocial Media\n© 2024 Adams Outdoor Advertising. All rights reserved."
  },
  "doc_id": "b60ca791-8866-55f2-8d80-6ccaa715c975"
}