{
  "url": "http://animalhospitalcville.com",
  "timestamp": 1735263825.0348468,
  "text_by_page_url": {
    "http://animalhospitalcville.com/about.html": "About - The Animal Hospital of Campbellsville\nAbout\nServices\nContact\nPharmacy\nSINCE\nThe Animal Hospital has been providing veterinary services to this community since 1950, with a total of 17 veterinarians throughout those years, three of which are currently in practice.\n1950\nOver 60 years of service, we have achieved a lot through proper veterinary care to Taylor County and the surrounding area. We've done so by engaging with our community and working with an outstanding team. One of the founders,\nDr. Hays Sr., received the EL Toro Award of Excellence in Food Animal Medicine from Auburn University in April 2013 for serving as a role model for veterinary students through his contributions to food animal practice, organized veterinary medicine, high ideals, and dedication to the production of food animals. In addition to him we have a staff full of vets, and vet techs ready to serve you.\nWe provide care to Taylor County, Kentucky and surrounding areas. We treat small and large animals, mostly dogs, cats, and cows, and sometimes horses, pigs, goats etc.\n​\nOur Staff\nDr. Philip hays sr.\n​Has been a veterinarian at The Animal Hospital since 1973. He is a graduate of the University of Kentucky, and Auburn University. He is lives in Campbellsville with his wife Elizabeth and they have two children, Jessica and Philip.\nDr. Keith Andrew\nHas been a veterinarian at The Animal Hospital since 1977. He is a graduate of the University of Kentucky, and Auburn University. He lives in Campbellsville and has two children, Scott and Ashley.\nDr. Philip Hays Jr.\nHe has been a veterinarian at Then Animal Hospital since 2006. He is a graduate of the University of Kentucky, and Auburn University.  He lives in Campbellsville with his wife Leigh Ann, and they have three sons Jackson, Grant, and Harrison.\nashley WiRT\nAshley serves as our office manager. She has been an employee of the Animal Hospital since\n2009. She lives in Campbellsville with her husband Josh and son Sawyer.​\nQuick Links:\nServices\nOnline Pharmacy\n​Contact Page\nContact:\n270 - 465 - 4104\n608 E Broadway\n​Campbellsville, KY 42718\nFind us on Facebook:\n​Facebook.com/ahcville\nWebsite built by:\n​\nRocketpower Brand Co.\nAbout\nServices\nContact\nPharmacy",
    "http://animalhospitalcville.com/services.html": "Services - The Animal Hospital of Campbellsville\nAbout\nServices\nContact\nPharmacy\nSERVICES\nWe've been around for 60 years and we're proud to bring that experience to your pets and farm. From small cats and dogs to livestock, we look forward to the opportunity to make your animal well again or perform routine procedures.\nNot seeing something listed you have questions about? Feel free to call or email to get those answers.\nSmall Animal\nWe provide routine care for both dogs and cats including:\n• Vaccinations\n• De-worming\n• Flea and Tick Treatments\n​•\nIn office blood work to test for common illnesses  ​\nSmall Animal Surgeries\n• Spay and Neuter\n• Dentistry\n• Cat Declaws\n• C-Sections\nOther small animal services\n• Boarding\n•\nBasic grooming, such as shearing and baths\n•\nUltrasounds\n•\nRadiographs\n•\nAfter-hours emergency services\nLarge Animal\nWe provide large animal services at our facility as well as on the farm.\n​\n• Herd Work\n• Regulatory medicine to comply with State and Federal Programs\n• Dairy Herd Health Programs\n• Beef Herd Health Programs\n• Health Certificates for travel and exports\n•\nAfter–hours emergency services\nTo schedule a service, give us a call at 270-465-4104\nQuick Links:\nServices\nOnline Pharmacy\n​Contact Page\nContact:\n270 - 465 - 4104\n608 E Broadway\n​Campbellsville, KY 42718\nFind us on Facebook:\n​Facebook.com/ahcville\nWebsite built by:\n​\nRocketpower Brand Co.\nAbout\nServices\nContact\nPharmacy",
    "http://animalhospitalcville.com/contact.html": "Contact - The Animal Hospital of Campbellsville\nAbout\nServices\nContact\nPharmacy\nCONTACT US\nPhone:\n(270) 465-4104\nEmail:\n[email protected]\n608 E Broadway St\n​Campbellsville, KY 42718\nM-F 8AM-5PM • Sat. 8AM-2PM\nIF THIS IS AN EMERGENCY PLEASE CALL US!\nContact Us\n*\nIndicates required field\nFirst Name\n*\nLast Name\n*\nEmail\n*\nPhone\n*\nComment/Question\n*\nSubmit\nQuick Links:\nServices\nOnline Pharmacy\n​Contact Page\nContact:\n270 - 465 - 4104\n608 E Broadway\n​Campbellsville, KY 42718\nFind us on Facebook:\n​Facebook.com/ahcville\nWebsite built by:\n​\nRocketpower Brand Co.\nAbout\nServices\nContact\nPharmacy"
  },
  "doc_id": "8970d207-1116-5957-9bcd-8ab861c735a5"
}