{
  "url": "http://berkshiremedicalmanagement.com",
  "timestamp": 1735491971.5023766,
  "text_by_page_url": {
    "http://berkshiremedicalmanagement.com/about-us": "About Us - Berkshire Medical Management Services\n<![endif]-->\n413 663-7796\n131 Ashland Street\nNorth Adams, MA 01247\n≡ Menu\nHome\nAbout Us\nServices\nFees\nSpecialties\nResources\nContact Us\nOur web site is best viewed with JavaScript enabled.\nAbout Berkshire Medical Management Services\nBMMS is a full service medical billing company that is dedicated to providing superior, professional service. Established in 1996, our Company was built from the ground up with hard work, experience and devotion to quality.\nOwner operated\n, we provide true commitment to our clients. We are a reliable, results oriented billing company. Our team understands the varying aspects of medical practice, having the experience of small and large medical practice management.\nWe focus that knowledge and experience on your medical billing. With over\n20 years experience\n, our billing professionals confidently bill for all specialties.\nWe maintain a positive, consistent cash flow, aggressively manage your accounts receivables, and maintain the strong financial base that your practice needs.\nWe work closely with your office to ensure a smooth transition, and establish ongoing support and excellent communication with your staff.\nWe are large enough to handle multi-physician/multi-location practices, yet small enough to give the personal attention your account deserves.\nOur goal is to provide you with the best possible service, improve your collections, and reduce your operating costs.\nMember: American Medical Billing Association (AMBA)\nHIPAA Compliant\nContact Us\ntoday for more information!\nIndustry News\nEff: May 25, 2023 - Cigna will now require submission of medical notes when a 25 modifier is used on a claim.\nPosted: Tue Apr 25th\nDocument Attached\nBCBSVT Now Requiring Providers to Obtain EIN\nPosted: Sun Jul 25th\nDue to the federal \"transparency in coverage\" rule, BCBSVt is now requiring all providers to obtain and start utilizing an Employer Identification Number (EIN) for billing.\nView All\nClient Testimonial\nTestimonial from David J. Elpern, MD\nMy office has used Berkshire Medical Management Services for our medical billings since 1997. Before that, for a while, we did the billings in-house and it was quite complicated and time-intensive. We have been most pleased with BMMS's service as is confirmed by the fact that we have continued to utilize their services for the past 16 years. Julie Daub and her staff are efficient, courteous, knowledgeable, honest and pleasant. It has been a privilege to work with them over this period of time. They interface with patients over billing issues and I have not had any complaints from patients. I have also been impressed that they keep up to date with the many changes in coding and billing that take place on an almost monthly basis. I would recommend BMMS to any practitioner who wishes to pay more attention to his or her practice and offload the huge headaches involved in billing for services. Sincerely yours,\nPrivacy Policy\nUnless otherwise noted, all copyrights reserved - Berkshire Medical Management Services\nIf you wish to use any of our content, please contact us for permission.\nWebsite design, hosting and maintenance by\nBerkSites - Berkshire Website Design",
    "http://berkshiremedicalmanagement.com/services": "Services - Berkshire Medical Management Services\n<![endif]-->\n413 663-7796\n131 Ashland Street\nNorth Adams, MA 01247\n≡ Menu\nHome\nAbout Us\nServices\nFees\nSpecialties\nResources\nContact Us\nOur web site is best viewed with JavaScript enabled.\nServices Offered\nBerkshire Medical Management Services offers a range of services that help to eliminate issues with in-house billing. Our services are designed to ensure profitability and maximize your reimbursement.\nComplete Accounts Receivable Management for Your Practice\nElectronic Billing\nCharge Entry\nPayment Processing\nCurrent Filing Regulations\nMaximum Reimbursement using Accurate Coding\nMonthly Patient Billing\nPatient Services\nMonthly Analysis Reports\nInsurance Verification\nAuthorization Tracking\nReduction of office call volume\nRejections and Inaccurate Payments Appealed\nInsurance Follow-ups on Unpaid Claims\nDenial Management Services\nPre-collection Phone-calls\nPrompt, Professional, and Courteous Service\nBMMS concentrates solely on your billing and collections to build the strong base that your practice needs. We will work with each individual client to develop an individualized service plan based on your specific needs.\nWe see that the overall transition and implantation process is handled smoothly and efficiently. We will work with you to migrate data from your current billing system or service provider.\nContact Us\ntoday for more information!\nIndustry News\nEff: May 25, 2023 - Cigna will now require submission of medical notes when a 25 modifier is used on a claim.\nPosted: Tue Apr 25th\nDocument Attached\nBCBSVT Now Requiring Providers to Obtain EIN\nPosted: Sun Jul 25th\nDue to the federal \"transparency in coverage\" rule, BCBSVt is now requiring all providers to obtain and start utilizing an Employer Identification Number (EIN) for billing.\nView All\nClient Testimonial\nTestimonial from Nancy Campbell, MD\n\"Berkshire Medical Management Services has done my billing for me since 2000. I am VERY satisfied with their service and feel the cost is very reasonable. Julie and crew are easy to talk to for patients and staff. BMMS staff go out of their way to be of service and help, even above and beyond the call of duty. They have been honest, open, and effective in their billing. I have no complaints!! I would and do highly recommend Berkshire Medical Management Services without any reservations.\"\nPrivacy Policy\nUnless otherwise noted, all copyrights reserved - Berkshire Medical Management Services\nIf you wish to use any of our content, please contact us for permission.\nWebsite design, hosting and maintenance by\nBerkSites - Berkshire Website Design",
    "http://berkshiremedicalmanagement.com/resources": "Resources - Berkshire Medical Management Services\n<![endif]-->\n413 663-7796\n131 Ashland Street\nNorth Adams, MA 01247\n≡ Menu\nHome\nAbout Us\nServices\nFees\nSpecialties\nResources\nContact Us\nOur web site is best viewed with JavaScript enabled.\nResources\nKnow Your Provider Enrollment Re-validation Due Date and Protect Your Bottom Line!\nRevalidate before your due date to avoid a hold on your Medicare payments and a possible deactivation or lapse in your Medicare billing privileges.\nUse the link below to find out when you are scheduled with Medicare to re-validate.\nhttps://data.cms.gov/revalidation\nMeaningful Use Updates\nhttp://www.hitechanswers.net/her-adoption-2/meaningful-use/\nNPI Data Registry Search\nhttps://npiregistry.cms.hhs.gov/\nCAQH\nhttps://proview.caqh.org/\nPECOS\nhttps://pecos.cms.hhs.gov/\nICD-10\nhttp://www.who.int/classifications/icd/en/\nAmerican Medical Association\nhttp://www.ama-assn.org/ama\nMedicare\nThese links provide the option to download the most recent Medicare fee schedules, provider enrollment forms, forms for direct deposit, and education material.\nMedicare NHIC\nhttp://www.medicarenhic.com\nMedicare NGS\nhttps://www.ngsmedicare.com\nCMS\nhttp://www.cms.gov/index.html\nInsurance Organizations and Companies\nThe links to the local insurance companies below provide options to download enrollment provider forms and provider manuals, provide contact phone numbers and addresses, and links to current news and regulations within each insurance company.\nMass Health\nhttps://newmmis-portal.ehs.state.ma.us/EHSProviderPortal/appmanager/provider/desktop\nHealth New England\nhttp://www.healthnewengland.com\nBlue Cross Blue Shield\nhttp://www.bcbs.com\nAnthem BCBS\nhttp://www.anthem.com/health-insurance/home/overview\nUnited Healthcare\nhttp://www.uhc.com\nAetna\nhttp://www.aetna.com\nCigna\nhttp://www.cigna.com\nCenter for Disease Control and Prevention\nThe CDC is a credible online source for health information.\nThey provide information on:\nDiseases and Conditions\nData and Statistics\nHealthy Living\nWorkplace Safety and Health\nEnvironmental Health\nEmergencies and Disasters\nTravel Health\nInjury, Violence, and Safety\nLife Stages and Populations\nhttp://www.cdc.gov/\nContact Us\ntoday for more information!\nIndustry News\nEff: May 25, 2023 - Cigna will now require submission of medical notes when a 25 modifier is used on a claim.\nPosted: Tue Apr 25th\nDocument Attached\nBCBSVT Now Requiring Providers to Obtain EIN\nPosted: Sun Jul 25th\nDue to the federal \"transparency in coverage\" rule, BCBSVt is now requiring all providers to obtain and start utilizing an Employer Identification Number (EIN) for billing.\nView All\nClient Testimonial\nTestimonial from David J. Elpern, MD\nMy office has used Berkshire Medical Management Services for our medical billings since 1997. Before that, for a while, we did the billings in-house and it was quite complicated and time-intensive. We have been most pleased with BMMS's service as is confirmed by the fact that we have continued to utilize their services for the past 16 years. Julie Daub and her staff are efficient, courteous, knowledgeable, honest and pleasant. It has been a privilege to work with them over this period of time. They interface with patients over billing issues and I have not had any complaints from patients. I have also been impressed that they keep up to date with the many changes in coding and billing that take place on an almost monthly basis. I would recommend BMMS to any practitioner who wishes to pay more attention to his or her practice and offload the huge headaches involved in billing for services. Sincerely yours,\nPrivacy Policy\nUnless otherwise noted, all copyrights reserved - Berkshire Medical Management Services\nIf you wish to use any of our content, please contact us for permission.\nWebsite design, hosting and maintenance by\nBerkSites - Berkshire Website Design",
    "http://berkshiremedicalmanagement.com/contact-us": "Contact Us - Berkshire Medical Management Services\n<![endif]-->\n413 663-7796\n131 Ashland Street\nNorth Adams, MA 01247\n≡ Menu\nHome\nAbout Us\nServices\nFees\nSpecialties\nResources\nContact Us\nOur web site is best viewed with JavaScript enabled.\nContact Us\nWhether you are starting up a new practice, considering outsourcing your billing, or looking to make a change from your current billing company, the transition is simple.\nBerkshire Medical Management Services\n131 Ashland Street\nPO Box 787\nNorth Adams, MA  01247\nPhone:\n(413) 663-7796\n(866) 854-4471\nFor general information or other inquiries, please use the form below:\nFull Name:\nEmail:\nMessage:\nX\nForm Response\nDefault Body\nContact us today for more information!\nIndustry News\nEff: May 25, 2023 - Cigna will now require submission of medical notes when a 25 modifier is used on a claim.\nPosted: Tue Apr 25th\nDocument Attached\nBCBSVT Now Requiring Providers to Obtain EIN\nPosted: Sun Jul 25th\nDue to the federal \"transparency in coverage\" rule, BCBSVt is now requiring all providers to obtain and start utilizing an Employer Identification Number (EIN) for billing.\nView All\nClient Testimonial\nTestimonial from Nancy Campbell, MD\n\"Berkshire Medical Management Services has done my billing for me since 2000. I am VERY satisfied with their service and feel the cost is very reasonable. Julie and crew are easy to talk to for patients and staff. BMMS staff go out of their way to be of service and help, even above and beyond the call of duty. They have been honest, open, and effective in their billing. I have no complaints!! I would and do highly recommend Berkshire Medical Management Services without any reservations.\"\nPrivacy Policy\nUnless otherwise noted, all copyrights reserved - Berkshire Medical Management Services\nIf you wish to use any of our content, please contact us for permission.\nWebsite design, hosting and maintenance by\nBerkSites - Berkshire Website Design",
    "http://berkshiremedicalmanagement.com/eff-may-25-2023-cigna-will-now-require-submission-of-medical-notes-when-a-25-modifier-is-used-on-a-": "Eff: May 25, 2023 - Cigna will now require submission of medical notes when a 25 modifier is used on a claim. - Berkshire Medical Management Services\n<![endif]-->\n413 663-7796\n131 Ashland Street\nNorth Adams, MA 01247\n≡ Menu\nHome\nAbout Us\nServices\nFees\nSpecialties\nResources\nContact Us\nOur web site is best viewed with JavaScript enabled.\nEff: May 25, 2023 - Cigna will now require submission of medical notes when a 25 modifier is used on a claim.\nClick here to learn more.\nContact Us\ntoday for more information!\nIndustry News\nEff: May 25, 2023 - Cigna will now require submission of medical notes when a 25 modifier is used on a claim.\nPosted: Tue Apr 25th\nDocument Attached\nBCBSVT Now Requiring Providers to Obtain EIN\nPosted: Sun Jul 25th\nDue to the federal \"transparency in coverage\" rule, BCBSVt is now requiring all providers to obtain and start utilizing an Employer Identification Number (EIN) for billing.\nView All\nClient Testimonial\nTestimonial from David J. Elpern, MD\nMy office has used Berkshire Medical Management Services for our medical billings since 1997. Before that, for a while, we did the billings in-house and it was quite complicated and time-intensive. We have been most pleased with BMMS's service as is confirmed by the fact that we have continued to utilize their services for the past 16 years. Julie Daub and her staff are efficient, courteous, knowledgeable, honest and pleasant. It has been a privilege to work with them over this period of time. They interface with patients over billing issues and I have not had any complaints from patients. I have also been impressed that they keep up to date with the many changes in coding and billing that take place on an almost monthly basis. I would recommend BMMS to any practitioner who wishes to pay more attention to his or her practice and offload the huge headaches involved in billing for services. Sincerely yours,\nPrivacy Policy\nUnless otherwise noted, all copyrights reserved - Berkshire Medical Management Services\nIf you wish to use any of our content, please contact us for permission.\nWebsite design, hosting and maintenance by\nBerkSites - Berkshire Website Design",
    "https://www.berkshiremedicalmanagement.com/news": "News - Berkshire Medical Management Services\n<![endif]-->\n413 663-7796\n131 Ashland Street\nNorth Adams, MA 01247\n≡ Menu\nHome\nAbout Us\nServices\nFees\nSpecialties\nResources\nContact Us\nOur web site is best viewed with JavaScript enabled.\nNews\nEff: May 25, 2023 - Cigna will now require submission of medical notes when a 25 modifier is used on a claim.\nPosted: 04/25/2023\nDocument Attached\nBCBSVT Now Requiring Providers to Obtain EIN\nPosted: 07/25/2021\nDue to the federal \"transparency in coverage\" rule, BCBSVt is now requiring all providers to obtain and start utilizing an Employer Identification Number (EIN) for billing.\nE/M Changes for BCBSMA 2020\nPosted: 12/31/2019\nE/M Changes\nPosted: 01/28/2019\nMedicare has released the results of the CMS Final Rule 2019.  They have announced that the changes to the E/M coding will be effective for Calendar Year 2021.  Currently these codes will remain the same.\nMassHealth Non-Billing Provider Regulation\nPosted: 11/17/2017\nAll physicians who hold an active medical license in Massachusetts must enroll in Mass Health either as billing or non-billing providers – in order to maintain their licensure.\nNew Medicare cards coming in 2018\nPosted: 07/27/2017\nCMS will begin mailing new insurance cards in April 2018, replacing all Medicare cards by the April 2019 congressional deadline.\nRegarding: Record Retention\nPosted: 07/14/2016\nIn order to protect patient records, all offices should have a formal record retention policy in place. This policy should include..\nCongress Limits \"Medigap\" Insurance Policies for Medicare Deductibles\nPosted: 08/20/2015\nMedicare beneficiaries will often purchase \"Medigap\" insurance polies to cover their co-payment and deductible costs after Medicare. However, starting in 2020 Medigap plans will no longer...\nNew Version of CAQH in 2015\nPosted: 01/24/2015\nThe new system is designed to offer features that will increase the ease of use and functionality for providers.\nNew Medicare 59 Modifiers\nPosted: 01/09/2015\nEffective January 1, 2015  -  Medicare has 4 new HCPCS modifiers to define subsets of the modifier 59 \"Distinct Procedural Service\".  Learn More...\nRoutine Forgiveness of Co-Payments\nPosted: 01/01/2014\n2014 Rules for PQRS\nPosted: 12/07/2013\nNew HIPAA Notice of Privacy Practices Begin this Month, Are You Ready?\nPosted: 09/09/2013\nSeptember 23, 2013 is the date that medical practices and other covered entities must update their Notice of Privacy Practices (NPP) to patients in order to be compliant with the HIPAA Omnibus rule enacted in March 2013.\nSequestration Forces 2% Medicare Pay Cut\nPosted: 06/28/2013\nOn March 1, 2013, Congress passed the 2% Medicare Sequestration.  This will effect all claims starting April 1, 2013\nMultiple Procedure Payment Reduction (MPPR) for Selected Therapy Services\nPosted: 06/28/2013\nAs of April 1, 2013, Medicare increased the Multiple Procedure Payment Reduction for selected therapy services to 50% in all settings.\nContact Us\ntoday for more information!\nIndustry News\nEff: May 25, 2023 - Cigna will now require submission of medical notes when a 25 modifier is used on a claim.\nPosted: Tue Apr 25th\nDocument Attached\nBCBSVT Now Requiring Providers to Obtain EIN\nPosted: Sun Jul 25th\nDue to the federal \"transparency in coverage\" rule, BCBSVt is now requiring all providers to obtain and start utilizing an Employer Identification Number (EIN) for billing.\nView All\nClient Testimonial\nTestimonial from Nancy Campbell, MD\n\"Berkshire Medical Management Services has done my billing for me since 2000. I am VERY satisfied with their service and feel the cost is very reasonable. Julie and crew are easy to talk to for patients and staff. BMMS staff go out of their way to be of service and help, even above and beyond the call of duty. They have been honest, open, and effective in their billing. I have no complaints!! I would and do highly recommend Berkshire Medical Management Services without any reservations.\"\nPrivacy Policy\nUnless otherwise noted, all copyrights reserved - Berkshire Medical Management Services\nIf you wish to use any of our content, please contact us for permission.\nWebsite design, hosting and maintenance by\nBerkSites - Berkshire Website Design",
    "https://www.berkshiremedicalmanagement.com/eff-may-25-2023-cigna-will-now-require-submission-of-medical-notes-when-a-25-modifier-is-used-on-a-?ref_url_id=3": "Eff: May 25, 2023 - Cigna will now require submission of medical notes when a 25 modifier is used on a claim. - Berkshire Medical Management Services\n<![endif]-->\n413 663-7796\n131 Ashland Street\nNorth Adams, MA 01247\n≡ Menu\nHome\nAbout Us\nServices\nFees\nSpecialties\nResources\nContact Us\nOur web site is best viewed with JavaScript enabled.\nEff: May 25, 2023 - Cigna will now require submission of medical notes when a 25 modifier is used on a claim.\nClick here to learn more.\nContact Us\ntoday for more information!\nIndustry News\nEff: May 25, 2023 - Cigna will now require submission of medical notes when a 25 modifier is used on a claim.\nPosted: Tue Apr 25th\nDocument Attached\nBCBSVT Now Requiring Providers to Obtain EIN\nPosted: Sun Jul 25th\nDue to the federal \"transparency in coverage\" rule, BCBSVt is now requiring all providers to obtain and start utilizing an Employer Identification Number (EIN) for billing.\nView All\nClient Testimonial\nTestimonial from Nancy Campbell, MD\n\"Berkshire Medical Management Services has done my billing for me since 2000. I am VERY satisfied with their service and feel the cost is very reasonable. Julie and crew are easy to talk to for patients and staff. BMMS staff go out of their way to be of service and help, even above and beyond the call of duty. They have been honest, open, and effective in their billing. I have no complaints!! I would and do highly recommend Berkshire Medical Management Services without any reservations.\"\nPrivacy Policy\nUnless otherwise noted, all copyrights reserved - Berkshire Medical Management Services\nIf you wish to use any of our content, please contact us for permission.\nWebsite design, hosting and maintenance by\nBerkSites - Berkshire Website Design"
  },
  "doc_id": "f1bd14e5-9091-5797-9580-1e3eeb96eb3c"
}