{
  "url": "http://capreit.com",
  "timestamp": 1734847673.6178105,
  "text_by_page_url": {
    "https://www.capreit.com/contact-us/": "CAPREIT Contact | Reach Out to Us\nSkip to content\nMain Navigation\nInvestor Portal\nContact Us\nAbout Us\nAbout Us\nOur History\nExecutive Leadership\nCorporate Social Commitment\nInvestors & Partners\nConstruction\nProperty Management Services\nNews & Press\nCareers\nContact Us\nHere at your service\nFind Us\nNorth Bethesda Home Office\n6116 Executive Blvd, Ste 100\nNorth Bethesda, MD 20852\nPhiladelphia Home Office\n50 South 16th Street, Ste 3575\nPhiladelphia, PA 19102\n(301) 231 – 8700\nSend us a message\nQuestion? Please fill out the form below with your inquiry and one of our specialized associates will get in contact with you promptly.\n\"\n*\n\" indicates required fields\nName\n*\nName\nEmail\n*\nI am a:\nVendor\nPartner\nMessage\n*\nComments\nThis field is for validation purposes and should be left unchanged.\nJoin us in building the\nfuture of real estate.\nGet in Touch\n6116 Executive Blvd., Ste. 100\nNorth Bethesda, MD 20852\n50 South 16th Street, Ste. 3575\nPhiladelphia, PA 19102\n(301) 231 - 8700\nEmail Us\nAbout Us\nCorporate Social Commitment\nOur History\nExecutive Leadership\nConstruction\nInvestors & Partners\nCAPREIT News & Press\nCareers\nContact Us\nPrivacy Policy\nTerms & Conditions\nCopyright © 2024\nPowered by\nGTMA",
    "https://www.capreit.com/about-us/": "CAPREIT | Rental Property Management Experts\nSkip to content\nMain Navigation\nInvestor Portal\nContact Us\nAbout Us\nAbout Us\nOur History\nExecutive Leadership\nCorporate Social Commitment\nInvestors & Partners\nConstruction\nProperty Management Services\nNews & Press\nCareers\nAbout Us\nExceeding expectations for three decades\nFull-Service Leaders in the Multifamily Industry\nCelebrating a Legacy of Excellence\nCAPREIT is a vertically integrated, full-service owner and operator of multifamily apartment communities\n. Our experience is rooted in owning and operating multifamily apartment homes, renovation and construction, third-party management, multifamily acquisitions, and residential real estate investment strategies.\nOur team of experienced professionals brings fierce dedication and high standards to every project. We view each project as part of our legacy within the fabric of the communities in which we work and reside.\nAn integral part of our success is our strong commitment to our core values. We build long-lasting and trusting relationships by maintaining close communication across all channels, taking accountability, practicing full transparency, treating everyone with respect, and working together towards excellence.\nThe Company’s careful management and thoughtful guidance through some of the industry’s most difficult times – the 1998 Long-Term Capital Management crisis, the Great Recession and the COVID-19 pandemic – created a foundation and instilled a resiliency that few others in the industry can match. As a result, CAPREIT boasts some of the most long-standing and solid relationships in the industry. CAPREIT is and has always been a company with whom others want to do business.\nToday, the Company is led by Andrew Kadish (Chief Executive Officer) and Jennifer Kadish Cassell (President). Both joined the Company in the early 2000’s and served in various positions before assuming their current leadership roles. Andrew and Jen used this “start from the bottom” approach to grow into their leadership roles while gaining the respect of the CAPREIT family and outside stakeholders.\nOur Foundations\nProudly serving communities across the country since 1993\nIn 1993, Richard “Dick” Kadish, Ernie Heymann, and Rick Band formed CAPREIT. CAPREIT uses its extensive knowledge of real estate markets to grow its portfolio to over 15,000 multifamily units and counting. Learn how CAPREIT became the innovative property management company we know today.\nOur History\nOur Executive Leaders\nLeading a team of professionals ready to take on new challenges\nOur leaders pave the way toward progress and innovation. Their expertise, integrity, and commitment to all stakeholders is part of what makes CAPREIT unique. Meet our leadership and learn how they’ve impacted the industry.\nMeet Our Leadership\nRichard “Dick” Kadish\n1943 – 2020\nDick Kadish was the founder and Chairman of the Board of Directors of CAPREIT. Prior to founding CAPREIT, Mr. Kadish was Group Executive Vice President-Multifamily Acquisition for CRI where he was responsible for the acquisition of properties having an aggregate value of more than $1.5 billion (representing over 52,000 multifamily units). Previously, he served as a Deputy Attorney General of New Jersey. He also served as counsel to and later as Deputy Executive Director of the New Jersey Housing Finance Agency (now New Jersey Housing and Mortgage Finance Agency). Mr. Kadish was a member of many legal and charitable organizations and served as a director of the National Multifamily Housing Council. He held Juris Doctorate and Master of Arts degrees from Rutgers University and a Bachelor’s degree from the University of Pennsylvania. A beloved husband, devoted father, and loving grandfather, Dick will be remembered for his great love of family, travel, and local sports, particularly the Washington Capitals.\nInvest in the future\nwith us.\nGet in Touch\n6116 Executive Blvd., Ste. 100\nNorth Bethesda, MD 20852\n50 South 16th Street, Ste. 3575\nPhiladelphia, PA 19102\n(301) 231 - 8700\nEmail Us\nAbout Us\nCorporate Social Commitment\nOur History\nExecutive Leadership\nConstruction\nInvestors & Partners\nCAPREIT News & Press\nCareers\nContact Us\nPrivacy Policy\nTerms & Conditions\nCopyright © 2024\nPowered by\nGTMA",
    "https://www.capreit.com/about-us/our-history/": "Our History - Capreit\nSkip to content\nMain Navigation\nInvestor Portal\nContact Us\nAbout Us\nAbout Us\nOur History\nExecutive Leadership\nCorporate Social Commitment\nInvestors & Partners\nConstruction\nProperty Management Services\nNews & Press\nCareers\nOur History\n1993\nDick Kadish founds CAPREIT along with Ernie Heymann and Rick Band\n1996\nCAPREIT expands into owning and managing affordable housing, acquiring 15 properties financed with tax-exempt bonds.\n1997\nCAPREIT sells its owned portfolio of 45 properties to Equity Residential. The $610 Million portfolio sale provided a net profit of over $125 Million to Apollo Real Estate Advisors and CAPREIT.\n1998-2002\nCAPREIT pioneers the Total Rate of Return Swap (TRS) program with Merrill Lynch to finance affordable communities backed by tax-exempt bonds. CAPREIT goes on to acquire over $400 Million of properties in 1998 and the years to follow.\n2010-2013\nCAPREIT acquires the Credit Suisse LIHTC asset management business comprised of 248 properties, totaling over 20,000 units. CAPREIT provides asset management for the entire portfolio and serves as property manager and General Partner for select properties.\n2015-2019\nIn a generational shift of Company leadership, Dick Kadish assumes role as Chairman, Andrew Kadish is promoted to President, Jennifer Kadish Cassell becomes Chief Administrative Officer.\nCAPREIT maintains an aggressive acquisition strategy, teaming with JV partners on purchasing market-rate and affordable properties comprising nearly 8,000 apartments.\n2021\nCAPREIT sells the 6-property “Richmond LIHTC Portfolio” to Nuveen Real Estate, generating a net profit of approximately $100 Million.\n2022\nCAPREIT launches a major push into multifamily ground-up development with over $500 Million in planned new communities in the southeast U.S.\n2023\nCAPREIT signals a new strategic push, naming Andrew Kadish as Chief Executive Officer and Jennifer Kadish Cassell as President.\nCAPREIT sells the 3-property, Affordable Nashville portfolio, realizing a profit of $45 Million.\nCAPREIT enters the build-to-rent market, closing upon a 120-unit BTR development community in Greenville, SC.\n2024 and Beyond\nCAPREIT is poised to enter the next quarter of the century with great fundamentals, experience and a drive to provide excellent workforce and affordable housing in the secondary and tertiary markets of the United States\nJoin us in building the\nfuture of real estate.\nGet in Touch\n6116 Executive Blvd., Ste. 100\nNorth Bethesda, MD 20852\n50 South 16th Street, Ste. 3575\nPhiladelphia, PA 19102\n(301) 231 - 8700\nEmail Us\nAbout Us\nCorporate Social Commitment\nOur History\nExecutive Leadership\nConstruction\nInvestors & Partners\nCAPREIT News & Press\nCareers\nContact Us\nPrivacy Policy\nTerms & Conditions\nCopyright © 2024\nPowered by\nGTMA",
    "https://www.capreit.com/about-us/executive-leadership/": "Executive Leadership - Capreit\nSkip to content\nMain Navigation\nInvestor Portal\nContact Us\nAbout Us\nAbout Us\nOur History\nExecutive Leadership\nCorporate Social Commitment\nInvestors & Partners\nConstruction\nProperty Management Services\nNews & Press\nCareers\nExecutive Leadership\nAndrew S. Kadish\nChief Executive Officer\nAndrew S. Kadish\nChief Executive Officer\nAndrew Kadish is the Chief Executive Officer of CAPREIT and is responsible for setting the strategic direction and culture of the company. Throughout his tenure at CAPREIT, Mr. Kadish has served in a variety of roles, learning a great deal from his predecessor at the company, his father, Dick Kadish. Rather than resting upon the company’s numerous past successes, Mr. Kadish continues to push the envelope, supporting and encouraging his valued team to ascend even greater heights while growing into new investment areas. As an active investor and thought-leader, Mr. Kadish enjoys advising start-ups and early-stage businesses within the real estate, technology and social well-being spaces. Mr. Kadish holds a Juris Doctorate from the Villanova University School of Law. He received his Bachelor of Arts from the University of Pennsylvania. Mr. Kadish is a member of the Bars of New Jersey and Pennsylvania and the Young Presidents’ Organization (YPO).\nConnect with Andrew\nJennifer Kadish Cassell\nPresident\nJennifer Kadish Cassell\nPresident\nJennifer Kadish Cassell is the President of CAPREIT and is responsible for the day-to-day administration of all Company matters, as well as direct responsibility over all legal matters affecting the property management operations of the company’s portfolio. Previously, Ms. Cassell served as an adjunct professor with the American University College of Law. Prior to joining CAPREIT, Ms. Cassell served as a legal intern for the General Counsel’s Office of the National Archives and Records Administration. Ms. Cassell holds a Juris Doctorate from the American University Washington College of Law, a Master of Arts (Art History) from the University of Maryland, and a Bachelor of Arts from Brandeis University. Ms. Cassell is a member of the Bar of Maryland, the American Bar Association, and Chief.\nStephen A. Catarinella\nChief Investment Officer\nStephen A. Catarinella\nChief Investment Officer\nStephen A. Catarinella is the Chief Investment Officer of CAPREIT. During Mr. Catarinella’s tenure with CAPREIT he has been an influential member of the team, having had responsibilities throughout the company including but not limited to managing over $500MM of Market Rate and Affordable Multi-Family Housing transactions, overseeing litigation matters of the company, being extensively involved in construction and service-related projects within the portfolio, securing national contracts, overseeing the formation of strategic business partnerships, and spearheading the implementation of new ideas and tools for the company. Currently, Mr. Catarinella is primarily tasked with assisting in the creation of the development, acquisition, and disposition strategies of the company and implementing such strategies by leading and assisting the transaction teams throughout the entirety of the process. This includes determining the feasibility of any project, as well as a sourcing and working with equity, debt, partners, and third parties necessary for a successful investment. Mr. Catarinella was previously vice president and general counsel of a long-standing real estate firm located in Pittsburgh, PA, and was a litigation associate with a national law firm. Mr. Catarinella received his Juris Doctorate, cum laude, from Villanova University School of Law and his Bachelor of Science in Management, with distinction, from The Pennsylvania State University. Mr. Catarinella is a member of the Bars of New Jersey and Pennsylvania.\nMiguel J. Gutierrez\nChief Operating Officer\nMiguel J. Gutierrez\nChief Operating Officer\nMiguel J. Gutierrez is the Chief Operating Officer of CAPREIT and has broad responsibility for the development and implementation of the company’s business strategy including the operation of the company’s apartment portfolio. Prior to joining CAPREIT in 2015, Mr. Gutierrez provided advisory and business development services to private-sector clients in the real estate, financial services, and default services industries. From 2013 to 2015, Mr. Gutierrez served as Vice President of Portfolio Management for Starwood Waypoint Residential Trust, where he managed the transition of a real estate portfolio in the spinoff from Starwood Property Trust, and integrated operations in the merger between Starwood and Waypoint Homes. Mr. Gutierrez is a Certified Public Accountant and holds a Master of Business Administration (Finance) from the University of Miami and a Bachelor in Science (Accounting) from American University.\nSavas Karas\nChief Technology & Transformation Officer\nSavas Karas\nChief Technology & Transformation Officer\nSavas J. Karas is the Chief Technology & Transformation Officer. Mr. Karas has over thirty years of management and information technology leadership experience across multiple industries. Prior to joining CAPREIT, Mr. Karas was President of Enterprise Solutions Group, a solutions-oriented consulting firm. His focus is on creating world-class teams and a culture that allows staff to thrive. He has extensive experience in the areas of process improvement and creating centers of excellence. His focus is the optimization of people, processes, and technology in creating a data-led, process driven and technology-enabled organization. Mr. Karas is also a noted expert in the implementation and optimization of enterprise resource planning and financial management systems. Mr. Karas holds a Bachelor of Business Administration in Finance and a Masters of Business Administration, with concentrations in Accounting, Management, and Management Information Systems from Loyola University Maryland. He is a Certified Public Accountant (CPA), a Certified Global Managerial Accountant (CGMA), and a Six Sigma Master Black Belt (SSMB). He completed post-graduate work in Taxation and Business Law from American University.\nJ. Chris Pilato III\nChief Development and Construction Officer\nJ. Chris Pilato III\nChief Development and Construction Officer\nAs the Chief Development and Construction Officer at CAPREIT, J. Chris Pilato III, combines a multifaceted educational background with a wealth of experience.  With an impressive track record spanning over 20 years, Mr. Pilato has successfully completed over $250 million worth of construction and development projects. This portfolio encompasses over 120 commercial and residential projects across 23 states, showcasing a national reach and a proven ability to navigate diverse regulatory environments.\nAt the helm of CAPREIT’s Development and Construction Division, Mr. Pilato has demonstrated exceptional leadership, overseeing all national construction contracts with an unwavering commitment to quality and efficiency. His expertise extends to meticulous budgeting, ensuring financial prudence in every project undertaken. A leader in strategic planning, Mr. Pilato plays a pivotal role in shaping the future trajectory of CAPREIT, aligning construction and development initiatives with the broader corporate strategy.\nBeyond the numbers, Mr. Pilato is recognized for his ability to foster collaboration among cross-functional teams, driving innovation and ensuring that every project reflects the highest standards of craftsmanship. His leadership style blends a profound understanding of the industry with a forward-thinking approach, positioning CAPREIT as a trusted name in the construction and development arena.\nMr. Pilato holds a Juris Doctorate from Villanova University School of Law, a Master of Business Administration from Villanova University, and a Bachelor of Science in Business Administration, cum laude, from Villanova University. Mr. Pilato is a member of the Bar of New York.\nIra Strassberg\nChief Financial Officer\nIra Strassberg\nChief Financial Officer\nMr. Strassberg brings over 30 years of industry leadership, finance experience and accounting expertise to CAPREIT.  He has held senior-level commercial real estate finance, financial services, and consulting positions.  He was Chief Financial Officer of Berkeley Point Capital (now part of Newmark – NASDAQ: NMRK), Walker & Dunlop (NYSE: WD), and Cantor Commercial Real Estate Company, L.P., as well as Deputy Chief Financial Officer of Cantor Fitzgerald, L.P.  Mr. Strassberg also served as Senior Vice President and Chief Financial Officer of Fannie Mae’s Multifamily division.  His experience with complex commercial transactions enabled him to hold senior roles in audit at KPMG, and he was a Managing Director at KPMG Consulting, serving domestic and international clients.  He previously served on the Board of Directors of Continental Building Products, Inc. (NYSE: CBPX). He earned his B.S. in Accounting from Georgetown University and continues to serve on the Alumni Advisory Board of Students of Georgetown, Inc. (“The Corp”).  Mr. Strassberg is a Certified Public Accountant, Certified Management Accountant, and Certified Global Management Accountant.\nConnect with Ira\nRick J. Band\nExecutive Director - Investments\nRick J. Band\nExecutive Director - Investments\nRick J. Band is Executive Director, Investments and was one of CAPREIT’s original founders.\nWith over three decades of experience working in multifamily real estate, Mr. Band, together with the Company’s Chief Investment Officer, leads the Company’s investment team in all facets of the acquisition, financing and disposition process, including sourcing, valuing and negotiating both single asset and portfolio acquisitions, as well as overseeing all property refinancings and dispositions. Additionally, Mr. Band works with the Company’s Chief Investment Officer to develop and implement strategies to continue to expand the Company’s activities in the multifamily arena to include the acquisition and repositioning of affordable, workforce and market rate multifamily properties thru value‐add renovations and management repositioning, as well as expanding the Company’s acquisition activities in the Build-To-Rent space.\nPrior to joining CAPREIT in December 1992, Mr. Band served as Vice President of BRW and Associates where he sourced, structured and closed on the acquisition of various types of real estate properties for purposes of providing the clients of the firm with the opportunity to expand their investment portfolios to include proprietary real estate offerings. Mr. Band started his career as an analyst in the Real Estate/Tax Department of Reznick, Fedder and Silverman, PC after receiving a BS in Accounting from the University of Florida Fisher School of Accounting.\nChris McParland\nGeneral Counsel\nChris McParland\nGeneral Counsel\nChristopher McParland is the General Counsel of CAPREIT, where he provides comprehensive legal guidance and strategic advice to the company and directly oversees all legal matters affecting the company and the real estate investment portfolio.  Prior to joining CAPREIT, Mr. McParland served as the career law clerk for Hon. Edward A. Godoy of the Bankruptcy Court for the District of Puerto Rico.  Before undertaking his clerkship, Mr. McParland practiced in the New York office of Kasowitz Benson Torres LLP, where he focused on real estate, complex civil and business litigation, products liability and employment matters.  Mr. McParland holds a J.D. from the University of Virginia School of Law and a B.A. in Psychology from Princeton University.  Mr. McParland is a member of the bars of the State of New York and the District of Puerto Rico.\nConnect with Chris\nDawn Coggins\nSenior Vice President – Property Management\nDawn Coggins\nSenior Vice President – Property Management\nDawn Coggins is the Senior Vice President of Property Management and is responsible for overseeing the overall management and operation of CAPREIT’s portfolio throughout the United States. Ms. Coggins is responsible for the oversight of all property management initiatives to promote optimal performance throughout the portfolio and provides strategic leadership and oversight of all activities, including property operations, financial planning, product marketing, staff selection, and management. Ms. Coggins received a CAPS (Certified Apartment Portfolio Supervisor) designation from the National Apartment Association (NAA). Prior to joining the company in 1994, Ms. Coggins was employed by CRI where she served as a property manager for several communities.\nDanielle Cooney\nSenior Vice President – Operations\nDanielle Cooney\nSenior Vice President – Operations\nDanielle Cooney is the Senior Vice President of Operations. Ms. Cooney oversees several departments and an apartment portfolio. Ms. Cooney develops, tests and documents processes, delivering strategies that accelerate value creation and efficiency in the operation of CAPREIT’s portfolio. Prior to joining CAPREIT in 2015, Ms. Cooney maintained a career in executive management for owned and fee-managed companies consisting of apartments and single-family homes. The most recent was the Vice President of Property Management for Starwood Waypoint – Sway Management, LLC, overseeing the management of over 10,000 single-family homes. As an active leader within the multifamily industry, Ms. Cooney is a Certified Property Manager (CPM), Certified Apartment Manager (CAM), and a Housing Credit Certified Professional (HCCP). Ms. Cooney is a licensed real estate broker in multiple states and a licensed community association manager in Florida. Ms. Cooney holds a Bachelor of Science in Business Management from Peirce University.\nJeff Cox\nSenior Vice President - Acquisitions\nJeff Cox\nSenior Vice President - Acquisitions\nJeff Cox is the Senior Vice President of Acquisitions for CAPREIT.  Responsibilities include procurement of existing multifamily projects, procurement of land and entitlement opportunities and a specific focus Build For Rent projects pre and post development.  Mr. Cox has had a 30-year career in real estate development and has been involved in all facets of the business.  Mr. Cox has been largely focused on residential real estate development from land acquisitions, land planning, entitlements, site work, amenity planning, product development, marketing, sales, leasing, and vertical construction management.  Mr. Cox has a Bachelors of Science Degree from Towson University.\nConnect with Jeff\nSarah Khu\nSenior Vice President – Human Resources\nSarah Khu\nSenior Vice President – Human Resources\nSarah Khu is the Senior Vice President of Human Resources at CAPREIT and is responsible for guiding the company’s human resources strategies, specifically employee relations, payroll, benefits, compensation, recruiting, and talent development. Prior to joining the company in 2016, Ms. Khu served as Equity Residential’s Human Resources Director for over 1,300 employees located in the Northeast. In addition to working in the property management industry, Ms. Khu held various leadership positions in human resources at State Farm, as well as a number of IPO and Pre-IPO companies in the Silicon Valley of Northern California. Ms. Khu has twenty-five years of experience in human resources and holds a Bachelor of Science from the University of Maryland, College Park, and a Professional in Human Resources Certification from HR Certification Institute.\nElizabeth Stewart\nSenior Vice President – Finance\nElizabeth Stewart\nSenior Vice President – Finance\nElizabeth Stewart is the Senior Vice President of Finance and Controller of CAPREIT and is responsible for the oversight and coordination of all finance and property accounting functions of the Company. Ms. Stewart was responsible for spearheading the move to a paperless environment for the corporate and property accounting groups as well as moving corporate and property accounting to the same software platform to streamline reporting capabilities and increase efficiencies. Ms. Stewart successfully reduced staffing needs while still meeting reporting deadlines. Ms. Stewart is an experienced leader in the Finance and Accounting industry with an emphasis on team building, improving internal controls, and streamlining processes and procedures. She has extensive experience in implementing new software platforms to improve the efficiency and accuracy of financial reporting. Prior to joining CAPREIT in 2012, Ms. Stewart was Senior Vice President and Controller at IBG Partners, LLC. Ms. Stewart is a graduate of the University of Maryland with a Bachelor of Science in Accounting and is a Certified Public Accountant.\nInvest in the future\nwith us.\nGet in Touch\n6116 Executive Blvd., Ste. 100\nNorth Bethesda, MD 20852\n50 South 16th Street, Ste. 3575\nPhiladelphia, PA 19102\n(301) 231 - 8700\nEmail Us\nAbout Us\nCorporate Social Commitment\nOur History\nExecutive Leadership\nConstruction\nInvestors & Partners\nCAPREIT News & Press\nCareers\nContact Us\nPrivacy Policy\nTerms & Conditions\nCopyright © 2024\nPowered by\nGTMA",
    "https://www.capreit.com/about-us/corporate-social-commitment/": "Corporate Social Commitment - Capreit\nSkip to content\nMain Navigation\nInvestor Portal\nContact Us\nAbout Us\nAbout Us\nOur History\nExecutive Leadership\nCorporate Social Commitment\nInvestors & Partners\nConstruction\nProperty Management Services\nNews & Press\nCareers\nCorporate Social Commitment\nGiving back to our communities\nOur mission \r\nis to drive a positive impact for all of our stakeholders—\nemployees, investors, residents, vendor partners, and the outside world. CAPREIT employees collectively ensure that all actions taken at the community level as well as in our corporate offices forge ahead sustainable, long-term growth for the multifamily housing industry and our world.\nOur Commitments\nThe Environment\nCAPREIT has an ambitious strategy to systematically shift towards sustainable living environments. To that end, company employees at all levels are instructed that actions must be taken within the prism of promoting a better world. For example, CAPREIT enacts water conservation policies at all communities, institutes paperless work initiatives, and installs environmentally-friendly lighting across the portfolio and office environments.\nGovernance\nExceptional governance is the hallmark of the CAPREIT corporate legacy. CAPREIT’s leadership enacts and adheres to policies that ensure the company serves its stakeholders responsibly and acts with the utmost integrity.\nWe demonstrate our commitment to enhancing the quality of life of our residents and employee/stakeholder satisfaction through resident engagement practices and social responsibility support services that are tailored to each property.\nSocial\nCAPREIT seeks to treat all people with the highest degree of respect and care. CAPREIT made extensive renovations to our corporate headquarters, recently awarded the\nWELL certification\n, signifying a built environment that positively impacts human health and wellbeing. Further, CAPREIT has an annual Employee Mental Health Day, a company-wide holiday that recognizes that employees need time off from work to relieve stress and prevent burnout.\nOur Volunteer Initiatives\nGiving back to our world\nOur CAPREIT Cares program is designed to make a positive change in our communities and the outside world. CAPREIT employs a variety of methods to maximize positive social change. For example, CAPREIT routinely supports local and national nonprofits and advocacy agencies to foster their on-the-ground efforts. Additionally, the company annually hosts company-wide initiatives like Good Deeds Day, and FAN (Friends and Neighbors) Day, in which CAPREIT employees work together to effect positive change in our communities.\nCAPREIT is committed to our communities and cares for those residing within them and beyond!\nOur Corporate Social Responsibility measures stem from four primary pillars. These include:\nEconomic Impact\nEnvironmental Consciousness\nEthical Practices\nPhilanthropic Engagement\nCorporate – Church Giving\nNortheast Region – Giving Back Resident Program\nCentral Region – Feed My Starving Children\nMid-Atlantic Region – Zoo Volunteers\nMid-West Region – Salvation Army\nMid-Atlantic Region – Foodbank\nCentral Region – Kindness Bags for the Homeless\nCentral Region – Autism Awareness walk\nimg_4622\nMid-Atlantic Region – Foodbank Donations\nConference 2024 / Mid-West region, Central Florida Boys and Girls Club\nMid-Atlantic Region – Habitat for Humanity\nMid-West Region – Animal Shelter\nMid-West Region – AAGK golf classic\nDiversity, Equity & Inclusion\nOur diversity mission is to embrace and foster an inclusive workplace. Our commitment is to expand awareness by understanding and celebrating differences. This mission aims to create self-awareness, dispel stereotypes, and spotlight individuals who champion diversity, equity, and inclusion.\nCAPREIT believes in a world that is inclusive in its approach and where equal opportunities and equitable outcomes exist for all. CAPREIT is committed to developing and supporting a robustly diverse, equitable, and inclusive community, where all team members create and feel a sense of belonging. At CAPREIT, we celebrate our differences.\nCAPREIT is WELL Certified™ at the Gold level\nCAPREIT is WELL Certified™ at the Gold level. The WELL Core Certification exemplifies CAPREIT’s dedication to its employees, the highest pinnacle of achievement of strategies across all 10 WELL concepts for core and shell commercial buildings. Locations pursuing WELL Core Certification earn points based on performance outcomes for various policy, design, and operational strategies. Our features include access to clean air and water, optimized lighting, a wellness room, bicycle storage, a fitness center, and sustainable materials, to name a few. Tenants in a WELL Certified Core building will feel confident that the class-A real estate space was designed with their health and well-being top of mind.\nJoin us in building the\nfuture of real estate.\nGet in Touch\n6116 Executive Blvd., Ste. 100\nNorth Bethesda, MD 20852\n50 South 16th Street, Ste. 3575\nPhiladelphia, PA 19102\n(301) 231 - 8700\nEmail Us\nAbout Us\nCorporate Social Commitment\nOur History\nExecutive Leadership\nConstruction\nInvestors & Partners\nCAPREIT News & Press\nCareers\nContact Us\nPrivacy Policy\nTerms & Conditions\nCopyright © 2024\nPowered by\nGTMA",
    "https://www.capreit.com/investors-partners/": "CAPREIT Investor & Partners | Asset Management Solutions\nSkip to content\nMain Navigation\nInvestor Portal\nContact Us\nAbout Us\nAbout Us\nOur History\nExecutive Leadership\nCorporate Social Commitment\nInvestors & Partners\nConstruction\nProperty Management Services\nNews & Press\nCareers\nInvestors & Partners\nMultifamily Real Estate Investment Group\nPartner with CAPREIT\nMultifamily Investing with CAPREIT\nCAPREIT is a distinguished leader in the multifamily industry. Over the last 30 years, the Company completed the acquisition and disposition of more than $6.2 BB of multifamily transactions. CAPREIT’s diverse group of equity partners includes major financial institutions and private investment funds, as well as family offices and high net worth individuals. The Company consistently generates above-market returns through multiple market cycles. In placing the needs of its partners at the forefront of its decision-making process, CAPREIT fosters long-term and profitable relationships.\nCAPREIT’s vertically-integrated approach provides due diligence, acquisition, renovation and construction, development, property management, and asset management services. In addition, its full-service accounting and legal professionals prudently manage partners’ investments to maximize profits and returns.\nCAPREIT’s experienced investments team leverages its extensive network of relationships with owners, lenders, investors, brokers, and other industry professionals to identify attractive acquisition and development opportunities. The team develops strategic business plans in conjunction with its operations team to deliver superior results. With its long-term track record and commitment to excellence, CAPREIT serves as a partner of choice for sophisticated investors in the multifamily industry.\nOur Successful Track Record\n$\n0\nBillion\nIn Aggregate Transaction Value\n0\nUnits Acquired or Developed\nCAPREIT Success Stories\nRichmond, VA Affordable Housing Portfolio\nIn April 2016, CAPREIT acquired a five-property portfolio comprising nearly 1,000 units within the Richmond, Virginia MSA for an aggregate purchase price of $68,500,000 ($70,041/unit). All five communities were subject to the federal Low Income Housing Tax Credit (“LIHTC”) program’s rental restrictions and encumbered with senior mortgage debt provided through Virginia Housing Development Authority (now Virginia Housing). Equity was funded by Fundamental Advisors and CAPREIT. The investment strategy was twofold: first, CAPREIT identified Richmond, VA as a market with an undersupply of affordable and workforce housing; and second, CAPREIT installed superior property management to a previously underperforming portfolio. In October 2021, CAPREIT sold the portfolio, distributing a significant profit to its equity partners.\nThe Addison Apartments – Shakopee (Minneapolis MSA), MN\nCAPREIT acquired Shenandoah Apartments, a 202-unit market-rate community located in Shakopee, Minnesota (a growing suburb southwest of Minneapolis) for $18,975,000 ($93,935/unit) in May 2011.\nCAPREIT capitalized the property with a loan from NY Life Insurance Company and equity from The Praedium Group and CAPREIT partners. Upon acquisition, CAPREIT rebranded the community as “The Addison” and implemented an extensive renovation program greatly enriching The Addison’s overall appeal. These improvements included: enhancing the exterior building envelope and overall curb appeal, updating the clubhouse and amenities, and improving the living areas with a moderate in-unit renovation strategy.\nThe initial acquisition included an adjacent parcel in which CAPREIT built an additional eighty-eight apartment homes. In March 2016, the now 290-unit property was sold for $47,500,000, netting a significant profit to the investor group.\nMetro on 5th – St. Charles (St. Louis), MO\nIn April 2015, CAPREIT acquired Metro on 5th (formerly Time Centre), a 572-unit apartment community located in St. Charles County, a western suburb of St. Louis. CAPREIT acquired the 1986 vintage property for $41,000,000 ($71,678/unit), capitalized with a loan from Fannie Mae originated through Newmark Group, with equity provided by Fundamental Advisors and CAPREIT. Recognizing the rapidly improving surrounding area and the shortage of quality apartments in the St. Louis MSA, CAPREIT rebranded the community to “Metro on 5th” and implemented an ambitious renovation plan with a $15 million exterior and interior renovation program. The Company executed a renovation strategy designed to provide residents with modern amenities and upscale living spaces. In 2019, CAPREIT recapitalized the initial equity from Fundamental Advisors with new equity from Principal Financial Group. The transaction secured significant profits for Fundamental Advisors and CAPREIT while maintaining an ongoing ownership stake in the community.\nMinneapolis Grand – Minneapolis, MN\nCAPREIT acquired Minneapolis Grand, a ninety-unit mid-rise building located in downtown Minneapolis, for $11,150,000 ($123,889/unit) in December 2013. CAPREIT capitalized the acquisition of the property with a loan from Fifth Third Bank and equity from Silverpeak, private high net worth individuals, and CAPREIT partners. The acquisition of Minneapolis Grand included approximately 22,000 square feet of mostly vacant ground level retail space. To strategically reposition the asset, CAPREIT converted the 22,000 square feet of retail space into twenty-two residential apartments, undertook significant exterior façade upgrades, and completed other enhancements including interior hallway upgrades. The renovation team improved common areas for the residents with the installation of a fitness center, entertainment and game rooms, and business and conference rooms. CAPREIT built a leasing center to modernize and streamline the resident experience. In March 2018, the property sold for $18,000,000, with the equity group securing more than double its original investment.\nPrevious\nNext\nCommitted Partners\nReal Estate Finance and Investments\nWhen you choose to partner with CAPREIT, you can expect an approachable partner with extensive knowledge in residential development transactions. Our business development team works with integrity and candor in every transaction. With decades of experience with many investment partners, CAPREIT’s team has closed over $6 billion in transactions.\nGet in Touch\nInvestor Portal\nLogin to the portal to access your investor dashboard.\nInvestor Portal\nInvest in the future\nwith us.\nGet in Touch\n6116 Executive Blvd., Ste. 100\nNorth Bethesda, MD 20852\n50 South 16th Street, Ste. 3575\nPhiladelphia, PA 19102\n(301) 231 - 8700\nEmail Us\nAbout Us\nCorporate Social Commitment\nOur History\nExecutive Leadership\nConstruction\nInvestors & Partners\nCAPREIT News & Press\nCareers\nContact Us\nPrivacy Policy\nTerms & Conditions\nCopyright © 2024\nPowered by\nGTMA",
    "https://www.capreit.com/property-management-services/": "CAPREIT | Residential Property Management\nSkip to content\nMain Navigation\nInvestor Portal\nContact Us\nAbout Us\nAbout Us\nOur History\nExecutive Leadership\nCorporate Social Commitment\nInvestors & Partners\nConstruction\nProperty Management Services\nNews & Press\nCareers\nProperty Management\n& Other Services\nProperty Management\nExperts In Real Estate\nCAPREIT has a proven track record of end-to-end real estate operations by providing extraordinary service to its residents and partners.\nPartner With Us\nOther Services\nThird-Party Property Management Services\nWe provide comprehensive property management services with extensive experience in managing a wide variety of properties, including market-rate, BTR, tax credit, and tax-exempt bond communities. We understand the needs of specialized markets, are adaptable to changing trends, and utilize the latest in multifamily technology to optimize property performance.\nWe are committed to delivering exceptional service and adding value to every property we manage.\nThird-Party Management Services\nApartment Lease-Up\nCAPREIT has extensive experience in lease-up apartment communities. We are your partner in lease-up from the initial loan underwriting, architectural planning and building design, to the research, branding, and marketing. We implement proactive marketing strategies for each property, including a brand awareness campaign, photo & video marketing, online optimizations, and lead generation to strategically position the asset ahead of the market.\nApartment Lease-Up\nDue Diligence Services\nWe offer extensive due diligence services to make informed investment decisions.  CAPREIT provides budget research and assistance, market research, financial analysis, risk assessment, property inspections, preventative maintenance plans, and capital investment projects.\nDue Diligence Services\nAsset Management\nCAPREIT’s asset management team focuses on increasing value in our portfolio. We develop customized management solutions to align with investment goals, maximize NOI, and optimize the resident experience. Our process begins with market analysis and continues through oversight of finance, legal, construction, insurance, tax, property management, and disposition matters. Our revenue management program empowers our teams to make cost-effective improvement plans and create accurate projections for rent increases.\nAsset Management\nCommunities Owned and Operated\nYour location\nRegional Locations\nRichmond, VA\nThe Richmond Regional Office supports CAPREIT Communities in the Mid-Atlantic States – DE, DC, MD, NY, PA, & VA.\nRichmond, VA\nMinneapolis, MN\nThe Minneapolis Regional Office supports CAPREIT communities in IA and MN.\nMinneapolis, MN\nSt. Louis, MO\nThe St. Louis Regional Office supports CAPREIT communities in MO.\nSt. Louis, MO\nWashington, D.C.\nThe North Bethesda Corporate Office supports all CAPREIT communities.\nNorth Bethesda, MD\nNashville, TN\nThe Nashville Regional Office supports CAPREIT communities in NC and TN.\nNashville, TN\nOrlando, FL\nThe Orlando Regional Office supports CAPREIT Communities in FL & SC.\nOrlando, FL\nIndianapolis, IN\nThe Indianapolis Regional Office supports CAPREIT Communities in IN & KY.\nIndianapolis, IN\nJoin us in building the\nfuture of real estate.\nGet in Touch\n6116 Executive Blvd., Ste. 100\nNorth Bethesda, MD 20852\n50 South 16th Street, Ste. 3575\nPhiladelphia, PA 19102\n(301) 231 - 8700\nEmail Us\nAbout Us\nCorporate Social Commitment\nOur History\nExecutive Leadership\nConstruction\nInvestors & Partners\nCAPREIT News & Press\nCareers\nContact Us\nPrivacy Policy\nTerms & Conditions\nCopyright © 2024\nPowered by\nGTMA",
    "https://www.capreit.com/news-press/": "CAPREIT Property Management | Latest News and Updates\nSkip to content\nMain Navigation\nInvestor Portal\nContact Us\nAbout Us\nAbout Us\nOur History\nExecutive Leadership\nCorporate Social Commitment\nInvestors & Partners\nConstruction\nProperty Management Services\nNews & Press\nCareers\nNews & Press\nCAPREIT’s Andrew Kadish and Jennifer Kadish Cassell Recognized as Multifamily Influencers\nCAPREIT, a fully integrated real estate operating company responsible for the ownership and management of more than $6 billion of multifamily assets, today announced that […]\nRead More…\nfrom CAPREIT’s Andrew Kadish and Jennifer Kadish Cassell Recognized as Multifamily Influencers\nAll Tags\nConstruction\nPets\nMemphis\nFlorida\nBuild\nMarket\nBaltimore\nMiami\n2017\nYork\nNew\nManagement\nAffordable\n2019\nAcquisition\n2018\nLeadership\nAmenities\nTechnology\nExpansion\n2016\nMarketing\nRenovations\nAll\nFollow us on LinkedIn to stay up-to-date with the latest at CAPREIT\nConnect Now\nCAPREIT’s Andrew Kadish and Jennifer Kadish Cassell Recognized as Multifamily Influencers\nCAPREIT, a fully integrated real estate operating company responsible for the ownership and management of more than $6 billion of multifamily assets, today announced that […]\nRead More…\nfrom CAPREIT’s Andrew Kadish and Jennifer Kadish Cassell Recognized as Multifamily Influencers\nCreating a Robust Company Culture\nCulture. It seems so simple and so profound at the same time. Almost every operator in the apartment industry celebrates the merits of a strong […]\nRead More…\nfrom Creating a Robust Company Culture\nHow to Decide If a Technology Is Right for Your Company\nImagine purchasing a sporty new sedan. It accelerates like no other, is unmatched on the open road and always draws admiration. Problem is, you live […]\nRead More…\nfrom How to Decide If a Technology Is Right for Your Company\nCAPREIT Sets Sights on BTR\nFor over three decades, CAPREIT has been a vertically integrated owner and operator of multifamily housing. The company, based in North Bethesda, Maryland, owns and/or […]\nRead More…\nfrom CAPREIT Sets Sights on BTR\nMultifamily Success Requires Solid Teams\nMultifamily faces challenges in attracting and retaining residents in the midst of growing competition, and they can ill afford an uphill battle to keep employees. […]\nRead More…\nfrom Multifamily Success Requires Solid Teams\nStreamlining the Leasing Process with AI and Modern Technology\nThe pandemic gave operators a nudge to embrace cutting-edge technology solutions like never before, and experts say the sector now has entered an era in which […]\nRead More…\nfrom Streamlining the Leasing Process with AI and Modern Technology\nCAPREIT’s Jennifer Kadish Cassell Recognized as Woman of Influence\nCAPREIT, a fully integrated real estate operating company responsible for the ownership and management of more than $5 billion of multifamily assets, today announced that […]\nRead More…\nfrom CAPREIT’s Jennifer Kadish Cassell Recognized as Woman of Influence\nBalancing Act: The State of Multifamily Construction\nIt’s no secret that residential development is cyclical, and the multifamily sector is currently experiencing mixed conditions with steady supply coming online and lower starts. […]\nRead More…\nfrom Balancing Act: The State of Multifamily Construction\nTechnological Success Needs a Thoughtful Approach\nAround 50% of multifamily technology projects are ultimately left uncompleted. At a time when technological solutions can be a boost to leasing success, project planning, execution […]\nRead More…\nfrom Technological Success Needs a Thoughtful Approach\nPosts navigation\n1\n2\n3\n…\n10\n›\nJoin us in building the\nfuture of real estate.\nGet in Touch\n6116 Executive Blvd., Ste. 100\nNorth Bethesda, MD 20852\n50 South 16th Street, Ste. 3575\nPhiladelphia, PA 19102\n(301) 231 - 8700\nEmail Us\nAbout Us\nCorporate Social Commitment\nOur History\nExecutive Leadership\nConstruction\nInvestors & Partners\nCAPREIT News & Press\nCareers\nContact Us\nPrivacy Policy\nTerms & Conditions\nCopyright © 2024\nPowered by\nGTMA",
    "https://www.capreit.com/careers/": "Real Estate Careers at CAPREIT | Join Our Team Today\nSkip to content\nMain Navigation\nInvestor Portal\nContact Us\nAbout Us\nAbout Us\nOur History\nExecutive Leadership\nCorporate Social Commitment\nInvestors & Partners\nConstruction\nProperty Management Services\nNews & Press\nCareers\nCAPREIT Careers\nJoin Our Team\nA Bright Future Lies Ahead\nBecome an essential member of the CAPREIT family! At CAPREIT, we provide our team members with training, tools, education, and support to build a successful career in real estate and property management. Every day, we commit ourselves to our communities–whether it be at a specific CAPREIT community or in the greater community in which we live. Our culture focuses upon creating an inclusive work environment where each day provides an opportunity to make a difference. Find your passion and perfect opportunity with CAPREIT.\nCAPREIT is an equal opportunity employer and does not discriminate against any employee or applicant based on age, color, disability, gender, national origin, race, religion, sexual orientation, veteran status, or any classification.\nThis policy applies to all terms and conditions of employment, including compensation, hiring, layoffs, leaves of absence, placement, promotion, recalls, recruiting, termination, transfer, and training.\nThe CAPREIT Culture\nAn extraordinary place to work\nCAPREIT boasts a fantastic team, strong leaders, and a united sense of purpose.\nOur Core Values\nguides our team members to treat one another with respect and support. We are dedicated to doing business with integrity and compassion.\nCAPREIT careers offer a diverse work culture and a chance to enjoy what you do while making a difference within your community. Company events, employee appreciation weeks, annual conferences, and community service opportunities are abundant. Investment in personal and professional growth including real estate career development planning, customized training programs, and ongoing industry education occurs on a frequent basis.\nPerks & Benefits\nHealth, Wellness, & Support\nMedical/Dental/Vision\nEmployee Assistance Fund – the CAPREIT Employees 1st Fund provides assistance to CAPREIT Employees who have been struck by disasters or hardships.\nRegional Office Support – we have regional hubs for support for our on-site teams.\nLife Insurance – employer-sponsored life insurance provided and voluntary supplemental life insurance available for employees, spouses, and children.\nShort and Long-Term Disability Insurance – employer-sponsored\nFree Teledoc Visits – no co-pay\nFlexible Spending Account – choose from Medical or Dependent Care FSA options.\nWork-Life Balance & Celebrations\n8+ holidays off per year\nPaid Time Off – vacation and sick time available for full-time employees.\nBirthday off (paid) – take your birthday off on us!\nEmployee Appreciation Week – we dedicate one whole week to celebrate our employees.\nAnnual Manager Awards – our managers win awards for showcasing their CAPREIT Core Values.\nMental Health Day\nSetting You Up for Success\nCommitment to training and development – customized training from day one for your position!\nRetirement savings – matching up to 3%.\nCommissions and bonuses – our communities pay commissions and bonuses.\nHousing discount – discounted housing at CAPREIT communities.\nEmployee referral bonus – refer a friend and receive a bonus!\nDISCLAIMER: Must meet eligibility requirements for benefits and programs. Perks are available for specific employment types.\nOur 6-Stage Candidate Journey\nApply & Resumé Review\nPhone or Video Interview\nIn-Person Interview\nInternal Review\nOffer & Background Check\nFirst Day with your New CAPREIT Family\nFind Your New Career Opportunity\nJoin us in building the\nfuture of real estate.\nGet in Touch\n6116 Executive Blvd., Ste. 100\nNorth Bethesda, MD 20852\n50 South 16th Street, Ste. 3575\nPhiladelphia, PA 19102\n(301) 231 - 8700\nEmail Us\nAbout Us\nCorporate Social Commitment\nOur History\nExecutive Leadership\nConstruction\nInvestors & Partners\nCAPREIT News & Press\nCareers\nContact Us\nPrivacy Policy\nTerms & Conditions\nCopyright © 2024\nPowered by\nGTMA",
    "http://capreit.com/property-management-services": "CAPREIT | Residential Property Management\nSkip to content\nMain Navigation\nInvestor Portal\nContact Us\nAbout Us\nAbout Us\nOur History\nExecutive Leadership\nCorporate Social Commitment\nInvestors & Partners\nConstruction\nProperty Management Services\nNews & Press\nCareers\nProperty Management\n& Other Services\nProperty Management\nExperts In Real Estate\nCAPREIT has a proven track record of end-to-end real estate operations by providing extraordinary service to its residents and partners.\nPartner With Us\nOther Services\nThird-Party Property Management Services\nWe provide comprehensive property management services with extensive experience in managing a wide variety of properties, including market-rate, BTR, tax credit, and tax-exempt bond communities. We understand the needs of specialized markets, are adaptable to changing trends, and utilize the latest in multifamily technology to optimize property performance.\nWe are committed to delivering exceptional service and adding value to every property we manage.\nThird-Party Management Services\nApartment Lease-Up\nCAPREIT has extensive experience in lease-up apartment communities. We are your partner in lease-up from the initial loan underwriting, architectural planning and building design, to the research, branding, and marketing. We implement proactive marketing strategies for each property, including a brand awareness campaign, photo & video marketing, online optimizations, and lead generation to strategically position the asset ahead of the market.\nApartment Lease-Up\nDue Diligence Services\nWe offer extensive due diligence services to make informed investment decisions.  CAPREIT provides budget research and assistance, market research, financial analysis, risk assessment, property inspections, preventative maintenance plans, and capital investment projects.\nDue Diligence Services\nAsset Management\nCAPREIT’s asset management team focuses on increasing value in our portfolio. We develop customized management solutions to align with investment goals, maximize NOI, and optimize the resident experience. Our process begins with market analysis and continues through oversight of finance, legal, construction, insurance, tax, property management, and disposition matters. Our revenue management program empowers our teams to make cost-effective improvement plans and create accurate projections for rent increases.\nAsset Management\nCommunities Owned and Operated\nYour location\nRegional Locations\nRichmond, VA\nThe Richmond Regional Office supports CAPREIT Communities in the Mid-Atlantic States – DE, DC, MD, NY, PA, & VA.\nRichmond, VA\nMinneapolis, MN\nThe Minneapolis Regional Office supports CAPREIT communities in IA and MN.\nMinneapolis, MN\nSt. Louis, MO\nThe St. Louis Regional Office supports CAPREIT communities in MO.\nSt. Louis, MO\nWashington, D.C.\nThe North Bethesda Corporate Office supports all CAPREIT communities.\nNorth Bethesda, MD\nNashville, TN\nThe Nashville Regional Office supports CAPREIT communities in NC and TN.\nNashville, TN\nOrlando, FL\nThe Orlando Regional Office supports CAPREIT Communities in FL & SC.\nOrlando, FL\nIndianapolis, IN\nThe Indianapolis Regional Office supports CAPREIT Communities in IN & KY.\nIndianapolis, IN\nJoin us in building the\nfuture of real estate.\nGet in Touch\n6116 Executive Blvd., Ste. 100\nNorth Bethesda, MD 20852\n50 South 16th Street, Ste. 3575\nPhiladelphia, PA 19102\n(301) 231 - 8700\nEmail Us\nAbout Us\nCorporate Social Commitment\nOur History\nExecutive Leadership\nConstruction\nInvestors & Partners\nCAPREIT News & Press\nCareers\nContact Us\nPrivacy Policy\nTerms & Conditions\nCopyright © 2024\nPowered by\nGTMA",
    "https://www.capreit.com/creating-a-robust-company-culture/": "Creating a Robust Company Culture - Capreit\nSkip to content\nMain Navigation\nInvestor Portal\nContact Us\nAbout Us\nAbout Us\nOur History\nExecutive Leadership\nCorporate Social Commitment\nInvestors & Partners\nConstruction\nProperty Management Services\nNews & Press\nCareers\nCreating a Robust Company Culture\nPosted on\nOctober 14, 2024\nCulture. It seems so simple and so profound at the same time.\nAlmost every operator in the apartment industry celebrates the merits of a strong culture, and many proudly claim to have it at their organization. But what truly makes up a vibrant company culture beyond just a mantra or catchy slogan that resonates deeply with associates?\nHere is a look at some of the key drivers of a thriving culture, all centered around one common theme—showing associates that you genuinely care about them.\nRead Full Article\nPost navigation\nHow to Decide If a Technology Is Right for Your Company\nCAPREIT’s Andrew Kadish and Jennifer Kadish Cassell Recognized as Multifamily Influencers\nJoin us in building the\nfuture of real estate.\nGet in Touch\n6116 Executive Blvd., Ste. 100\nNorth Bethesda, MD 20852\n50 South 16th Street, Ste. 3575\nPhiladelphia, PA 19102\n(301) 231 - 8700\nEmail Us\nAbout Us\nCorporate Social Commitment\nOur History\nExecutive Leadership\nConstruction\nInvestors & Partners\nCAPREIT News & Press\nCareers\nContact Us\nPrivacy Policy\nTerms & Conditions\nCopyright © 2024\nPowered by\nGTMA",
    "https://www.capreit.com/how-to-decide-if-a-technology-is-right-for-your-company/": "How to Decide If a Technology Is Right for Your Company - Capreit\nSkip to content\nMain Navigation\nInvestor Portal\nContact Us\nAbout Us\nAbout Us\nOur History\nExecutive Leadership\nCorporate Social Commitment\nInvestors & Partners\nConstruction\nProperty Management Services\nNews & Press\nCareers\nHow to Decide If a Technology Is Right for Your Company\nPosted on\nSeptember 18, 2024\nImagine purchasing a sporty new sedan. It accelerates like no other, is unmatched on the open road and always draws admiration.\nProblem is, you live in a mountainous area where snow and mud are prominent. You like to spend the summers off-roading, which usually requires a rugged vehicle with sizable clearance. While your new vehicle is fun to drive, it doesn’t really fit your purposes.\nMultifamily organizations sometimes experience something similar when building their tech stack.\nRead Full Article\nPost navigation\nCAPREIT Sets Sights on BTR\nCreating a Robust Company Culture\nJoin us in building the\nfuture of real estate.\nGet in Touch\n6116 Executive Blvd., Ste. 100\nNorth Bethesda, MD 20852\n50 South 16th Street, Ste. 3575\nPhiladelphia, PA 19102\n(301) 231 - 8700\nEmail Us\nAbout Us\nCorporate Social Commitment\nOur History\nExecutive Leadership\nConstruction\nInvestors & Partners\nCAPREIT News & Press\nCareers\nContact Us\nPrivacy Policy\nTerms & Conditions\nCopyright © 2024\nPowered by\nGTMA",
    "https://www.capreit.com/multifamily-success-requires-solid-teams/": "Multifamily Success Requires Solid Teams - Capreit\nSkip to content\nMain Navigation\nInvestor Portal\nContact Us\nAbout Us\nAbout Us\nOur History\nExecutive Leadership\nCorporate Social Commitment\nInvestors & Partners\nConstruction\nProperty Management Services\nNews & Press\nCareers\nMultifamily Success Requires Solid Teams\nPosted on\nAugust 9, 2024\nMultifamily faces challenges in attracting and retaining residents in the midst of growing competition, and they can ill afford an uphill battle to keep employees.\nKatie Nelson, Vice President of Marketing for CAPREIT, joins Matt and Courtney to discuss using technology to advance marketing in multifamily and build strong teams. As an industry veteran, Nelson emphasizes the importance of creating and retaining a solid team. Join the discussion for valuable ideas, programs and incentives that companies need to retain their valuable talent successfully.\nRead Full Article\nPost navigation\nStreamlining the Leasing Process with AI and Modern Technology\nCAPREIT Sets Sights on BTR\nJoin us in building the\nfuture of real estate.\nGet in Touch\n6116 Executive Blvd., Ste. 100\nNorth Bethesda, MD 20852\n50 South 16th Street, Ste. 3575\nPhiladelphia, PA 19102\n(301) 231 - 8700\nEmail Us\nAbout Us\nCorporate Social Commitment\nOur History\nExecutive Leadership\nConstruction\nInvestors & Partners\nCAPREIT News & Press\nCareers\nContact Us\nPrivacy Policy\nTerms & Conditions\nCopyright © 2024\nPowered by\nGTMA",
    "https://www.capreit.com/news-press/page/2/": "CAPREIT Property Management | Latest News and Updates\nSkip to content\nMain Navigation\nInvestor Portal\nContact Us\nAbout Us\nAbout Us\nOur History\nExecutive Leadership\nCorporate Social Commitment\nInvestors & Partners\nConstruction\nProperty Management Services\nNews & Press\nCareers\nNews & Press\nCAPREIT’s Andrew Kadish and Jennifer Kadish Cassell Recognized as Multifamily Influencers\nCAPREIT, a fully integrated real estate operating company responsible for the ownership and management of more than $6 billion of multifamily assets, today announced that […]\nRead More…\nfrom CAPREIT’s Andrew Kadish and Jennifer Kadish Cassell Recognized as Multifamily Influencers\nAll Tags\nConstruction\nPets\nMemphis\nFlorida\nBuild\nMarket\nBaltimore\nMiami\n2017\nYork\nNew\nManagement\nAffordable\n2019\nAcquisition\n2018\nLeadership\nAmenities\nTechnology\nExpansion\n2016\nMarketing\nRenovations\nAll\nFollow us on LinkedIn to stay up-to-date with the latest at CAPREIT\nConnect Now\nBuilding a 21st Century Maintenance Team\nHiring and supporting a maintenance professional in the apartment world was simple in the past. It generally consisted of: “Welcome to the team. Here are […]\nRead More…\nfrom Building a 21st Century Maintenance Team\nManagement Diaries: How the Right Upgrades Elevate the Resident Experience and ROI\nWelcome to Management Diaries, MHN’s podcast on multifamily property management. In this episode, Denile Doyle talks with Miguel Gutierrez, COO at CAPREIT. Gutierrez leads business strategy […]\nRead More…\nfrom Management Diaries: How the Right Upgrades Elevate the Resident Experience and ROI\nCommunity Improvements That Drive NOI\nIn the never-ending pursuit to remain ahead of the competition—or at least on par with them—owners and operators are constantly considering community improvements. But with […]\nRead More…\nfrom Community Improvements That Drive NOI\nCAPREIT Announces Grand Opening of Baldwin Chase Single-Family Homes\nCAPREIT, a fully integrated real estate operating company responsible for the ownership and management of more than $5 billion of multifamily assets, today announced the […]\nRead More…\nfrom CAPREIT Announces Grand Opening of Baldwin Chase Single-Family Homes\nESG: Why It’s Important and Ways Operators Can Excel\nIt has morphed from an obscure acronym to a primary objective for apartment operators. ESG is the short form of environmental, social and governance—as most […]\nRead More…\nfrom ESG: Why It’s Important and Ways Operators Can Excel\nESG: Where Are We Now?\nEnvironmental, social and governance factors hold greater sway in the multifamily housing industry. The rise of environmental, social and governance (ESG) factors has accelerated in […]\nRead More…\nfrom ESG: Where Are We Now?\nOur Tech Stack is Not Jenga\nMultifamily Matters is the only weekly one-hour, broadcast radio show in the nation that is solely dedicated to multifamily industry operations. This week’s show is a conversation with […]\nRead More…\nfrom Our Tech Stack is Not Jenga\nHow to Build Your Tech Stack\nYour technology stack is what drives the work within your organization. As companies mature, more technology, applications, programs, and hardware creep into an organization. With […]\nRead More…\nfrom How to Build Your Tech Stack\nCAPREIT Announces Multitude of Leadership Promotions\nCAPREIT, a fully integrated real estate operating company responsible for the ownership and management of more than $5 billion of multifamily assets, today announced several […]\nRead More…\nfrom CAPREIT Announces Multitude of Leadership Promotions\nPosts navigation\n‹\n1\n2\n3\n4\n…\n10\n›\nJoin us in building the\nfuture of real estate.\nGet in Touch\n6116 Executive Blvd., Ste. 100\nNorth Bethesda, MD 20852\n50 South 16th Street, Ste. 3575\nPhiladelphia, PA 19102\n(301) 231 - 8700\nEmail Us\nAbout Us\nCorporate Social Commitment\nOur History\nExecutive Leadership\nConstruction\nInvestors & Partners\nCAPREIT News & Press\nCareers\nContact Us\nPrivacy Policy\nTerms & Conditions\nCopyright © 2024\nPowered by\nGTMA",
    "https://www.capreit.com/news-press/page/3/": "CAPREIT Property Management | Latest News and Updates\nSkip to content\nMain Navigation\nInvestor Portal\nContact Us\nAbout Us\nAbout Us\nOur History\nExecutive Leadership\nCorporate Social Commitment\nInvestors & Partners\nConstruction\nProperty Management Services\nNews & Press\nCareers\nNews & Press\nCAPREIT’s Andrew Kadish and Jennifer Kadish Cassell Recognized as Multifamily Influencers\nCAPREIT, a fully integrated real estate operating company responsible for the ownership and management of more than $6 billion of multifamily assets, today announced that […]\nRead More…\nfrom CAPREIT’s Andrew Kadish and Jennifer Kadish Cassell Recognized as Multifamily Influencers\nAll Tags\nConstruction\nPets\nMemphis\nFlorida\nBuild\nMarket\nBaltimore\nMiami\n2017\nYork\nNew\nManagement\nAffordable\n2019\nAcquisition\n2018\nLeadership\nAmenities\nTechnology\nExpansion\n2016\nMarketing\nRenovations\nAll\nFollow us on LinkedIn to stay up-to-date with the latest at CAPREIT\nConnect Now\nThe Leasing Centralization Conundrum: When is the Right Time?\nSeldom part of the apartment sector’s vernacular prior to 2020, the term centralization has been a prominent component of many industry conversations the past few years. So […]\nRead More…\nfrom The Leasing Centralization Conundrum: When is the Right Time?\nCentralization: Signs That Your Organization Might Need It\nCentralization quickly became one of the biggest post-pandemic buzzwords in the multifamily industry, but explaining it can be a challenge. That’s because it can mean […]\nRead More…\nfrom Centralization: Signs That Your Organization Might Need It\nGenerational Challenge: Keeping Pace with the Ever-Morphing Prospect Experience\nA universal approach is tidy. It makes sense for things like bulk scheduling, distributing goods and for national coffee outlets that want your latte to […]\nRead More…\nfrom Generational Challenge: Keeping Pace with the Ever-Morphing Prospect Experience\nCAPREIT Honored by International Interior Design Association\nCAPREIT, a fully integrated real estate operating company responsible for the ownership and management of more than $5 billion of multifamily assets, today announced it […]\nRead More…\nfrom CAPREIT Honored by International Interior Design Association\nHow Will the Prospect Journey Evolve and Improve in the Future?\nThe prospect journey has morphed, contorted, and then changed even more over the past decade. It has shifted pronouncedly even when just considering the past […]\nRead More…\nfrom How Will the Prospect Journey Evolve and Improve in the Future?\nMultifamily Investment Fundamentals Shift but Remain Strong\nAs the apartment market continued to sizzle midway through the decade, few anticipated that investors would remain just as bullish on the multifamily sector as […]\nRead More…\nfrom Multifamily Investment Fundamentals Shift but Remain Strong\nCAPREIT Acquires PURE St. Peters Apartments\nCAPREIT, a fully integrated real estate operating company responsible for the ownership and management of more than $5 billion of multifamily assets, today announced it […]\nRead More…\nfrom CAPREIT Acquires PURE St. Peters Apartments\nCAPREIT Takes Over Management of Three San Jose Apartment Communities\nCAPREIT, a fully integrated real estate operating company responsible for the ownership and management of more than $5 billion of multifamily assets, today announced it […]\nRead More…\nfrom CAPREIT Takes Over Management of Three San Jose Apartment Communities\nSkilled Labor Shortages, Rising Costs Threaten Multifamily Deals\nKyle Bach never figured on a bat cave being one of the things he’d have to deal with as an apartment and student housing developer. […]\nRead More…\nfrom Skilled Labor Shortages, Rising Costs Threaten Multifamily Deals\nPosts navigation\n‹\n1\n2\n3\n4\n5\n…\n10\n›\nJoin us in building the\nfuture of real estate.\nGet in Touch\n6116 Executive Blvd., Ste. 100\nNorth Bethesda, MD 20852\n50 South 16th Street, Ste. 3575\nPhiladelphia, PA 19102\n(301) 231 - 8700\nEmail Us\nAbout Us\nCorporate Social Commitment\nOur History\nExecutive Leadership\nConstruction\nInvestors & Partners\nCAPREIT News & Press\nCareers\nContact Us\nPrivacy Policy\nTerms & Conditions\nCopyright © 2024\nPowered by\nGTMA",
    "https://www.capreit.com/news-press/page/10/": "CAPREIT Property Management | Latest News and Updates\nSkip to content\nMain Navigation\nInvestor Portal\nContact Us\nAbout Us\nAbout Us\nOur History\nExecutive Leadership\nCorporate Social Commitment\nInvestors & Partners\nConstruction\nProperty Management Services\nNews & Press\nCareers\nNews & Press\nCAPREIT’s Andrew Kadish and Jennifer Kadish Cassell Recognized as Multifamily Influencers\nCAPREIT, a fully integrated real estate operating company responsible for the ownership and management of more than $6 billion of multifamily assets, today announced that […]\nRead More…\nfrom CAPREIT’s Andrew Kadish and Jennifer Kadish Cassell Recognized as Multifamily Influencers\nAll Tags\nConstruction\nPets\nMemphis\nFlorida\nBuild\nMarket\nBaltimore\nMiami\n2017\nYork\nNew\nManagement\nAffordable\n2019\nAcquisition\n2018\nLeadership\nAmenities\nTechnology\nExpansion\n2016\nMarketing\nRenovations\nAll\nFollow us on LinkedIn to stay up-to-date with the latest at CAPREIT\nConnect Now\nWoodbrook Apts Trade for $6.5M\nCAPREIT acquired the 196-unit Woodbrook Apartments at 5302 Woodbrook Dr. in Indianapolis, IN for $6.45 million, or about $33,000 per unit, from Hamilton Point Investments. […]\nRead More…\nfrom Woodbrook Apts Trade for $6.5M\nInvestors grab two North Texas apartment projects in year-end sale\nTwo investors – one from Maryland and the other from Canada – have bought a pair of North Texas apartment communities. Institutional Property Advisors brokered […]\nRead More…\nfrom Investors grab two North Texas apartment projects in year-end sale\nPosts navigation\n‹\n1\n…\n8\n9\n10\nJoin us in building the\nfuture of real estate.\nGet in Touch\n6116 Executive Blvd., Ste. 100\nNorth Bethesda, MD 20852\n50 South 16th Street, Ste. 3575\nPhiladelphia, PA 19102\n(301) 231 - 8700\nEmail Us\nAbout Us\nCorporate Social Commitment\nOur History\nExecutive Leadership\nConstruction\nInvestors & Partners\nCAPREIT News & Press\nCareers\nContact Us\nPrivacy Policy\nTerms & Conditions\nCopyright © 2024\nPowered by\nGTMA",
    "https://www.capreit.com/building-a-21st-century-maintenance-team/": "Building a 21st Century Maintenance Team - Capreit\nSkip to content\nMain Navigation\nInvestor Portal\nContact Us\nAbout Us\nAbout Us\nOur History\nExecutive Leadership\nCorporate Social Commitment\nInvestors & Partners\nConstruction\nProperty Management Services\nNews & Press\nCareers\nBuilding a 21st Century Maintenance Team\nPosted on\nMay 30, 2024\nHiring and supporting a maintenance professional in the apartment world was simple in the past. It generally consisted of: “Welcome to the team. Here are your keys.”\nThere is much more to it in 2024—particularly if you want the technician to remain with your organization. With a shortage of maintenance professionals in the industry, procuring high-performing associates can be a competitive process. The competition sometimes includes other industries, as well, with some able to offer techs better introductory incentives.\nIn addition to the competition aspect, today’s techs are an ambitious bunch. They want to know whether your organization will provide them with sufficient opportunities to grow along with proper training and development resources. They will inquire about innovative tech tools you have available to enhance their daily duties and whether their proportion of on-call hours will be reasonable.\nRead Full Article\nPost navigation\nManagement Diaries: How the Right Upgrades Elevate the Resident Experience and ROI\nTechnological Success Needs a Thoughtful Approach\nJoin us in building the\nfuture of real estate.\nGet in Touch\n6116 Executive Blvd., Ste. 100\nNorth Bethesda, MD 20852\n50 South 16th Street, Ste. 3575\nPhiladelphia, PA 19102\n(301) 231 - 8700\nEmail Us\nAbout Us\nCorporate Social Commitment\nOur History\nExecutive Leadership\nConstruction\nInvestors & Partners\nCAPREIT News & Press\nCareers\nContact Us\nPrivacy Policy\nTerms & Conditions\nCopyright © 2024\nPowered by\nGTMA",
    "https://www.capreit.com/capreit-announces-multitude-of-leadership-promotions/": "CAPREIT Announces Multitude of Leadership Promotions - Capreit\nSkip to content\nMain Navigation\nInvestor Portal\nContact Us\nAbout Us\nAbout Us\nOur History\nExecutive Leadership\nCorporate Social Commitment\nInvestors & Partners\nConstruction\nProperty Management Services\nNews & Press\nCareers\nCAPREIT Announces Multitude of Leadership Promotions\nPosted on\nJanuary 29, 2024\nCAPREIT, a fully integrated real estate operating company responsible for the ownership and management of more than $5 billion of multifamily assets, today announced several leadership promotions, including the progress of Andrew Kadish from President to Chief Executive Officer.\nKadish had served as President since 2015.  Jennifer Kadish Cassell, CAPREIT’s Chief Administrative Officer, will become CAPREIT’s new President.  Kadish and Cassell, whose father, Dick Kadish, launched the company in 1993, see this advancement as a symbol of generational progress, as many longtime CAPREIT executives move up in the ranks.\n“We are blessed not only to have a wonderful organization, but one that has exhibited stability for the long haul,” Andrew Kadish said. “Naturally, the steadiness is driven by our loyal associates, who have helped transform the company from a new player in the space in the mid-1990s to the highly reputable entity that it is today. The stability is enabling us to enter the next phase in the evolution of the company, which will include exploring additional verticals in the real estate market.”\nRead Full Article\nPost navigation\nThe Leasing Centralization Conundrum: When is the Right Time?\nHow to Build Your Tech Stack\nJoin us in building the\nfuture of real estate.\nGet in Touch\n6116 Executive Blvd., Ste. 100\nNorth Bethesda, MD 20852\n50 South 16th Street, Ste. 3575\nPhiladelphia, PA 19102\n(301) 231 - 8700\nEmail Us\nAbout Us\nCorporate Social Commitment\nOur History\nExecutive Leadership\nConstruction\nInvestors & Partners\nCAPREIT News & Press\nCareers\nContact Us\nPrivacy Policy\nTerms & Conditions\nCopyright © 2024\nPowered by\nGTMA",
    "https://www.capreit.com/news-press/page/4/": "CAPREIT Property Management | Latest News and Updates\nSkip to content\nMain Navigation\nInvestor Portal\nContact Us\nAbout Us\nAbout Us\nOur History\nExecutive Leadership\nCorporate Social Commitment\nInvestors & Partners\nConstruction\nProperty Management Services\nNews & Press\nCareers\nNews & Press\nCAPREIT’s Andrew Kadish and Jennifer Kadish Cassell Recognized as Multifamily Influencers\nCAPREIT, a fully integrated real estate operating company responsible for the ownership and management of more than $6 billion of multifamily assets, today announced that […]\nRead More…\nfrom CAPREIT’s Andrew Kadish and Jennifer Kadish Cassell Recognized as Multifamily Influencers\nAll Tags\nConstruction\nPets\nMemphis\nFlorida\nBuild\nMarket\nBaltimore\nMiami\n2017\nYork\nNew\nManagement\nAffordable\n2019\nAcquisition\n2018\nLeadership\nAmenities\nTechnology\nExpansion\n2016\nMarketing\nRenovations\nAll\nFollow us on LinkedIn to stay up-to-date with the latest at CAPREIT\nConnect Now\nThe Affordable Housing Enigma\nIt is a battle that must be addressed, but one lacking a clear solution. And although nearly everyone in the apartment industry and beyond seem […]\nRead More…\nfrom The Affordable Housing Enigma\nCAPREIT Acquires Silver Lake Hills Apartments\nCAPREIT will renovate the community, which is surrounded by scenic wooded grounds and several nature trails. Silver Lake Hills also features commuter-friendly access to the […]\nRead More…\nfrom CAPREIT Acquires Silver Lake Hills Apartments\nCAPREIT Celebrates 25th Anniversary\nROCKVILLE, Md., March 7, 2019 /PRNewswire/ — CAPREIT, a fully-integrated real estate operating company responsible for the ownership and management of more than $5 billion […]\nRead More…\nfrom CAPREIT Celebrates 25th Anniversary\nCAPREIT Celebrates 25th Anniversary, Relationship-Driven Success\nCAPREIT, a fully-integrated real estate operating company responsible for the ownership and management of more than $5 billion of multifamily assets, recently turned 25 and […]\nRead More…\nfrom CAPREIT Celebrates 25th Anniversary, Relationship-Driven Success\nCAPREIT Takes Over Management Responsibilities of Broadway West\nBRENTWOOD, N.Y., Feb. 5, 2019 /PRNewswire/ — CAPREIT, a fully-integrated real estate operating company responsible for the ownership and management of more than $5 billion […]\nRead More…\nfrom CAPREIT Takes Over Management Responsibilities of Broadway West\nCAPREIT Takes Over Management of Broadway West\nCAPREIT, a fully-integrated real estate operating company responsible for the ownership and management of more than $5 billion of multifamily assets, today announced it has […]\nRead More…\nfrom CAPREIT Takes Over Management of Broadway West\nCAPREIT Acquires Affordable Communities Totaling 304-Units in California-Lexington Submarket\nGREAT MILLS, MD – CAPREIT, a fully-integrated real estate operating company responsible for the ownership and management of more than $5 billion of multifamily assets, […]\nRead More…\nfrom CAPREIT Acquires Affordable Communities Totaling 304-Units in California-Lexington Submarket\nCAPREIT Acquires Villas at Greenview West and Park Villas Apartments in St. Mary’s County\nCAPREIT, a fully-integrated real estate operating company responsible for the ownership and management of more than $5 billion of multifamily assets, today announced it has […]\nRead More…\nfrom CAPREIT Acquires Villas at Greenview West and Park Villas Apartments in St. Mary’s County\nCAPREIT Acquires Villas at Greenview West and Park Villas Apartments\nGREAT MILLS, Md., Jan. 10, 2019 /PRNewswire/ — CAPREIT, a fully-integrated real estate operating company responsible for the ownership and management of more than $5 […]\nRead More…\nfrom CAPREIT Acquires Villas at Greenview West and Park Villas Apartments\nPosts navigation\n‹\n1\n2\n3\n4\n5\n6\n…\n10\n›\nJoin us in building the\nfuture of real estate.\nGet in Touch\n6116 Executive Blvd., Ste. 100\nNorth Bethesda, MD 20852\n50 South 16th Street, Ste. 3575\nPhiladelphia, PA 19102\n(301) 231 - 8700\nEmail Us\nAbout Us\nCorporate Social Commitment\nOur History\nExecutive Leadership\nConstruction\nInvestors & Partners\nCAPREIT News & Press\nCareers\nContact Us\nPrivacy Policy\nTerms & Conditions\nCopyright © 2024\nPowered by\nGTMA",
    "https://www.capreit.com/capreit-honored-by-international-interior-design-association/": "CAPREIT Honored by International Interior Design Association - Capreit\nSkip to content\nMain Navigation\nInvestor Portal\nContact Us\nAbout Us\nAbout Us\nOur History\nExecutive Leadership\nCorporate Social Commitment\nInvestors & Partners\nConstruction\nProperty Management Services\nNews & Press\nCareers\nCAPREIT Honored by International Interior Design Association\nPosted on\nOctober 26, 2023\nCAPREIT, a fully integrated real estate operating company responsible for the ownership and management of more than $5 billion of multifamily assets, today announced it has been recognized by the International Interior Design Association (IIDA) as a finalist for best design of a corporate office space as part of the 2023 Premiere Design Awards.\nCAPREIT was recognized in the 20,000 square feet or under category and will receive a trophy for its runner-up finish. IIDA noted that the CAPREIT office, designed by FORM Architects, “merges urban style and sustainability while providing employees the comforts of home. This WELL certified space features carbon negative flooring; the first of its kind in the DC Metro area.”\n“We’re extremely honored to receive this esteemed recognition from the International Interior Design Association, which is always regarded as the preeminent measuring stick for the industry,” said Andrew Kadish, president and CEO of CAPREIT. “This recognition is emblematic of our dedicated focus to providing a comfortable working environment for associates, which we believe is particularly paramount in an era when employee wellness is so crucial and so valued.”\nRead Full Article\nPost navigation\nHow Will the Prospect Journey Evolve and Improve in the Future?\nGenerational Challenge: Keeping Pace with the Ever-Morphing Prospect Experience\nJoin us in building the\nfuture of real estate.\nGet in Touch\n6116 Executive Blvd., Ste. 100\nNorth Bethesda, MD 20852\n50 South 16th Street, Ste. 3575\nPhiladelphia, PA 19102\n(301) 231 - 8700\nEmail Us\nAbout Us\nCorporate Social Commitment\nOur History\nExecutive Leadership\nConstruction\nInvestors & Partners\nCAPREIT News & Press\nCareers\nContact Us\nPrivacy Policy\nTerms & Conditions\nCopyright © 2024\nPowered by\nGTMA",
    "https://www.capreit.com/news-press/page/5/": "CAPREIT Property Management | Latest News and Updates\nSkip to content\nMain Navigation\nInvestor Portal\nContact Us\nAbout Us\nAbout Us\nOur History\nExecutive Leadership\nCorporate Social Commitment\nInvestors & Partners\nConstruction\nProperty Management Services\nNews & Press\nCareers\nNews & Press\nCAPREIT’s Andrew Kadish and Jennifer Kadish Cassell Recognized as Multifamily Influencers\nCAPREIT, a fully integrated real estate operating company responsible for the ownership and management of more than $6 billion of multifamily assets, today announced that […]\nRead More…\nfrom CAPREIT’s Andrew Kadish and Jennifer Kadish Cassell Recognized as Multifamily Influencers\nAll Tags\nConstruction\nPets\nMemphis\nFlorida\nBuild\nMarket\nBaltimore\nMiami\n2017\nYork\nNew\nManagement\nAffordable\n2019\nAcquisition\n2018\nLeadership\nAmenities\nTechnology\nExpansion\n2016\nMarketing\nRenovations\nAll\nFollow us on LinkedIn to stay up-to-date with the latest at CAPREIT\nConnect Now\nCAPREIT Announces Establishment of ‘CAPREIT Cares’ Program\nCAPREIT, a fully-integrated real estate operating company responsible for the ownership and management of more than $5 billion of multifamily assets, today announced the establishment […]\nRead More…\nfrom CAPREIT Announces Establishment of ‘CAPREIT Cares’ Program\nAvoiding the Hazards: Conquering Renovation Hurdles\nYou have acquired a new community and now it’s time to renovate. Problem is, several challenges have arisen. Occupancy numbers had been exaggerated by the […]\nRead More…\nfrom Avoiding the Hazards: Conquering Renovation Hurdles\nWorkforce Housing: Benefits and Opportunities\nThey don’t come adorned with saltwater infinity pools, and you’d be hard-pressed to find a juice bar or a yoga studio on the premises. But […]\nRead More…\nfrom Workforce Housing: Benefits and Opportunities\nCAPREIT Promotes Two to Corporate Vice President Positions\nCAPREIT, a fully-integrated real estate operating company responsible for the ownership and management of more than $5 billion of multifamily assets, today announced the promotions […]\nRead More…\nfrom CAPREIT Promotes Two to Corporate Vice President Positions\nCAPREIT Debuts Luxury Baltimore Community\nCAPREIT has opened Nelson Kohl, a luxury apartment community in the Station North Arts and Entertainment District of Baltimore’s Charles North neighborhood. Developed by SAA […]\nRead More…\nfrom CAPREIT Debuts Luxury Baltimore Community\nCAPREIT Announces Grand Opening of Nelson Kohl Apartments\nCAPREIT, a fully integrated real estate operating company responsible for the ownership and management of more than $5 billion of multifamily assets, today announced the […]\nRead More…\nfrom CAPREIT Announces Grand Opening of Nelson Kohl Apartments\nCAPREIT Assumes Management of Barclay & Fairfax Court Apartments\nCAPREIT, a fully-integrated real estate operating company responsible for the ownership and management of more than $5 billion of multifamily assets, today announced it has […]\nRead More…\nfrom CAPREIT Assumes Management of Barclay & Fairfax Court Apartments\nCAPREIT Assumes Management of Affordable Housing in Upstate NY\nCAPREIT, which owns and manages more than $5 billion of multifamily assets, has assumed management of Rochester Highlands, a 504-unit affordable apartment community in Rochester, […]\nRead More…\nfrom CAPREIT Assumes Management of Affordable Housing in Upstate NY\nThe 5 Essentials of a Successful Apartment Acquisition\nThe national apartment market may have shown some ever-so-slight signs of softening in 2017, but that doesn’’t mean investors have soured on the multifamily sector. […]\nRead More…\nfrom The 5 Essentials of a Successful Apartment Acquisition\nPosts navigation\n‹\n1\n…\n3\n4\n5\n6\n7\n…\n10\n›\nJoin us in building the\nfuture of real estate.\nGet in Touch\n6116 Executive Blvd., Ste. 100\nNorth Bethesda, MD 20852\n50 South 16th Street, Ste. 3575\nPhiladelphia, PA 19102\n(301) 231 - 8700\nEmail Us\nAbout Us\nCorporate Social Commitment\nOur History\nExecutive Leadership\nConstruction\nInvestors & Partners\nCAPREIT News & Press\nCareers\nContact Us\nPrivacy Policy\nTerms & Conditions\nCopyright © 2024\nPowered by\nGTMA",
    "https://www.capreit.com/investors-grab-two-north-texas-apartment-projects-in-year-end-sale/": "Investors grab two North Texas apartment projects in year-end sale - Capreit\nSkip to content\nMain Navigation\nInvestor Portal\nContact Us\nAbout Us\nAbout Us\nOur History\nExecutive Leadership\nCorporate Social Commitment\nInvestors & Partners\nConstruction\nProperty Management Services\nNews & Press\nCareers\nInvestors grab two North Texas apartment projects in year-end sale\nPosted on\nDecember 23, 2012\nTwo investors – one from Maryland and the other from Canada – have bought a pair of North Texas apartment communities. Institutional Property Advisors brokered both apartment deals. Capreit, a real estate investment trust based in Rockville, MD, bought the 204-unit Valley Trails apartments in Irving’s Valley Ranch community. The property was developed in 1995 and is substantially leased. Institutional Property Advisors executive director Will Balthrope brokered the sale along with Drew Kile and Spencer Hurst and Jeff Kunitz of Marcus & Millichap Real Estate Investment Services. Balthrope said that Capreit is a nationwide investor that “is entering Texas for the first time with this D-FW apartment acquisition.” The second property that just sold is the Dry Creek Ranch apartments, located in the town of Northlake on Interstate 35W, north of Alliance Airport. Dry Creek Ranch has 288 apartments and opened in 2007. Calgary-based Western Securities Ltd bought the apartments from a partnership between Dallas-based SWBC Real Estate LLC and Birmingham-based Harbert Management Corp. The apartments were 95 percent leased when sold. “The property went under contract just two weeks into marketing, and the buyer closed the transaction in just 45 days,” Balthrope said. “We are seeing strong demand for suburban assets in good locations near job centers, and both of these assets were highly sought after in a competitive bid process.” Balthrope and Kile brokered the Dry Creek Ranch sale with Western Securities’ Marc Footlik.\nRead the Full Article\nPost navigation\nWoodbrook Apts Trade for $6.5M\nJoin us in building the\nfuture of real estate.\nGet in Touch\n6116 Executive Blvd., Ste. 100\nNorth Bethesda, MD 20852\n50 South 16th Street, Ste. 3575\nPhiladelphia, PA 19102\n(301) 231 - 8700\nEmail Us\nAbout Us\nCorporate Social Commitment\nOur History\nExecutive Leadership\nConstruction\nInvestors & Partners\nCAPREIT News & Press\nCareers\nContact Us\nPrivacy Policy\nTerms & Conditions\nCopyright © 2024\nPowered by\nGTMA",
    "https://www.capreit.com/news-press/page/9/": "CAPREIT Property Management | Latest News and Updates\nSkip to content\nMain Navigation\nInvestor Portal\nContact Us\nAbout Us\nAbout Us\nOur History\nExecutive Leadership\nCorporate Social Commitment\nInvestors & Partners\nConstruction\nProperty Management Services\nNews & Press\nCareers\nNews & Press\nCAPREIT’s Andrew Kadish and Jennifer Kadish Cassell Recognized as Multifamily Influencers\nCAPREIT, a fully integrated real estate operating company responsible for the ownership and management of more than $6 billion of multifamily assets, today announced that […]\nRead More…\nfrom CAPREIT’s Andrew Kadish and Jennifer Kadish Cassell Recognized as Multifamily Influencers\nAll Tags\nConstruction\nPets\nMemphis\nFlorida\nBuild\nMarket\nBaltimore\nMiami\n2017\nYork\nNew\nManagement\nAffordable\n2019\nAcquisition\n2018\nLeadership\nAmenities\nTechnology\nExpansion\n2016\nMarketing\nRenovations\nAll\nFollow us on LinkedIn to stay up-to-date with the latest at CAPREIT\nConnect Now\nCAPREIT Acquires 139-Unit Apartment Community in Storied Manassas, Virginia Neighborhood\nMANASSAS, VA – CAPREIT, a national real estate development and investment company responsible for the ownership and management of more than $5 billion of multifamily […]\nRead More…\nfrom CAPREIT Acquires 139-Unit Apartment Community in Storied Manassas, Virginia Neighborhood\nDowntown Apartment Complex Gets New Owner\nA national real estate development and investment company announced Tuesday that it has purchased a 139-unit apartment complex in downtown Manassas. CAPREIT, based in Rockville, […]\nRead More…\nfrom Downtown Apartment Complex Gets New Owner\nAs Vacancies Fall, Property Managers Like Their Position\nMuch like beachgoers in San Diego, rental property managers and owners have been experiencing nothing but sunny days as of late, and, according to more […]\nRead More…\nfrom As Vacancies Fall, Property Managers Like Their Position\nCAPREIT’s Modernization Strategy\nAtlanta—CAPREIT has acquired Preserve at Cascade, a 210-unit apartment community in Atlanta’s eclectic Cascade Heights neighborhood, with plans to renovate the community. “The potential upside […]\nRead More…\nfrom CAPREIT’s Modernization Strategy\nCAPREIT Appoints New Executive Leadership\nRockville, Md.—CAPREIT, a national real estate development and investment company, has announced the restructuring of its executive leadership team through the appointment of three associates. […]\nRead More…\nfrom CAPREIT Appoints New Executive Leadership\nBrantley Pines complex sells for $27.2 million\nA real estate trust recently bought the Madison Brantley Pines apartment complex in Fort Myers for $27.2 million — and as Southwest Florida’s rents rose […]\nRead More…\nfrom Brantley Pines complex sells for $27.2 million\nCAPREIT Acquires Provence Apartments In Suburban Minneapolis\nCAPREIT, a national real estate development and investment company responsible for the ownership and management of more than $5 billion of multifamily assets, today announced […]\nRead More…\nfrom CAPREIT Acquires Provence Apartments In Suburban Minneapolis\nCAPREIT acquires Chaska townhomes\nCAPREIT, a Maryland-based real estate investment trust, has added a $7.65 million affordable housing complex in Chaska to its Minnesota portfolio. Read the Full Article […]\nRead More…\nfrom CAPREIT acquires Chaska townhomes\nCAPREIT Acquires Minneapolis Grand for $11.2M\nCAPREIT, a Maryland-based property investment firm, purchased the Minneapolis Grand multifamily building at 2401 Chicago Ave. in Minneapolis, MN from Base Management for $11.15 million, […]\nRead More…\nfrom CAPREIT Acquires Minneapolis Grand for $11.2M\nPosts navigation\n‹\n1\n…\n7\n8\n9\n10\n›\nJoin us in building the\nfuture of real estate.\nGet in Touch\n6116 Executive Blvd., Ste. 100\nNorth Bethesda, MD 20852\n50 South 16th Street, Ste. 3575\nPhiladelphia, PA 19102\n(301) 231 - 8700\nEmail Us\nAbout Us\nCorporate Social Commitment\nOur History\nExecutive Leadership\nConstruction\nInvestors & Partners\nCAPREIT News & Press\nCareers\nContact Us\nPrivacy Policy\nTerms & Conditions\nCopyright © 2024\nPowered by\nGTMA",
    "https://www.capreit.com/news-press/page/8/": "CAPREIT Property Management | Latest News and Updates\nSkip to content\nMain Navigation\nInvestor Portal\nContact Us\nAbout Us\nAbout Us\nOur History\nExecutive Leadership\nCorporate Social Commitment\nInvestors & Partners\nConstruction\nProperty Management Services\nNews & Press\nCareers\nNews & Press\nCAPREIT’s Andrew Kadish and Jennifer Kadish Cassell Recognized as Multifamily Influencers\nCAPREIT, a fully integrated real estate operating company responsible for the ownership and management of more than $6 billion of multifamily assets, today announced that […]\nRead More…\nfrom CAPREIT’s Andrew Kadish and Jennifer Kadish Cassell Recognized as Multifamily Influencers\nAll Tags\nConstruction\nPets\nMemphis\nFlorida\nBuild\nMarket\nBaltimore\nMiami\n2017\nYork\nNew\nManagement\nAffordable\n2019\nAcquisition\n2018\nLeadership\nAmenities\nTechnology\nExpansion\n2016\nMarketing\nRenovations\nAll\nFollow us on LinkedIn to stay up-to-date with the latest at CAPREIT\nConnect Now\nCAPREIT Expands in Sunshine State with Acquisition of Waverley Place Apartments in Naples, Florida\nNAPLES, FL – CAPREIT, a national real estate development and investment company responsible for the ownership and management of more than $5 billion of multifamily […]\nRead More…\nfrom CAPREIT Expands in Sunshine State with Acquisition of Waverley Place Apartments in Naples, Florida\nCAPREIT Acquires Waverley Place Apartments in Golden Gate\nNAPLES, Fla., March 3, 2016 /PRNewswire/ — CAPREIT, a national real estate development and investment company responsible for the ownership and management of more than […]\nRead More…\nfrom CAPREIT Acquires Waverley Place Apartments in Golden Gate\nConsidering the Family Tree\nThere comes a moment in time many family business owners dread and many others underestimate. You’ve built your business your way, and it is successful […]\nRead More…\nfrom Considering the Family Tree\nIndustry Spotlight on Andrew Kadish, President of CAPREIT\nKadish spoke to MHN about his perspective on the marketplace, the company’s growth and embracing innovation. Rockville, Md.—Andrew Kadish, president of Rockville, Md.-based CAPREIT, has […]\nRead More…\nfrom Industry Spotlight on Andrew Kadish, President of CAPREIT\nPhilly Exec’s Optimistic About ’16\nOutlook for ’16: “CAPREIT remains highly optimistic about the Philly region due to a number of factors: strong job growth, healthcare industry expansion through building […]\nRead More…\nfrom Philly Exec’s Optimistic About ’16\nCAPREIT Acquires Pair of Apartment Communities in Lawrence\nCAPREIT, a national real estate investment and management company responsible for the ownership and operation of more than $5 billion of multifamily assets since its […]\nRead More…\nfrom CAPREIT Acquires Pair of Apartment Communities in Lawrence\nThe Apartment Industry in 2015 and Beyond\nAs another strong year of apartment performance winds down, Andrew Kadish, president at CAPREIT, and Ray Barrows, Chief Operating Officer at Waypoint Residential, share what […]\nRead More…\nfrom The Apartment Industry in 2015 and Beyond\nCAPREIT Lands Suburban Community\nCAPREIT has added to its Twin Cities presence with the recent purchase of a 157-unit apartment community in Burnsville. The Rockville, Md.-based multifamily specialist paid […]\nRead More…\nfrom CAPREIT Lands Suburban Community\nCAPREIT Hunts Apartment Deals Away from the Core\nAs prices balloon, multifamily product in core markets isn’t the ticket to strong returns that it used to be. CAPREIT president Andrew Kadish, who offices […]\nRead More…\nfrom CAPREIT Hunts Apartment Deals Away from the Core\nPosts navigation\n‹\n1\n…\n6\n7\n8\n9\n10\n›\nJoin us in building the\nfuture of real estate.\nGet in Touch\n6116 Executive Blvd., Ste. 100\nNorth Bethesda, MD 20852\n50 South 16th Street, Ste. 3575\nPhiladelphia, PA 19102\n(301) 231 - 8700\nEmail Us\nAbout Us\nCorporate Social Commitment\nOur History\nExecutive Leadership\nConstruction\nInvestors & Partners\nCAPREIT News & Press\nCareers\nContact Us\nPrivacy Policy\nTerms & Conditions\nCopyright © 2024\nPowered by\nGTMA"
  },
  "doc_id": "2f120e99-23db-58f0-90b9-aa9ed4fc1d33"
}