{
  "url": "http://centralgrp.com",
  "timestamp": 1735063058.9529696,
  "text_by_page_url": {
    "https://www.centralgrp.com/capabilities/": "Capabilities - The Central Group\nCapabilities\nCompany\nCase Studies\nCareers\nContact Us\nHomepage\nCapabilities\nCompany\nCase Studies\nCareers\nContact Us\nOUR PROPRIETARY P@R METHODOLOGY ENSURES\nMEASURABLE ROI\nHOW DOES P@R WORK?\n1\nRETAIL STRATEGY\nWe combine your brand goals with our in-store expertise and shopper insights to build retail programs that perform.\n2\nINSIGHTFUL DESIGN\nOur award-winning designers distill strategies into actionable insights to create innovative brand solutions that are engineered to resonate with consumers.\n3\nQUALITY IMPLEMENTATION\nWe deliver value, performance and compliance with our in-store execution expertise.\n4\nANALYSIS & REPORTING\nOur proprietary Advanced Analytics provide you with valuable metrics to measure retail performance and improve activation.\nA-Z\nOUR FULL SUITE OF SOLUTIONS\nSTRATEGY\nINTELLIGENT RETAIL ACTIVATION\nPRODUCTS\nUNIQUE, CUSTOM AND TURN-KEY PRODUCTS\nSERVICES\nFULL-CYCLE SERVICE SUPPORT\nMARKET AND CATEGORY INSIGHTS\nSHOPPER BEHAVIOR RESEARCH\nCONSUMER TESTING AND PRE-LAUNCH ANALYSIS\nCREATIVE STRATEGY\nSUSTAINABILITY METRICS\nDDI: DATA-DRIVEN INNOVATIONS\nTEMPORARY CORRUGATE DISPLAYS\nMODULAR MERCHANDISING SYSTEMS\nPERMANENT DISPLAYS\nWALL SYSTEMS\nFIXTURING\nTRADESHOW BOOTHS\nPOP-UPS AND KIOSKS\nECOSHOP\nRETAIL PACKAGING\nB2B AND FIELD SALES SOLUTIONS\nINDUSTRIAL AND GRAPHIC DESIGN STUDIO\nPRODUCTION AND PROJECT MANAGEMENT\nFLEXO, LITHO AND ROD-COATED PRINTING\nDIGITAL PRINTING AND DIE CUTTING\nON-SITE MANUFACTURING\nFULFILLMENT AND CO-PACKING\nNORTH AMERICAN LOGISTICS AND DISTRIBUTION\nFULL RETAIL INSTALLATION\nREPORTING AND PERFORMANCE ANALYSIS\n100% RENEWABLE\nSUSTAINABLE SOLUTIONS\nCENTRALPAC is our innovative, B2B e-commerce platform offering direct web-to-print packaging and display solutions for small to mid-market brands.\r\nChoose from thousands of customizable packaging and display solutions, with simple on-line checkout, low minimum order quantities, quick turnaround and instant quotes... all without tooling costs. And better yet, all our solutions are designed to be fully sustainable.\nLEARN MORE\nCENTRALPAC is our innovative, B2B e-commerce platform offering direct web-to-print packaging and display solutions for small to mid-market brands.\r\nChoose from thousands of customizable packaging and display solutions, with simple on-line checkout, low minimum order quantities, quick turnaround and instant quotes... all without tooling costs. And better yet, all our solutions are designed to be fully sustainable.\nLEARN MORE\nWhether it’s creating a fully automated frictionless store environment, a temporary shop-in-shop environment, or even a fully reconfigurable retail fixturing program, ecoSHOP is truly a sustainable retail solution that delivers speed, flexibility and environmental responsibility.\nLEARN MORE\nWhether it’s creating a fully automated frictionless store environment, a temporary shop-in-shop environment, or even a fully reconfigurable retail fixturing program, ecoSHOP is truly a sustainable retail solution that delivers speed, flexibility and environmental responsibility.\nLEARN MORE\nCorrulite is the ideal solution for a flexible, sustainable retail environment, pop-up, shop-in-shop or experiential display.  Corrulite modular panels are both incredibly light and unbelievably durable, made of a lightweight and recycled paper core.\nLEARN MORE\nCorrulite is the ideal solution for a flexible, sustainable retail environment, pop-up, shop-in-shop or experiential display.  Corrulite modular panels are both incredibly light and unbelievably durable, made of a lightweight and recycled paper core.\nLEARN MORE\nCONNECT, a sustainable, value driven, highly flexible option for all types of permanent display, merchandisers, and fixture designs. Our patent pending technology encourages a world of\r\npossibilities for brands and retailers building unique and sustainable in-store experiences.\nLEARN MORE\nCONNECT, a sustainable, value driven, highly flexible option for all types of permanent display, merchandisers, and fixture designs. Our patent pending technology encourages a world of\r\npossibilities for brands and retailers building unique and sustainable in-store experiences.\nLEARN MORE\nThe Kangaroo family includes our eye-catching Kangaroo Shapes, plus everything from 3- or 4-shelf bookcases, dump bins, counter units, and also pre-pack versions that ship with products loaded and retail-ready.  Kangaroo displays are cleverly-engineered to hop right out of their flat-pack cartons and be ready to fill within a few seconds.  Our pre-pack version can be filled and shipped with product already loaded. The entire Kangaroo family is easily recycled in regular recycling streams.\nLEARN MORE\nThe Kangaroo family includes our eye-catching Kangaroo Shapes, plus everything from 3- or 4-shelf bookcases, dump bins, counter units, and also pre-pack versions that ship with products loaded and retail-ready.  Kangaroo displays are cleverly-engineered to hop right out of their flat-pack cartons and be ready to fill within a few seconds.  Our pre-pack version can be filled and shipped with product already loaded. The entire Kangaroo family is easily recycled in regular recycling streams.\nLEARN MORE\n5526 Timberlea Boulevard,\nMississauga, Ontario\nToll free:\n1 800 771 3942\nCompany\nContact Us\nAbout Us\nCareers\nFollow us\n© 2024 The Central Group\nPrivacy Policy\nAccessibility\nSite Map\nSite design by Graymatter\n© 2024 The Central Group",
    "https://www.centralgrp.com/company/": "Company - The Central Group\nCapabilities\nCompany\nCase Studies\nCareers\nContact Us\nHomepage\nCapabilities\nCompany\nCase Studies\nCareers\nContact Us\nCENTRAL\nA PROVEN INDUSTRY LEADER\nIN RETAIL ACTIVATION\nCENTRAL IS A PLATINUM MEMBER OF\nCANADA'S BEST MANAGED COMPANIES\nSince 1985, Central has provided clients with innovative retail packaging, displays, fixtures, shopper environments, and B2B systems that deliver retail performance. Central is renowned for service excellence and impeccable quality, and our extensive team of tenured and hard-working individuals are the difference-makers!\n“HELPING OUR CLIENTS ACHIEVE MEASURABLE ROI IS OUR NUMBER ONE PRIORITY, OUR KEY DIFFERENTIATOR AND THE ENTIRE FOCUS OF OUR BUSINESS – BECAUSE WHEN THEY WIN, WE ALL WIN.”\n>\nRICK EASTWOOD, CEO\nESG\nCORPORATE RESPONSIBILITY\nCentral is committed to best-managed governance, sustainable products and processes, and achieving social progress. ESG has been a cornerstone of our business strategy for 44 years and ours is a deeply engrained sense of individual and shared responsibility. We make a conscious and daily effort to serve humanity and our communities, and extend our impact beyond our own value chain. Central is a proud SEDEX Member SMETA 4-Pillar.\nIn 2021 we accomplished a unique ESG benchmarking assessment in partnership with our clients and PwC, to ensure Central’s ESG goals and practices are directly aligned with our clients’ strategic priorities. The result is a collaborative and long-term ESG activities roadmap that includes client metrics for quantifying and measuring sustainability achievements, Employee and Community wellness initiatives, and sustainable products research and development.\nE\nENVIRONMENTAL\nSTEWARDSHIP\nWe have a long history of advocating for environment conservation, and continue to support the green economy and our clients’ sustainability goals with innovative retail products and initiatives:\nResponsible Products Development:\nEcoSHOP\n, Connect, Kangaroo, Corrulite\nSustainability Benchmarking and Metrics\nthrough our Proprietary\nECOFacts\nSystem (contact us for details)\nProduct Total-Lifecycle Management\n– modality, sustainable materiality, energy and water conservation, emissions and product transport efficiencies, waste stream planning and management, recycling and reusable components, retail compliance support\nSFI® Sustainable Forest Initiative Chain-of-Custody Certification\n– a process for tracking raw materials from certified sources, certified sourcing and, when it applies, recycled content through production and manufacturing to finished products\nFSC® Forest Stewardship Council Chain-of-Custody Certification\n– a system that verifies sustainable sourcing of forest products and ecosystem services at every step of the value chain from forest to consumer label, and the upholding of a common set of responsible forestry standards that support zero deforestation, fair wages and work environments, safeguarding ancient and endangered forests, biodiversity preservation, and community rights\nPEFC® Programme for the Endorsement of Forest Certification\n– tracking of forest-based products from sustainable sources to the final product to demonstrate that each step of the supply chain is closely monitored through independent auditing to ensure that unsustainable sources are excluded\nSQF® Food Safety Code for Manufacturing of Food Packaging\n– a rigorous and credible food safety and quality program that is recognized by retailers, brands, and food service providers world-wide (GFSI Global Food Safety Initiative)\nGMP® Good Manufacturing Practice Certification\n– quality assurance of industry best-practice product manufacturing\nCONTACT US FOR MORE ABOUT ECOFACTS\nS\nSOCIAL\nPRINCIPLES\nWe are family-owned and operated, and our head office is located in Canada’s largest multicultural metropolis – the GTA Greater Toronto Area. We are a responsible supply chain partner and equal opportunity Employer, and deeply committed to fostering the wellbeing of others through our social principles and daily practices.\nHuman Rights Advocacy\n– Equal Opportunity, Freedom, Economic Security, Dignity and Inclusion\nStrong Community Contribution\n– Volunteer groups, charity, and Company-matched fund-raising to improve the quality of lives of others: Food drives and Food Bank funding, Essential Clothing drives, Health Partners International and Bikes for Humanity, Disaster Relief, and Family support such as Adopt-A-Family and youth fitness initiatives\nEmployee Investment and Development\n– Personal Wellness and Safety Bursaries, Group Health and Employee Assistance Plans, Pension Programs, Teambuilding initiatives, and Employee Education including personalized training plans to support skillset and career growth\nResponsible Governance\n– shared Company value systems and code of conduct, leadership excellence, and best-practice employment and supply chain responsibility standards\nG\nRESPONSIBLE\nGOVERNANCE\nCentral is a privately-held Essential Business, providing Food Packaging, Retail Distribution and Consumer Point-of-Purchase for essential food, beverage, household, and personal health goods. We are governed by the laws and business regulations of the Countries, Provinces and States in which we operate, and conduct ourselves with the highest principles of business integrity.\nCompany Values\nthat emphasize client care, passionate excellence, team and personal contribution, and stewardship\nCorporate Responsibility Standards\nthat demonstrate Environmental certifications and stewardship, Social progress and Equal Opportunity practices, and our commitment to upholding the ETI Base Code, UNGP United Nations Guiding Principles, Workplace Accessibility, and Occupational Health and Safety\nA Shared Code of Conduct\nthat promotes social ethics, mutuality, Universal human rights, and the shared responsibility of personal safety and organizational welfare\nNeeds-based Employment Policies\nthat advocate Fairness, Protection, Physical and Psychological Wellness, Teamwork and Social Connection, Recognition, and Personal Empowerment\n2022/3 ANNUAL REPORT\nFORCED AND CHILD LABOUR RISKS\n5 DECADES OF PASSIONATE EXCELLENCE\n5526 Timberlea Boulevard,\nMississauga, Ontario\nToll free:\n1 800 771 3942\nCompany\nContact Us\nAbout Us\nCareers\nFollow us\n© 2024 The Central Group\nPrivacy Policy\nAccessibility\nSite Map\nSite design by Graymatter\n© 2024 The Central Group",
    "https://www.centralgrp.com/case-studies/": "Case Studies - The Central Group\nCapabilities\nCompany\nCase Studies\nCareers\nContact Us\nHomepage\nCapabilities\nCompany\nCase Studies\nCareers\nContact Us\nPROVEN RESULTS\nANOTHER BRONZE\nDESTINATION WALMART FOR BURGERS!\nAnother SHOP! Bronze award for Central with this Walmart Canada commissioned for KraftHeinz. We created the ultimate destination featuring their iconic burger condiments, best recipe ideas, suggestive burger combinations and a chance to win barbeques and accessories.\nREAD MORE\nCELEBRATING 2024 SHOP! AWARD\nWINNING FEELS SO GOOD!\nWe are so proud of our recent wins at the SHOP! Awards 2024. This display for Nestle was a bronze medal winner.\nREAD MORE\nLOWES & TERRA WORK WEAR\nA HARD-WORKING COLLABORATION\nWe worked closely with Lowe’s store designers and the popular workwear brand, Terra to create a hard-working shop-in-shop that was easier to maintain and reduced shrink.\nREAD MORE\nDAVE & BUSTERS CHECKOUT-FREE STORE\nWE GAMIFIED SNACKS!\nPartnering with Coca-Cola, Zippin and Dave and Busters, we created an unattended, checkout-free retail snack shop that let gamers snack and drink without interrupting their flow.\nREAD MORE\nENERGIZER\nMULTIPLYING LIKE...BUNNIES!\nEnergizer came to us with a common problem. Their display programs had grown more and more complex within their vast retailer network. They challenged us to consolidate design and uncomplicate what had become an unwieldy display program.\nREAD MORE\nMARS WRIGLEY\nA BOLD MOVE FOR IMPULSE BUYS\nThis 8-tier display was designed to work in a variety of retail environments, from convenience stores to gas stations to pharmacies and grocery stores. It was also designed to accommodate multiple products within the Mars Wrigley brand line-up.\nREAD MORE\nLANCÔME\nTHE MOST BEAUTIFUL SEASON\nChristmas shopping season a key season for beauty, with gorgeous gifts topping many lists. We helped Lancôme make the most of this with a beautiful, inspirational gift-inspired display.\nREAD MORE\nWESTON FOODS\nFRESH-BAKED THINKING\nIn order to compete with local bakeries, this nationwide retailer was looking to create a refreshed in store destination for the baked bread category.\nREAD MORE\nTETLEY CANADA\nCONNECTIVI-TEA\nHow do you get your shopper’s attention in a crowded retail space? Central’s proprietary research study showed Tetley that adding lifestyle imagery to this display to help their target audience feel more connect to their product.\nREAD MORE\nCCM HOCKEY\nSTAYING SHARP\nWhen CCM wanted to get their customers as close to the game as possible, we scored a hat trick!\nREAD MORE\nOur portfolio of work\n5526 Timberlea Boulevard,\nMississauga, Ontario\nToll free:\n1 800 771 3942\nCompany\nContact Us\nAbout Us\nCareers\nFollow us\n© 2024 The Central Group\nPrivacy Policy\nAccessibility\nSite Map\nSite design by Graymatter\n© 2024 The Central Group",
    "https://www.centralgrp.com/careers/": "Careers - The Central Group\nCapabilities\nCompany\nCase Studies\nCareers\nContact Us\nHomepage\nCapabilities\nCompany\nCase Studies\nCareers\nContact Us\nGROW WITH\nOUR FAMILY\nARE YOU PASSIONATE ABOUT PERFORMANCE?\nThe Central Group of Companies is a growing family business of 500+ great individuals united by a passion for excellence and committed to client success. Ours is a fun and lively team environment and we are currently hiring! We welcome enthusiastic employees who show strong initiative, pride themselves on quality work, and can help our clients achieve their goals.\nJOB OPPORTUNITIES\nOPEN ROLES\nWHAT EMPLOYEES SAY\nABOUT CENTRAL\n“AWESOME PEOPLE, AWESOME PLACE”\n“CENTRAL IS TRULY INVESTED IN EMPLOYEE WELL-BEING\nAND PROFESSIONAL GROWTH”\n“AN INSPIRING AND INCLUSIVE PLACE TO WORK”\n“THE FAMILY ATMOSPHERE IS UNIQUE AND REALLY SPECIAL”\n“THERE IS A GENUINE SENSE OF TEAMWORK AND CLIENT CARE”\n“GREAT CAMARADERIE AND LEADERSHIP SUPPORT”\n“A CULTURE OF CREATIVITY AND ONGOING PRODUCT INNOVATION”\n“THE COMPANY IS FILLED WITH KIND AND TALENTED PEOPLE”\n“EXCELLENCE IS OUR STANDARD”\n5526 Timberlea Boulevard,\nMississauga, Ontario\nToll free:\n1 800 771 3942\nCompany\nContact Us\nAbout Us\nCareers\nFollow us\n© 2024 The Central Group\nPrivacy Policy\nAccessibility\nSite Map\nSite design by Graymatter\n© 2024 The Central Group",
    "https://www.centralgrp.com/contact-us/": "Contact Us - The Central Group\nCapabilities\nCompany\nCase Studies\nCareers\nContact Us\nHomepage\nCapabilities\nCompany\nCase Studies\nCareers\nContact Us\nOUR LOCATIONS\nHEAD OFFICE\nINNOVATION AND DESIGN CENTRE\n235 Superior Blvd.\nMississauga, Ontario\nCanada\nL5T 2L6\nP: 905-238-8400\nTHE CENTRAL GROUP HEAD OFFICE\n5526 Timberlea Boulevard,\nMississauga, Ontario\nCanada\nL4W 2T7\nToll Free: 1-800-771-3942\ninfo@centralgrp.com\nVERTICALLY INTEGRATED COMPANIES\nNORTH AMERICAN TESTING SERVICES\n1125 Aerowood Dr.\nMississauga, Ontario\nCanada\nL4W 2T7\nP: 905-212-1524\nINDEPENDENT CORRUGATOR INC.\n1177 Aerowood Dr.\nMississauga, Ontario\nCanada\nL4W 1Y6\nP: 905-629-2702\nVisit website\nPTI (Packaging Technologies Inc.)\n310 Courtland Ave. A.\nConcord, Ontario\nCanada\nL4K 4Y6\nP: 905-738-8226\nVisit website\nASK US ANYTHING\nCONTACT FORM\nSEND US A MESSAGE AND WE’LL GET BACK TO YOU WITH A RESPONSE WITHIN 2 BUSINESS DAYS\nPlease enable JavaScript in your browser to complete this form.\nName\nEmail\n*\nPhone\nSubject\nMessage\nCheckboxes\nSEND US A MESSAGE AND WE’LL GET BACK TO YOU WITH A RESPONSE WITHIN 2 BUSINESS DAYS. I HAVE READ AND AGREE TO THE PRIVACY POLICY\nSEND\n5526 Timberlea Boulevard,\nMississauga, Ontario\nToll free:\n1 800 771 3942\nCompany\nContact Us\nAbout Us\nCareers\nFollow us\n© 2024 The Central Group\nPrivacy Policy\nAccessibility\nSite Map\nSite design by Graymatter\n© 2024 The Central Group",
    "http://centralgrp.com/capabilities": "Capabilities - The Central Group\nCapabilities\nCompany\nCase Studies\nCareers\nContact Us\nHomepage\nCapabilities\nCompany\nCase Studies\nCareers\nContact Us\nOUR PROPRIETARY P@R METHODOLOGY ENSURES\nMEASURABLE ROI\nHOW DOES P@R WORK?\n1\nRETAIL STRATEGY\nWe combine your brand goals with our in-store expertise and shopper insights to build retail programs that perform.\n2\nINSIGHTFUL DESIGN\nOur award-winning designers distill strategies into actionable insights to create innovative brand solutions that are engineered to resonate with consumers.\n3\nQUALITY IMPLEMENTATION\nWe deliver value, performance and compliance with our in-store execution expertise.\n4\nANALYSIS & REPORTING\nOur proprietary Advanced Analytics provide you with valuable metrics to measure retail performance and improve activation.\nA-Z\nOUR FULL SUITE OF SOLUTIONS\nSTRATEGY\nINTELLIGENT RETAIL ACTIVATION\nPRODUCTS\nUNIQUE, CUSTOM AND TURN-KEY PRODUCTS\nSERVICES\nFULL-CYCLE SERVICE SUPPORT\nMARKET AND CATEGORY INSIGHTS\nSHOPPER BEHAVIOR RESEARCH\nCONSUMER TESTING AND PRE-LAUNCH ANALYSIS\nCREATIVE STRATEGY\nSUSTAINABILITY METRICS\nDDI: DATA-DRIVEN INNOVATIONS\nTEMPORARY CORRUGATE DISPLAYS\nMODULAR MERCHANDISING SYSTEMS\nPERMANENT DISPLAYS\nWALL SYSTEMS\nFIXTURING\nTRADESHOW BOOTHS\nPOP-UPS AND KIOSKS\nECOSHOP\nRETAIL PACKAGING\nB2B AND FIELD SALES SOLUTIONS\nINDUSTRIAL AND GRAPHIC DESIGN STUDIO\nPRODUCTION AND PROJECT MANAGEMENT\nFLEXO, LITHO AND ROD-COATED PRINTING\nDIGITAL PRINTING AND DIE CUTTING\nON-SITE MANUFACTURING\nFULFILLMENT AND CO-PACKING\nNORTH AMERICAN LOGISTICS AND DISTRIBUTION\nFULL RETAIL INSTALLATION\nREPORTING AND PERFORMANCE ANALYSIS\n100% RENEWABLE\nSUSTAINABLE SOLUTIONS\nCENTRALPAC is our innovative, B2B e-commerce platform offering direct web-to-print packaging and display solutions for small to mid-market brands.\r\nChoose from thousands of customizable packaging and display solutions, with simple on-line checkout, low minimum order quantities, quick turnaround and instant quotes... all without tooling costs. And better yet, all our solutions are designed to be fully sustainable.\nLEARN MORE\nCENTRALPAC is our innovative, B2B e-commerce platform offering direct web-to-print packaging and display solutions for small to mid-market brands.\r\nChoose from thousands of customizable packaging and display solutions, with simple on-line checkout, low minimum order quantities, quick turnaround and instant quotes... all without tooling costs. And better yet, all our solutions are designed to be fully sustainable.\nLEARN MORE\nWhether it’s creating a fully automated frictionless store environment, a temporary shop-in-shop environment, or even a fully reconfigurable retail fixturing program, ecoSHOP is truly a sustainable retail solution that delivers speed, flexibility and environmental responsibility.\nLEARN MORE\nWhether it’s creating a fully automated frictionless store environment, a temporary shop-in-shop environment, or even a fully reconfigurable retail fixturing program, ecoSHOP is truly a sustainable retail solution that delivers speed, flexibility and environmental responsibility.\nLEARN MORE\nCorrulite is the ideal solution for a flexible, sustainable retail environment, pop-up, shop-in-shop or experiential display.  Corrulite modular panels are both incredibly light and unbelievably durable, made of a lightweight and recycled paper core.\nLEARN MORE\nCorrulite is the ideal solution for a flexible, sustainable retail environment, pop-up, shop-in-shop or experiential display.  Corrulite modular panels are both incredibly light and unbelievably durable, made of a lightweight and recycled paper core.\nLEARN MORE\nCONNECT, a sustainable, value driven, highly flexible option for all types of permanent display, merchandisers, and fixture designs. Our patent pending technology encourages a world of\r\npossibilities for brands and retailers building unique and sustainable in-store experiences.\nLEARN MORE\nCONNECT, a sustainable, value driven, highly flexible option for all types of permanent display, merchandisers, and fixture designs. Our patent pending technology encourages a world of\r\npossibilities for brands and retailers building unique and sustainable in-store experiences.\nLEARN MORE\nThe Kangaroo family includes our eye-catching Kangaroo Shapes, plus everything from 3- or 4-shelf bookcases, dump bins, counter units, and also pre-pack versions that ship with products loaded and retail-ready.  Kangaroo displays are cleverly-engineered to hop right out of their flat-pack cartons and be ready to fill within a few seconds.  Our pre-pack version can be filled and shipped with product already loaded. The entire Kangaroo family is easily recycled in regular recycling streams.\nLEARN MORE\nThe Kangaroo family includes our eye-catching Kangaroo Shapes, plus everything from 3- or 4-shelf bookcases, dump bins, counter units, and also pre-pack versions that ship with products loaded and retail-ready.  Kangaroo displays are cleverly-engineered to hop right out of their flat-pack cartons and be ready to fill within a few seconds.  Our pre-pack version can be filled and shipped with product already loaded. The entire Kangaroo family is easily recycled in regular recycling streams.\nLEARN MORE\n5526 Timberlea Boulevard,\nMississauga, Ontario\nToll free:\n1 800 771 3942\nCompany\nContact Us\nAbout Us\nCareers\nFollow us\n© 2024 The Central Group\nPrivacy Policy\nAccessibility\nSite Map\nSite design by Graymatter\n© 2024 The Central Group",
    "https://www.centralgrp.com/case-studies/another-big-win-at-shop/": "ANOTHER BIG WIN AT SHOP! - The Central Group\nCapabilities\nCompany\nCase Studies\nCareers\nContact Us\nHomepage\nCapabilities\nCompany\nCase Studies\nCareers\nContact Us\nANOTHER BRONZE\nDESTINATION WALMART FOR BURGERS!\nMOTION PRODUCES EMOTION!\nMotion activated paper printed fibre tubes and battery powered motors create the rotating sign elements on either gable end. The rotating graphics showcased recipe and serving ideas.\nTHE BIGGER THE BURGER\nThe unit featured an oversized 3-D burger facsimile that was constructed entirely of digitally printed corrugate.\nTHE BIG REVEAL\nAs the pallets of burger condiments are shopped down, more graphics are revealed to show burger recipe ideas\nRESULTS\nBIG RESULTS\nCOMPLIANCE PLUS SALES LIFT WINS BRONZE\n< BACK TO ALL CASE STUDIES\n5526 Timberlea Boulevard,\nMississauga, Ontario\nToll free:\n1 800 771 3942\nCompany\nContact Us\nAbout Us\nCareers\nFollow us\n© 2024 The Central Group\nPrivacy Policy\nAccessibility\nSite Map\nSite design by Graymatter\n© 2024 The Central Group",
    "https://www.centralgrp.com/case-studies/winning-desi/": "A WINNING DESIGN - The Central Group\nCapabilities\nCompany\nCase Studies\nCareers\nContact Us\nHomepage\nCapabilities\nCompany\nCase Studies\nCareers\nContact Us\nCELEBRATING 2024 SHOP! AWARD\nWINNING FEELS SO GOOD!\nEVERYONE LOVES CAMPING\nThis dramatic, eye-catching program was executed in grocery, mass, and drug locations and garnered impressive incremental in new shoppers, incremental sales and an increase in share.\r\nAll displays were placed with a 100% compliance rate and in some cases, “premium” “winnable” items were added to support the overall theme of the summer promotion expanding on the overall creativity of the retail experience.\nRESULTS\nBRONZE\nSHOP! 2024\n< BACK TO ALL CASE STUDIES\n5526 Timberlea Boulevard,\nMississauga, Ontario\nToll free:\n1 800 771 3942\nCompany\nContact Us\nAbout Us\nCareers\nFollow us\n© 2024 The Central Group\nPrivacy Policy\nAccessibility\nSite Map\nSite design by Graymatter\n© 2024 The Central Group",
    "https://www.centralgrp.com/case-studies/shop-in-shop-collaboration/": "SHOP-IN-SHOP COLLABORATION - The Central Group\nCapabilities\nCompany\nCase Studies\nCareers\nContact Us\nHomepage\nCapabilities\nCompany\nCase Studies\nCareers\nContact Us\nLOWES & TERRA WORK WEAR\nA HARD-WORKING COLLABORATION\n18% MORE LINEAR FEET OF MERCHANDISING\nWithin the same in-store footprint, we designed a layout that delivered more linear feet of merchandisable space!\nFOLLOWING ALL THE RULES\nWe adhered to, and even exceeded Lowe's store standards to deliver a clearn, effective and beautifully shoppable solution\nIMPROVEMENTS GALORE\nHigher-margin footwear was moved to the front of the presentation, offering increased visibility and more opportunity for try and buy. This was a huge improvement over previous renditions that were expensive to maintain, had high shrink and little to no conformity of store standards\nRESULTS\n15% INCREASE IN SALES\nALONG WITH A MORE EFFICIENT, PLEASANT SHOPPING EXPERIENCE\n< BACK TO ALL CASE STUDIES\n5526 Timberlea Boulevard,\nMississauga, Ontario\nToll free:\n1 800 771 3942\nCompany\nContact Us\nAbout Us\nCareers\nFollow us\n© 2024 The Central Group\nPrivacy Policy\nAccessibility\nSite Map\nSite design by Graymatter\n© 2024 The Central Group",
    "http://centralgrp.com/case-studies": "Case Studies - The Central Group\nCapabilities\nCompany\nCase Studies\nCareers\nContact Us\nHomepage\nCapabilities\nCompany\nCase Studies\nCareers\nContact Us\nPROVEN RESULTS\nANOTHER BRONZE\nDESTINATION WALMART FOR BURGERS!\nAnother SHOP! Bronze award for Central with this Walmart Canada commissioned for KraftHeinz. We created the ultimate destination featuring their iconic burger condiments, best recipe ideas, suggestive burger combinations and a chance to win barbeques and accessories.\nREAD MORE\nCELEBRATING 2024 SHOP! AWARD\nWINNING FEELS SO GOOD!\nWe are so proud of our recent wins at the SHOP! Awards 2024. This display for Nestle was a bronze medal winner.\nREAD MORE\nLOWES & TERRA WORK WEAR\nA HARD-WORKING COLLABORATION\nWe worked closely with Lowe’s store designers and the popular workwear brand, Terra to create a hard-working shop-in-shop that was easier to maintain and reduced shrink.\nREAD MORE\nDAVE & BUSTERS CHECKOUT-FREE STORE\nWE GAMIFIED SNACKS!\nPartnering with Coca-Cola, Zippin and Dave and Busters, we created an unattended, checkout-free retail snack shop that let gamers snack and drink without interrupting their flow.\nREAD MORE\nENERGIZER\nMULTIPLYING LIKE...BUNNIES!\nEnergizer came to us with a common problem. Their display programs had grown more and more complex within their vast retailer network. They challenged us to consolidate design and uncomplicate what had become an unwieldy display program.\nREAD MORE\nMARS WRIGLEY\nA BOLD MOVE FOR IMPULSE BUYS\nThis 8-tier display was designed to work in a variety of retail environments, from convenience stores to gas stations to pharmacies and grocery stores. It was also designed to accommodate multiple products within the Mars Wrigley brand line-up.\nREAD MORE\nLANCÔME\nTHE MOST BEAUTIFUL SEASON\nChristmas shopping season a key season for beauty, with gorgeous gifts topping many lists. We helped Lancôme make the most of this with a beautiful, inspirational gift-inspired display.\nREAD MORE\nWESTON FOODS\nFRESH-BAKED THINKING\nIn order to compete with local bakeries, this nationwide retailer was looking to create a refreshed in store destination for the baked bread category.\nREAD MORE\nTETLEY CANADA\nCONNECTIVI-TEA\nHow do you get your shopper’s attention in a crowded retail space? Central’s proprietary research study showed Tetley that adding lifestyle imagery to this display to help their target audience feel more connect to their product.\nREAD MORE\nCCM HOCKEY\nSTAYING SHARP\nWhen CCM wanted to get their customers as close to the game as possible, we scored a hat trick!\nREAD MORE\nOur portfolio of work\n5526 Timberlea Boulevard,\nMississauga, Ontario\nToll free:\n1 800 771 3942\nCompany\nContact Us\nAbout Us\nCareers\nFollow us\n© 2024 The Central Group\nPrivacy Policy\nAccessibility\nSite Map\nSite design by Graymatter\n© 2024 The Central Group",
    "http://centralgrp.com/contact-us": "Contact Us - The Central Group\nCapabilities\nCompany\nCase Studies\nCareers\nContact Us\nHomepage\nCapabilities\nCompany\nCase Studies\nCareers\nContact Us\nOUR LOCATIONS\nHEAD OFFICE\nINNOVATION AND DESIGN CENTRE\n235 Superior Blvd.\nMississauga, Ontario\nCanada\nL5T 2L6\nP: 905-238-8400\nTHE CENTRAL GROUP HEAD OFFICE\n5526 Timberlea Boulevard,\nMississauga, Ontario\nCanada\nL4W 2T7\nToll Free: 1-800-771-3942\ninfo@centralgrp.com\nVERTICALLY INTEGRATED COMPANIES\nNORTH AMERICAN TESTING SERVICES\n1125 Aerowood Dr.\nMississauga, Ontario\nCanada\nL4W 2T7\nP: 905-212-1524\nINDEPENDENT CORRUGATOR INC.\n1177 Aerowood Dr.\nMississauga, Ontario\nCanada\nL4W 1Y6\nP: 905-629-2702\nVisit website\nPTI (Packaging Technologies Inc.)\n310 Courtland Ave. A.\nConcord, Ontario\nCanada\nL4K 4Y6\nP: 905-738-8226\nVisit website\nASK US ANYTHING\nCONTACT FORM\nSEND US A MESSAGE AND WE’LL GET BACK TO YOU WITH A RESPONSE WITHIN 2 BUSINESS DAYS\nPlease enable JavaScript in your browser to complete this form.\nName\nEmail\n*\nPhone\nSubject\nMessage\nCheckboxes\nSEND US A MESSAGE AND WE’LL GET BACK TO YOU WITH A RESPONSE WITHIN 2 BUSINESS DAYS. I HAVE READ AND AGREE TO THE PRIVACY POLICY\nSEND\n5526 Timberlea Boulevard,\nMississauga, Ontario\nToll free:\n1 800 771 3942\nCompany\nContact Us\nAbout Us\nCareers\nFollow us\n© 2024 The Central Group\nPrivacy Policy\nAccessibility\nSite Map\nSite design by Graymatter\n© 2024 The Central Group",
    "https://www.centralgrp.com/case-studies/we-gamifed-snacks/": "WE GAMIFYED SNACKS - The Central Group\nCapabilities\nCompany\nCase Studies\nCareers\nContact Us\nHomepage\nCapabilities\nCompany\nCase Studies\nCareers\nContact Us\nDAVE & BUSTERS CHECKOUT-FREE STORE\nWE GAMIFIED SNACKS!\nRIGHT AT THE CENTER OF THINGS\nThe Central Group coordinated the entire project, building the store environment, ensuring that the contractors, brand, tech and location were all in the right place at the right time for a successful launch.\nBOOSTING BEVERAGE SALES\nIncremental beverage and snack sales soared with the new Game & Go store opening. Average weekly incremental sales of $3000 were a big boost for Dave & Busters AND their customers.\nA WIDE RANGE OF OFFERINGS\nGame & Go checkout-free store offers pre-packaged snacks, beverages, some over-the-counter pain medication and even canned beer and wine (an attendant check ID, and when not present the fridge is locked). The store offers approximately a thousand SKUs. The store is located in the Midway section of the complex, close to all the games.\nNO HIT TO RESTAURANT SALES\nDave & Busters was happy to report that there was no equivalent reduction in their existing food and beverage sales from their sit-down restaurants.\nRESULTS\n100% INCREMENTAL SALES\nINCREMENTAL BEVERAGE AND SNACK SALES SOARED IN THE NEW GAME & GO STORE OPENING. AVERAGE WEEKLY INCREMENTAL SALES OF $3000 WERE A BIG BOOST FOR DAVE & BUSTERS AND FOR THEIR CUSTOMERSAND their customers.\n< BACK TO ALL CASE STUDIES\n5526 Timberlea Boulevard,\nMississauga, Ontario\nToll free:\n1 800 771 3942\nCompany\nContact Us\nAbout Us\nCareers\nFollow us\n© 2024 The Central Group\nPrivacy Policy\nAccessibility\nSite Map\nSite design by Graymatter\n© 2024 The Central Group",
    "https://www.centralgrp.com/case-studies/a-modular-model/": "A MODULAR MODEL - The Central Group\nCapabilities\nCompany\nCase Studies\nCareers\nContact Us\nHomepage\nCapabilities\nCompany\nCase Studies\nCareers\nContact Us\nENERGIZER\nMULTIPLYING LIKE...BUNNIES!\nSO MANY BATTERIES\nEnergizer had a whole array of slightly different displays that were used across their retailer network. Each one was independently manufactured for a single retail application\nSO FEW DIFFERENCES\nIn reviewing the program, there were actually very few differences  from display to display, so there was a clear opportunity to consolidate design and save on manufacturing\nMODULARITY FOR THE SAVE\nOur modular program made the most of components, reducing the program down to 4 modular displays that used common pieces to accommodate all battery types\nAMAZING SAVINGS\nEnergizer was able to gain 3 major advantages:\r\n• Reduce the cost per display through volume production \u000b\r\n• Increase the display material available on hand to manage changing retailer demand\u000b\r\n• Decrease waste with almost no unused display material after co-packing\nRESULTS\nREDUCED COSTS PER DISPLAY\nThrough higher volume production and less waste\n< BACK TO ALL CASE STUDIES\n5526 Timberlea Boulevard,\nMississauga, Ontario\nToll free:\n1 800 771 3942\nCompany\nContact Us\nAbout Us\nCareers\nFollow us\n© 2024 The Central Group\nPrivacy Policy\nAccessibility\nSite Map\nSite design by Graymatter\n© 2024 The Central Group",
    "https://www.centralgrp.com/case-studies/a-sweet-impulse/": "A SWEET IMPULSE - The Central Group\nCapabilities\nCompany\nCase Studies\nCareers\nContact Us\nHomepage\nCapabilities\nCompany\nCase Studies\nCareers\nContact Us\nMARS WRIGLEY\nA BOLD MOVE FOR IMPULSE BUYS\nFLEXIBILITY & VERSATILITY\nMars Wrigley was looking for an attention-grabbing display with a small footprint that could be moved around for versatility in a variety of different retail store formats. The other parts of the equation added to the challenge - include multiple Mars Wrigley brands and get it to market quickly and efficiently.\nALL IN THE FAMILY\nTo meet these demands, we leveraged tooling from other projects we'd completed for Mars Wrigley reducing the development time. We designed a small footprint with maximum impact to accommodate eight of their popular confectionary brands, and made sure the display could be placed in multiple different store locations.\nAN ICONIC CHARACTER\nThe resulting display turned heads by featuring the iconic 3D Red M & M character. The small footprint of the display made it versatile enough to be moved around the store for maximum effectiveness in promoting impulse sales.\nLOCATION, LOCATION, LOCATION\nResults from this program were impressive. When the display was placed near the fresh deli section, 1 in 11 shoppers purchased an item from it. When it was placed near the checkout, sales were boosted by an incredible 40%!\nRESULTS\n40% SALES LIFT\nWHEN LOCATED NEAR CHECKOUT\n< BACK TO ALL CASE STUDIES\n5526 Timberlea Boulevard,\nMississauga, Ontario\nToll free:\n1 800 771 3942\nCompany\nContact Us\nAbout Us\nCareers\nFollow us\n© 2024 The Central Group\nPrivacy Policy\nAccessibility\nSite Map\nSite design by Graymatter\n© 2024 The Central Group",
    "https://www.centralgrp.com/case-studies/the-beautiful-season/": "THE BEAUTIFUL SEASON - The Central Group\nCapabilities\nCompany\nCase Studies\nCareers\nContact Us\nHomepage\nCapabilities\nCompany\nCase Studies\nCareers\nContact Us\nLANCÔME\nTHE MOST BEAUTIFUL SEASON\nTHE SILVER MEDAL GOES TO BEAUTY\nBeauty products rank as the second most popular Christmas gift globally, making the holiday a competitive season for sales. We helped Lancôme inspire their customers to choose their products for gift giving with this beautifully sustainable floor stand display.\nWRAPPED UP WITH A BOW\nWith 44% of people predicted to purchase beauty products as Christmas gifts, we conceptualized a display that would help put customers in a giving state of mind, and wrapped it all up like a luxurious gift. The whole package helped Lancôme stand out and eased the path to purchase for customers.\nA HOLIDAY MIRACLE\nThe fixture was made with a combination of sustainable materials and captured the essence of holiday gifting. With key placements in luxury boutique retailers, the resulting display was enticing to shoppers.\nTHE PERFECT GIFT\nThe impressive impulse and season appeal of the display, along with placement in locations that inspired purchase, made this display a truly perfect gift-buying experience for the consumer.\nRESULTS\nPREMIUM POSITION\nPROMOTES GIFT GIVING\n< BACK TO ALL CASE STUDIES\n5526 Timberlea Boulevard,\nMississauga, Ontario\nToll free:\n1 800 771 3942\nCompany\nContact Us\nAbout Us\nCareers\nFollow us\n© 2024 The Central Group\nPrivacy Policy\nAccessibility\nSite Map\nSite design by Graymatter\n© 2024 The Central Group",
    "https://www.centralgrp.com/case-studies/another-case-study/": "NOTHING HALF-BAKED - The Central Group\nCapabilities\nCompany\nCase Studies\nCareers\nContact Us\nHomepage\nCapabilities\nCompany\nCase Studies\nCareers\nContact Us\nWESTON FOODS\nFRESH-BAKED THINKING\nMUCH MORE THAN A HALF-BAKED IDEA\nIn order to compete with trendy, local bakeries, this nation-wide retailer was looking to create a refreshed in store destination for the in-store baked bread category.\nA WORK OF ART\nWe proposed straying from the standard, run-of-the-mill bread aisle, into a refined, artisanal-styled destination revamp.\nTHE RIGHT INGREDIENTS\nCombining elements of enhanced shopper navigation, communication, and artisanal graphics, this nationwide reinvention enhanced shopper appeal and drive higher conversions.\nBAKED TO PERFECTION\nThis close collaboration between retailer and category champions is yielding spectacular double-digit results while providing a refreshed destination in store.\nRESULTS\nDOUBLE-DIGIT INCREASE\nIN CATEGORY SALES\n< BACK TO ALL CASE STUDIES\n5526 Timberlea Boulevard,\nMississauga, Ontario\nToll free:\n1 800 771 3942\nCompany\nContact Us\nAbout Us\nCareers\nFollow us\n© 2024 The Central Group\nPrivacy Policy\nAccessibility\nSite Map\nSite design by Graymatter\n© 2024 The Central Group",
    "https://www.centralgrp.com/case-studies/lorem-ipsum/": "CONNECTIVI-TEA - The Central Group\nCapabilities\nCompany\nCase Studies\nCareers\nContact Us\nHomepage\nCapabilities\nCompany\nCase Studies\nCareers\nContact Us\nTETLEY CANADA\nCONNECTIVI-TEA\nFINDING A CONNECTION\nTetley wanted their displays to make a stronger product connection with their target audience - active, health-conscious women. We used our proprietary insights to help drive both the graphics and the design of the display\nSAME, ONLY BETTER\nThe shape of the display was designed with premium, curved lines and appealing, lifestyle imagery that gave a premium look and feel, but held fast to Tetley's well-established brand standards and marketing campaigns\nFLEXIBLE TO BE NATIONAL\nThe display structure had 4 simple components with bilingual graphics cards that could easily be swapped out for a truly local execution on a national sale\nDISPLAY IN DEMAND\nThe success of this display program was indisputable. Not only did national demand for the program increase by 23%, but the principles that drove the design are still very much a part of Tetley's national display programs today\nRESULTS\n23% INCREASE\nIN DISPLAYS SHIPPED OUT\n< BACK TO ALL CASE STUDIES\n5526 Timberlea Boulevard,\nMississauga, Ontario\nToll free:\n1 800 771 3942\nCompany\nContact Us\nAbout Us\nCareers\nFollow us\n© 2024 The Central Group\nPrivacy Policy\nAccessibility\nSite Map\nSite design by Graymatter\n© 2024 The Central Group",
    "https://www.centralgrp.com/case-studies/test/": "STAYING SHARP - The Central Group\nCapabilities\nCompany\nCase Studies\nCareers\nContact Us\nHomepage\nCapabilities\nCompany\nCase Studies\nCareers\nContact Us\nCCM HOCKEY\nSTAYING SHARP\nGETTING INTO THE GAME\nCCM came to us for a display that would get players into the middle of the action while they shopped for skates. They needed to feel the excitement of the game while getting a complete understanding of the technical features of the three models on display\nAND THE FIRST STAR IS....\nOur concept was to present the skates as the 3 stars of the game. The three models were placed on a pedestal display with lift-to-learn tech built in. Customers could pick up and handle the high performance skates, feeling the weight, balance and form. Lifting a skate triggered a built-in display that provided additional technical information.\nPUT ON A PEDESTAL\nUsing materials selected for durability and longevity, the display was built using heavy-gauge sheet metal for a stable base, a hero pedestal that held the “3 stars”, and a 42” display that was activated when a skate was picked up.\nTOP OF THE CONFERENCE PERFORMANCE\nThe display's innovative design and \u000bbrand-heavy approach, helped lift the 3 performance lines of skates featured on the display.\nRESULTS\n11% INCREASE IN SALES\nOVER NON-FEATURED MODELS\n< BACK TO ALL CASE STUDIES\n5526 Timberlea Boulevard,\nMississauga, Ontario\nToll free:\n1 800 771 3942\nCompany\nContact Us\nAbout Us\nCareers\nFollow us\n© 2024 The Central Group\nPrivacy Policy\nAccessibility\nSite Map\nSite design by Graymatter\n© 2024 The Central Group"
  },
  "doc_id": "3dadf598-dab5-5cbe-a5b4-a9c9c04635b3"
}