{
  "url": "http://coldwellbankeronline.com",
  "timestamp": 1734529187.4601896,
  "text_by_page_url": {
    "http://coldwellbankeronline.com/about/": "Request Rejected\nThe requested URL was rejected. Please consult with your administrator.\nYour support ID is: 15554954406373793536\n[Go Back]",
    "http://coldwellbankeronline.com/sitemap/offices/": "Request Rejected\nThe requested URL was rejected. Please consult with your administrator.\nYour support ID is: 15554954406370009765\n[Go Back]",
    "http://coldwellbankeronline.com/about/contact-us/": "Request Rejected\nThe requested URL was rejected. Please consult with your administrator.\nYour support ID is: 15554954406370017941\n[Go Back]",
    "http://coldwellbankeronline.com/find-offices/": "Request Rejected\nThe requested URL was rejected. Please consult with your administrator.\nYour support ID is: 15554954406373803920\n[Go Back]"
  },
  "doc_id": "3ac98213-521a-5b9f-a32e-f99f7e00693c"
}