{
  "url": "http://crf.com",
  "timestamp": 1735336009.3182504,
  "text_by_page_url": {
    "http://crf.com/sponsor-about": "Child Sponsorship -\n                        Christian Relief Fund\nPlease login to continue\nEmail\nPassword\nLogin\nHaving Trouble Logging In?\nReset your password\nDon't have an account?\nSign Up Now!\nRegister for a CRF Account.\nName\nEmail\nChoose Password\nConfirm Password\nRegister Now\nAlready have an account\nClick here to Login\nIf you have previously donated to CRF, please give us up to 5 business days to link to your new account to your existing record. Until that process is completed, you will not be able to see any of your prior giving in your account.\nPlease contact us if you have any questions!\nNOTICE: Javascript is disabled. Some features may not be available.\nSPONSOR\nCLEAN WATER\nABOUT\nGIVE\n0\nCheckout\nLOGIN\nChild Sponsorship\nWe are dedicated to holistic growth for children living in poverty.\nBy sponsoring a child through CRF, you are joining in God’s mission to give help and hope to children in need.\nEach child in our program is matched with only one sponsor. You and your sponsored child will be able to develop a personal, life-giving and encouraging relationship through letter writing, photos, and frequent updates. You can even visit your child in person to see how your commitment of sponsorship has made a difference in their life!\nSPONSOR A CHILD\nDancun Kipruto\nhas potential for a bright future.\nDOB: 05/02/2008\n|\nGender: Male\nLocation: Eldoret, Kenya\nJoseph Sitati\nis a cherished child of God.\nDOB: 11/08/2015\n|\nGender: Male\nLocation: CRF Kitale, Kenya\nJoyce James\nwas fearfully and wonderfully made!\nDOB: 04/03/2014\n|\nGender: Female\nLocation: Malindi, Kenya\nVIEW ALL CHILDREN\n500\nof 500 SPONSORED CHILDREN\nYOU DID IT!!\nThank you for helping us sponsor 500 children for our 50th anniversary! What a wonderful way to celebrate our history.\nThere are still many children in need of sponsorship and we are excited to continue this great work for another 50 years.\nSPONSOR A CHILD\nWhat does my Sponsored Child receive?\n$35 a month provides your sponsored child with:\n• The life-changing opportunity to attend school\n• Nourishing food and access to clean water\n• Medical care including regular health check-ups\n• New clothes and shoes\n• Participation in extracurricular activities and clubs\n• Spiritual guidance and Biblical teaching\nLearn more about our Model ›\nWhat can I expect?\nWhen you sponsor a child, you will receive:\n• A New Sponsor packet with your child’s story and photo\n• Information about how to\nwrite your child\n• A new photo of your child at least once per year\n• At least 2 letters from your child each year\n• Academic reports\nSPONSOR A CHILD\nHave more questions about sponsorship?\nCheck out our\nSponsor FAQs page\n.\nIn 2023, 92% of CRF’s expenses went straight to our programs benefitting children and communities around the world.\nLearn More\n>>\nIn 2023, 92% of CRF’s expenses went straight to our programs benefitting children and communities around the world.\nLearn More\n>>\nSPONSORSHIP\nWhat is Sponsorship?\nSponsor FAQs\nWrite your Child\nCLEAN WATER\nWhy Water?\nThe Impact\nABOUT\nAbout Us\nOur Model\nOur Team\nAccountability\nContact Us\nWAYS TO GIVE\nSponsor a Child\nGive Clean Water\nDisaster Relief\nGift Catalog\nBLOG\nAll Articles\nGET INVOLVED\nMission Trips\nChristian Relief Fund\nP.O. Box 19670\nAmarillo, TX 79114-1670\nPhone: 806.352.5030 (M-F: 9-5)\nFax: 806.352.0251\nPrivacy Policy\n|\nTerms of Use\n|\n© 2021 Christian Relief Fund. All rights reserved.\nChristian Relief Fund is a registered 501(c)(3) non profit organization. All donations in the United States are tax-deductible in full or part. EIN: 51-0183054\nNEWSLETTER SIGNUP\nThank you\nYou have successfully signed up for our newsletter.\nYour gifts provide water, shelter, education and the GOSPEL to children in need.\nTAKE ACTION NOW\nSPONSORSHIP\nWhat is Sponsorship?\nSponsor FAQs\nWrite your Child\nCLEAN WATER\nWhy Water?\nThe Impact\nABOUT\nAbout Us\nOur Model\nOur Team\nAccountability\nContact Us\nWAYS TO GIVE\nSponsor a Child\nGive Clean Water\nDisaster Relief\nGift Catalog\nBLOG\nAll Articles\nGET INVOLVED\nMission Trips",
    "http://crf.com/about": "About Us -\n                        Christian Relief Fund\nPlease login to continue\nEmail\nPassword\nLogin\nHaving Trouble Logging In?\nReset your password\nDon't have an account?\nSign Up Now!\nRegister for a CRF Account.\nName\nEmail\nChoose Password\nConfirm Password\nRegister Now\nAlready have an account\nClick here to Login\nIf you have previously donated to CRF, please give us up to 5 business days to link to your new account to your existing record. Until that process is completed, you will not be able to see any of your prior giving in your account.\nPlease contact us if you have any questions!\nNOTICE: Javascript is disabled. Some features may not be available.\nSPONSOR\nCLEAN WATER\nABOUT\nGIVE\n0\nCheckout\nLOGIN\nABOUT US\nChristian Relief Fund is a non-profit organization striving to empower orphans and vulnerable children to break the cycle of poverty.\nABOUT US\nChristian Relief Fund is a non-profit organization striving to empower orphans and vulnerable children to break the cycle of poverty.\nOUR FOCUS\nWe have two main areas of work: Child Sponsorship and Clean Water Projects.\nBut we don’t stop there. We also assist in providing disaster relief, planting churches and training ministers, starting schools and equipping teachers, and building medical clinics worldwide.\nChild Sponsorship\nCRF sponsors provide for the intellectual, physical, spiritual and social needs of thousands of children living in poverty.\nLearn More\nClean Water\n1 in 10 people lack access to clean water. Our water and sanitation programs have provided clean water more than 1,000,000 people.\nLearn More\nDisaster Relief\nWhen disaster strikes, CRF teams are on the ground providing for the physical, spiritual and emotional needs of those affected—especially children.\nChurch Planting\nOur eternal hope is Jesus Christ, so we are active in equipping church planters around the world. Many of our programs are led by local churches and leaders.\nMedical Care\nCRF provides medical care for some of the most vulnerable people on earth. From HIV/AIDS to maternity to preventative care, our partnered medical professionals are committed to work that helps entire communities thrive.\nWe are committed to pursuing our mission through these principles:\nCaring for Children\nCommitted to Christ\nWorking through Churches\nOperating with Authenticity\nWe are committed to pursuing our mission through these principles:\nCaring for Children\nCommitted to Christ\nWorking through Churches\nOperating with Authenticity\nA LITTLE BIT MORE ABOUT US\nOur Model\nOur Team\nAccountability\nA LITTLE BIT MORE ABOUT US\nOur Model\nOur Team\nAccountability\nIn 2023, 92% of CRF’s expenses went straight to our programs benefitting children and communities around the world.\nLearn More\n>>\nIn 2023, 92% of CRF’s expenses went straight to our programs benefitting children and communities around the world.\nLearn More\n>>\nSPONSORSHIP\nWhat is Sponsorship?\nSponsor FAQs\nWrite your Child\nCLEAN WATER\nWhy Water?\nThe Impact\nABOUT\nAbout Us\nOur Model\nOur Team\nAccountability\nContact Us\nWAYS TO GIVE\nSponsor a Child\nGive Clean Water\nDisaster Relief\nGift Catalog\nBLOG\nAll Articles\nGET INVOLVED\nMission Trips\nChristian Relief Fund\nP.O. Box 19670\nAmarillo, TX 79114-1670\nPhone: 806.352.5030 (M-F: 9-5)\nFax: 806.352.0251\nPrivacy Policy\n|\nTerms of Use\n|\n© 2021 Christian Relief Fund. All rights reserved.\nChristian Relief Fund is a registered 501(c)(3) non profit organization. All donations in the United States are tax-deductible in full or part. EIN: 51-0183054\nNEWSLETTER SIGNUP\nThank you\nYou have successfully signed up for our newsletter.\nYour gifts provide water, shelter, education and the GOSPEL to children in need.\nTAKE ACTION NOW\nSPONSORSHIP\nWhat is Sponsorship?\nSponsor FAQs\nWrite your Child\nCLEAN WATER\nWhy Water?\nThe Impact\nABOUT\nAbout Us\nOur Model\nOur Team\nAccountability\nContact Us\nWAYS TO GIVE\nSponsor a Child\nGive Clean Water\nDisaster Relief\nGift Catalog\nBLOG\nAll Articles\nGET INVOLVED\nMission Trips",
    "http://crf.com/team": "Our Team -\n                        Christian Relief Fund\nPlease login to continue\nEmail\nPassword\nLogin\nHaving Trouble Logging In?\nReset your password\nDon't have an account?\nSign Up Now!\nRegister for a CRF Account.\nName\nEmail\nChoose Password\nConfirm Password\nRegister Now\nAlready have an account\nClick here to Login\nIf you have previously donated to CRF, please give us up to 5 business days to link to your new account to your existing record. Until that process is completed, you will not be able to see any of your prior giving in your account.\nPlease contact us if you have any questions!\nNOTICE: Javascript is disabled. Some features may not be available.\nSPONSOR\nCLEAN WATER\nABOUT\nGIVE\n0\nCheckout\nLOGIN\nOUR TEAM\nChristian Relief Fund is a non-profit relief organization based in Amarillo, Texas. You can also find our teams hard at work in more than 20 countries around the globe.\nUS Staff\nMILTON JONES\nPresident/CEO\nKEVIN WASNER\nExecutive Director\nBOBBY MOORE\nVP, Global Operations\nANDREW BROWN\nVP, Strategic Growth\nCALEB DANSBY\nDirector of Marketing\nBEKAH CATES\nChild\nSponsorship Coordinator\nELLY REVELS\nChild Sponsorship Coordinator\nMONICA CEARLEY\nAdmin, Higher Education\nMADRENE TALLEY\nController/Accounting\nNICOLE GUTIERREZ\nExecutive Assistant\nJULIE SHIPMAN\nAccounting\nGAYLE BIGGERS\nExecutive Assistant\nKAREN TALLEY\nAccounting\nWe have field teams helping children and communities in:\nDominican Republic, El Salvador, Ethiopia, Guatemala, Haiti, Honduras, India, Kenya, Liberia, Malawi, Mexico, Nicaragua, Philippines, Romania, Uganda, Ukraine, United States, Zimbabwe\nBoard\nJIM BARNETT\nMIKE BIGGERS\nRICK CHANDLER\n,\nTreasurer\nERIC DAHL\nSCOTT GAGE\nMILTON JONES,\nPresident\nJULIE RAWLINS\nSCOTT SAGER\nISAUL VERDIN,\nSecretary\nAUDIE WAITE\nMICAH CARDEN,\nAdvisory Board\nKATARINA RICHARDSON,\nAdvisory Board\nBoard\nJIM BARNETT\nMIKE BIGGERS\nRICK CHANDLER\n,\nTreasurer\nERIC DAHL\nSCOTT GAGE\nASHLEY HUNTER\n,\nVice-President\nMILTON JONES,\nPresident\nJULIE RAWLINS\nSCOTT SAGER\nISAUL VERDIN,\nSecretary\nAUDIE WAITE\nIn 2023, 92% of CRF’s expenses went straight to our programs benefitting children and communities around the world.\nLearn More\n>>\nIn 2023, 92% of CRF’s expenses went straight to our programs benefitting children and communities around the world.\nLearn More\n>>\nSPONSORSHIP\nWhat is Sponsorship?\nSponsor FAQs\nWrite your Child\nCLEAN WATER\nWhy Water?\nThe Impact\nABOUT\nAbout Us\nOur Model\nOur Team\nAccountability\nContact Us\nWAYS TO GIVE\nSponsor a Child\nGive Clean Water\nDisaster Relief\nGift Catalog\nBLOG\nAll Articles\nGET INVOLVED\nMission Trips\nChristian Relief Fund\nP.O. Box 19670\nAmarillo, TX 79114-1670\nPhone: 806.352.5030 (M-F: 9-5)\nFax: 806.352.0251\nPrivacy Policy\n|\nTerms of Use\n|\n© 2021 Christian Relief Fund. All rights reserved.\nChristian Relief Fund is a registered 501(c)(3) non profit organization. All donations in the United States are tax-deductible in full or part. EIN: 51-0183054\nNEWSLETTER SIGNUP\nThank you\nYou have successfully signed up for our newsletter.\nYour gifts provide water, shelter, education and the GOSPEL to children in need.\nTAKE ACTION NOW\nSPONSORSHIP\nWhat is Sponsorship?\nSponsor FAQs\nWrite your Child\nCLEAN WATER\nWhy Water?\nThe Impact\nABOUT\nAbout Us\nOur Model\nOur Team\nAccountability\nContact Us\nWAYS TO GIVE\nSponsor a Child\nGive Clean Water\nDisaster Relief\nGift Catalog\nBLOG\nAll Articles\nGET INVOLVED\nMission Trips",
    "http://crf.com/contact": "Contact Us -\n                        Christian Relief Fund\nPlease login to continue\nEmail\nPassword\nLogin\nHaving Trouble Logging In?\nReset your password\nDon't have an account?\nSign Up Now!\nRegister for a CRF Account.\nName\nEmail\nChoose Password\nConfirm Password\nRegister Now\nAlready have an account\nClick here to Login\nIf you have previously donated to CRF, please give us up to 5 business days to link to your new account to your existing record. Until that process is completed, you will not be able to see any of your prior giving in your account.\nPlease contact us if you have any questions!\nNOTICE: Javascript is disabled. Some features may not be available.\nSPONSOR\nCLEAN WATER\nABOUT\nGIVE\n0\nCheckout\nLOGIN\nContact Us\nIn 2023, 92% of CRF’s expenses went straight to our programs benefitting children and communities around the world.\nLearn More\n>>\nIn 2023, 92% of CRF’s expenses went straight to our programs benefitting children and communities around the world.\nLearn More\n>>\nSPONSORSHIP\nWhat is Sponsorship?\nSponsor FAQs\nWrite your Child\nCLEAN WATER\nWhy Water?\nThe Impact\nABOUT\nAbout Us\nOur Model\nOur Team\nAccountability\nContact Us\nWAYS TO GIVE\nSponsor a Child\nGive Clean Water\nDisaster Relief\nGift Catalog\nBLOG\nAll Articles\nGET INVOLVED\nMission Trips\nChristian Relief Fund\nP.O. Box 19670\nAmarillo, TX 79114-1670\nPhone: 806.352.5030 (M-F: 9-5)\nFax: 806.352.0251\nPrivacy Policy\n|\nTerms of Use\n|\n© 2021 Christian Relief Fund. All rights reserved.\nChristian Relief Fund is a registered 501(c)(3) non profit organization. All donations in the United States are tax-deductible in full or part. EIN: 51-0183054\nNEWSLETTER SIGNUP\nThank you\nYou have successfully signed up for our newsletter.\nYour gifts provide water, shelter, education and the GOSPEL to children in need.\nTAKE ACTION NOW\nSPONSORSHIP\nWhat is Sponsorship?\nSponsor FAQs\nWrite your Child\nCLEAN WATER\nWhy Water?\nThe Impact\nABOUT\nAbout Us\nOur Model\nOur Team\nAccountability\nContact Us\nWAYS TO GIVE\nSponsor a Child\nGive Clean Water\nDisaster Relief\nGift Catalog\nBLOG\nAll Articles\nGET INVOLVED\nMission Trips"
  },
  "doc_id": "e3dafd1b-5fef-5df5-99b2-f9d4be8dbc51"
}