{
  "url": "http://derbyks.com",
  "timestamp": 1735550961.005392,
  "text_by_page_url": {
    "http://derbyks.com/9/About-Us": "About Us  | Derby, KS - Official Website\nSkip to Main Content\nCreate a Website Account\n- Manage notification subscriptions, save form progress and more.\nWebsite Sign In\nAbout Us\nGovernment\nCity Services\nCommunity\nHelp Center\nSearch\n2025 Derby Difference Sales Tax\nAnnual Events\nCity Tree Lighting\nCitywide Garage Sale\nJuly 4 in Derby\nHoliday Lights Contest\nSmoke on the Plains BBQ & Music Fest\nThird Thursday\nHalloween Home Decorating Contest\nBusiness Hours\nDemographics\nDerby Proud\nExplore Derby\nHistory\nMaps\nMeet in Derby\nNews\nPhoto Gallery\nStaff Directory\nSTAR Bonds\nAgendas & Minutes\nNews\nVision, Mission & Values\nWhy Choose Derby?\nHome\nAbout Us\nAbout Us\n9\n1\n1\n2\n2025 Derby Difference Sales Tax\n2025 Derby Difference Sales Tax Overview\nAnnual Events\nDerby is home to a number of annual events, including the  Derby BBQ Festival, Tree Lighting, Independence Day Celebration and more.\nBusiness Hours\nThe Derby Dash changed its operating hours in February 2013.\nDemographics\nResearch key statistics and features of Derby.\nDerby Proud\nWe want to know why you are Derby Proud. Leave your thoughts here.\nExplore Derby\nLearn about all the great reasons to stay and play in Derby.\nHistory\nRead about the history of Derby's beginnings.\nMaps\nView useful and detailed maps of the area.\nMeet in Derby\nFind a meeting space for your wedding, reunion, corporate party and more.\nNews\nRead all the latest news stories and events.\nPhoto Gallery\nView photo collections of local events, activities, and landmarks.\nStaff Directory\nGet in contact with local city employees and officials.\nSTAR Bonds\nVision, Mission & Values\nLearn about the strategic vision, mission and values of the City of Derby.\nWhy Choose Derby?\nLearn why Derby should be your next home.\nCareers\nOnline Payments\nService Requests\nNews Alerts\nAgendas/Minutes\nPermits/Licenses\nContact Us\nCity of Derby\n611 Mulberry Road, Suite 300\nDerby, KS 67037-3533\nPhone:\n316-788-1519\nFax:\n316-788-6067\nEmail Us\nHelpful Links\nDerby Chamber of Commerce\nDerby Community Foundation\nDerby Public Library\nDerby Public Schools\nDerby Recreation Center\n/QuickLinks.aspx\nSite Links\nHome\nSite Map\nContact Us\nWeRDerby\nAccessibility\nCopyright Notices\n/QuickLinks.aspx\nGovernment Websites by\nCivicPlus®\nLoading\nLoading\nDo Not Show Again\nClose\nArrow Left\nArrow Right\n[]\nSlideshow Left Arrow\nSlideshow Right Arrow",
    "http://derbyks.com/27/Government": "Government | Derby, KS - Official Website\nSkip to Main Content\nCreate a Website Account\n- Manage notification subscriptions, save form progress and more.\nWebsite Sign In\nAbout Us\nGovernment\nCity Services\nCommunity\nHelp Center\nSearch\nAgendas/Minutes\nBoards & Commissions\nADA Advisory Board\nCommunity Development Advisory Board\nBoard of Construction, Trades & Appeals\nDerby Recreation Commission Board\nEl Paso Water Company Board of Directors\nLibrary Board\nParks & Urban Forestry Board\nPlanning Commission\nSenior Services Advisory Board\nBoard of Zoning Appeals\nCity Council\nAgendas & Minutes\nElection Information\nWard I\nWard II\nWard III\nWard IV\nCity Council Redistricting\nMayor\nDerby Blog\nKey to the City\nMayor's Award of Excellence\nPublic Forum\nStrategic Plan\nWatch Public Meetings\nWard Map\nHome\nGovernment\nGovernment\n9\n1\n1\n2\nAgendas/Minutes\nView agendas and minutes for the City Council and the city's boards and commissions.\nBoards & Commissions\nLearn about the city's boards and commissions.\nCity Council\nFind information about the city council and governing body for each ward.\nCity Council Redistricting\nMayor\nMeet the Mayor of Derby and learn about his responsibilities.\nPublic Forum\nDo you have an idea, concern or question about local government? Come talk to the City Council during the Public Forum.\nStrategic Plan\nLearn about the Council's strategic vision and mission for the City of Derby.\nWatch Public Meetings\nView videos of past meetings of the City Council, Planning Commission and Derby School Board.\nWard Map\nCareers\nOnline Payments\nService Requests\nNews Alerts\nAgendas/Minutes\nPermits/Licenses\nContact Us\nCity of Derby\n611 Mulberry Road, Suite 300\nDerby, KS 67037-3533\nPhone:\n316-788-1519\nFax:\n316-788-6067\nEmail Us\nHelpful Links\nDerby Chamber of Commerce\nDerby Community Foundation\nDerby Public Library\nDerby Public Schools\nDerby Recreation Center\n/QuickLinks.aspx\nSite Links\nHome\nSite Map\nContact Us\nWeRDerby\nAccessibility\nCopyright Notices\n/QuickLinks.aspx\nGovernment Websites by\nCivicPlus®\nLoading\nLoading\nDo Not Show Again\nClose\nArrow Left\nArrow Right\n[]\nSlideshow Left Arrow\nSlideshow Right Arrow",
    "http://derbyks.com/8/City-Services": "City Services | Derby, KS - Official Website\nSkip to Main Content\nCreate a Website Account\n- Manage notification subscriptions, save form progress and more.\nWebsite Sign In\nAbout Us\nGovernment\nCity Services\nCommunity\nHelp Center\nSearch\nADA\nADA Advisory Board\nHuman Resources\nAdministration\nDerby Blog\nCity Manager's Profile\nCity Clerk\nAgendas & Minutes\nCity Code\nElection Information\nOpen Records Request\nResolutions\nLegislative Relations\nAnimal Control\nBuilding Inspections & Codes\nCity Attorney\nCharter Ordinances\nCity Code\nMunicipal Court\nCity Clerk\nCity Municipal Code\nCode Enforcement\nCity Municipal Code\nCode Compliance Process\nProperty Maintenance Regulations\nNeighborhood Maintenance Grant Program\nReport a Concern\nPublic Works\nCommunications\nWatch Public Meetings\nDerby Blog\nDerby News\nHalloween Decorating Contest\nHoliday Lights Contest\nNews Releases\nParade of Homes\nThird Thursday\n2022 Events\n2023 Events\nArtist Application\nSponsorships\nSponsorship Application\n2024\nDerby Dash Public Transportation\nSenior Services\nEconomic Development\nRegister and Start Your Business\nBusiness Registration Renewal\nCommercial Facade Improvement Program\nDemographics\nESRI Reports\nEconomic Development Incentives\nEconomic Development Priorities\nEmployment and Workforce\nPublic Improvement Finance Policy\nTaxes & Fees\nWest End Business Park\nEV Charging Station\nEmergency Management\nDerby Fire & Rescue\nDerby Police Department\nSevere Weather Safety\nFinance\nAccounting\nBids & Proposals\nBudget\nDerby Difference Sales Tax\nParks & Trails\nPublic Safety\nStreets & Sidewalks\n2015 Derby Difference Sales Tax\nNews\nFees & Policies\nFinancial Reports\nPerformance Measures\nPermits/Applications\nProperty Taxes\nSpecial Assessments\nVendor Application\nWater Customer Service\nFire & Rescue\nAbout Us\nMessage from the Fire Chief\nFire History\nFirefighter of the Year\nEmergency Services\nFire Stations\nFire Apparatus & Equipment\nAnswering the Alarm\nFire Prevention\nFire Marshal\nFree Smoke Alarm Program\nFire Code Enforcement & Inspections\nOpen Burning\nNational Fire Safety Council Fire Pup Program\nFireworks\nFireworks Safety\nFire Safety Tips\nIROL & Fire Protection Systems\nSevere Weather Safety\nVolunteer\nPhotos\nForms\nEmergency Alerts\nFloodplain Management\nHomeowners Associations\nHuman Resources\nBenefits\nWellness\nJob Openings\nEmployee Testimonials\nTotal Compensation Calculator\nWeRDerby Intranet\nBe Well Derby\nPower Hour Library\nCEAC\nCity Scoop\nEmployee Resources\nUnited Way\nChili Cook-off\nInformation Technology\nADA\nBids & RFPs\nMaps\nMaps\nMunicipal Court\nCity Attorney\nCity Prosecutor\nCourt Services Officer\nMunicipal Judge\nForms & Documents\nParks\nReport a Concern\nChip Site\nCity Grill\nDecarsky Park\nDerby Difference Sales Tax\nHigh Park\nMadison Avenue Central Park\nRock River Rapids\nWarren Riverview Park\nPark Facility Rentals\nParks Email Newsletter\nSubscribe\nArchives\nParks Listing\nParks Master Plan\n2008 Parks and Recreation Plan Update\nFishing\nPlanting Guide\nPlanning & Engineering\nBids & RFPs\nBuilding Inspections & Codes\nDerby Police Department\nEconomic Development\nEngineering\nQuiet Zone Study\nSpring Creek Study\nStandard Detail Drawings\nTechnical Specifications for Public Improvements\nHOA Information\nMaps/GIS\nNeighborhood Award Program\nPermits, Licenses & Registration Applications\nPlanning & Zoning\n47th-55th Street South Joint Area Plan\nDerby-Mulvane Joint Area Plan\nHousing Study\nK-15 Area Plan\nSubdivision Regulations\nWalkable Development Plan\nWest End Study\nVision Derby 2040 Comprehensive Plan\nZoning Regulations\nShort-Term Rental Permit & Registration\nPolice\nAnimal Control\nAnimal Waste\nLost Pets\nPet Licensing\nVicious Animals\nCALEA Public Comment\nCall 911\nDivisions\nAdministration\nDerby Blog\nPatrol Division\nPatrol Teams\nCommunity Education\nCitizens Police Academy\nNeighborhood Watch\nUnderage Drinking Prevention\nYouth Citizen Police Academy\nTechnical Services\nChaplains\nInvestigations\nPolice Support Specialist\nCrime Prevention\nDomestic Violence\nCrime Stoppers\nEvents\nForms\nAlarm Registration\nBullying Report Form\nComplaints / Commendations\nIdentity Theft Packet\nVacation Home Alert Request\nVehicle Inspection Report\nVehicle Inspection - Solid Waste Collection Vehicles\nFound Property\nGolf Carts\nJoin DPD\nBenefits\nDemographics\nNew Resident Information\nMicromobility Devices\nPolicies\nStaff Directory\nPublic Works\nReport a Concern\nCity Grill\nCode Enforcement\nFacilities\nFlood Plain Management\nMaps\nParks\nPublic Right-of-Way\nTrees and Shrubs\nService Line Warranties\nStormwater\nStreets\nWastewater\nWater\nSenior Services\nDerby Dash Public Transportation\nFood Services\nNewsletters\nOnline Resources\nPrescription Assistance\nSenior Services Advisory Board\nStormwater\nPollution Prevention\nReport a Concern\nPublic Works\nFlood Plain Management\nStreets\nReport a Concern\nSnow Routes\nStreet Sweeping\nPublic Works\nRight of Way Maintenance\nTrash & Recycling\nResidential Trash Services\nCurbside Recycling\nTrash Franchise Information\nCommercial Trash Services\nWastewater\nReport a Sewer Problem\nFlood Plain Management\nPublic Works\nStormwater\nWater\nWater\nCustomer Portal\nAuto-Pay Plan\nBackflow Prevention\nConsumer Confidence Report\nGovernance\nHistory\nRain Sensors\nReport a Concern\nUtility Bill Inserts\nUtility Fund Assistance Program\nWater Conservation\nWater Conservation Rebate Program\nWater Rates\nHome\nCity Services\nCity Services\n9\n1\n1\n2\nADA\nADA\nAdministration\nLearn about our city manager and how the City is managed.\nAnimal Control\nFind lost pets and the City's laws regarding licensing, animal waste and vicious animals.\nBuilding Inspections & Codes\nYour resource for construction permit and license information.\nCity Attorney\nFind information about the City Code and charter ordinances.\nCity Clerk\nCity Municipal Code\nDerby City Code\nCode Enforcement\nLearn about enforcement of nuisance codes, how to report a violation and trash and recycling rules.\nCommunications\nNews releases, advertising, marketing and event management for the City of Derby.\nDerby Dash Public Transportation\nDerby's public transportation available five days a week.\nEconomic Development\nLearn about resources to grow your business in Derby.\nEmergency Management\nFinance\nThe city budget, taxes, special assessments, performance measures and more.\nFire & Rescue\nFire prevention, free smoke detector and carbon monoxide detector programs, business inspections and more.\nFloodplain Management\nProtecting your property from flooding.\nHomeowners Associations\nHuman Resources\nCome work with us! Learn about employment opportunities, benefits and policies.\nInformation Technology\nComputer systems management and facility maintenance.\nMaps\nMaps of wards, school boundaries, zoning, truck routes, streets and more.\nMunicipal Court\nPay citations online and learn about court processes.\nParks\nRequest playground repairs and learn about parks.\nPlanning & Engineering\nDevelopment regulations, zoning and permits.\nPolice\nLearn about crime prevention and animal control, and how to contact your beat officer.\nPublic Works\nFind information about streets, parks, water, wastewater, stormwater and code enforcement.\nSenior Services\nLearn about events, activities, transportation and ways to stay active.\nStormwater\nLearns ways to prevent stormwater pollution in our community.\nStreets\nSnow routes, street sweeping and maintenance of 333 miles of streets and alleys.\nTrash & Recycling\nLearn about the City's trash and recycling services.\nWastewater\nLearn about the city's extensive Wastewater system and treatment facility.\nWater\nPay your bill, learn about rain sensors and water conservation, and view water rates.\nCareers\nOnline Payments\nService Requests\nNews Alerts\nAgendas/Minutes\nPermits/Licenses\nContact Us\nCity of Derby\n611 Mulberry Road, Suite 300\nDerby, KS 67037-3533\nPhone:\n316-788-1519\nFax:\n316-788-6067\nEmail Us\nHelpful Links\nDerby Chamber of Commerce\nDerby Community Foundation\nDerby Public Library\nDerby Public Schools\nDerby Recreation Center\n/QuickLinks.aspx\nSite Links\nHome\nSite Map\nContact Us\nWeRDerby\nAccessibility\nCopyright Notices\n/QuickLinks.aspx\nGovernment Websites by\nCivicPlus®\nLoading\nLoading\nDo Not Show Again\nClose\nArrow Left\nArrow Right\n[]\nSlideshow Left Arrow\nSlideshow Right Arrow",
    "http://derbyks.com/466/Annual-Events": "Annual Events | Derby, KS - Official Website\nSkip to Main Content\nCreate a Website Account\n- Manage notification subscriptions, save form progress and more.\nWebsite Sign In\nAbout Us\nGovernment\nCity Services\nCommunity\nHelp Center\nSearch\nCity Tree Lighting\nCitywide Garage Sale\nJuly 4 in Derby\nHoliday Lights Contest\nSmoke on the Plains BBQ & Music Fest\nThird Thursday\nHalloween Home Decorating Contest\nHome\nAbout Us\nAnnual Events\nAnnual Events\nDerby Community Foundation: Experience Brazil\nFebruary 24, 2024\nThe Venue at Madison Avenue Central Park, 512 E. Madison Ave.\nProceeds benefit the\nDerby Community Foundation's\nCommunity Enrichment Grant Program.\nThird Thursday\nThird Thursday is a time to celebrate the arts in Derby. Enjoy live music, artist exhibits, adult beverages, food truck fare and more. This is a free event sponsored by the City of Derby and the Derby Public Library for all to enjoy. Learn more at\nDerbyKS.com/thirdthursday\n.\nHorses, Hats & Roses: A Kentucky Derby Fundraiser\nMay 4, 2024,\nJoin the Derby Historical Society & Museum for a Kentucky Derby Fundraiser to benefit the Museum.\nTickets go on sale March 1. Individual tickets are $75 each and a table for 8 is $600. Your ticket includes a Mint Julip, hors d’oeuvres and dinner. The event features a Hat & Attire Contest, Thoroughbred Horse and Jockey photo op, games, wine pull, a photo booth and Kansas-style betting on the Derby. Visit\nDerbyKSHistoryMuseum.org\nfor more information. Purchase tickets on the website or call Jane at 316-788-1797.\nCitywide Garage Sale\nMay 9, 10 & 11, 2024\nThe Rotary Club of Derby is in its fourth year of organizing the\nDerby Citywide Garage Sale\nafter Crime Stoppers of Derby held the sale for 28 years.\nCost: $10\nRegistration runs from April 1 thru May 2 at noon.\nWhere to sign up: Derby Recreation Center, 801 E. Market and Derby Public Library, 1600 Walnut Grove - cash, check, and debit/credit cards accepted\nSponsored by the\nDerby Rotary Club\n.\n13th Annual Smoke on the Plains BBQ & Music Fest\nJune 7 & 8, 2024\nHigh Park, 2801 E. James St. / Live music, food trucks and BBQ competition\nJoin us for the 13th Annual Smoke on the Plains Derby BBQ & Music Fest.\nThis free, fun and family-friendly event is Derby's largest gathering. Visit\nDerbyBBQ.com\nfor all the event details.\nIndependence Day Parade\nJuly 4 at 10 a.m.\nSponsored by the Derby VFW Post 7253.\nContact: Dale Webster, 316-789-8244,\nwww.vfw7253.org\nFireworks in the Park\nJuly 4 at 6 p.m. (Fireworks begin at approx. 9:30 p.m.)\nBring a blanket and lawn chair and enjoy a fun evening in Derby at High Park with food trucks and fireworks.\nFood trucks TBA\nADA parking will be available at the Darrell Zimmerman Family Shelter parking lot.\nNo personal fireworks or alcohol allowed in the park.\nVisit the\nJuly 4 in Derby\npage for more information.\nQuestions? Call Public Works at 788-0301 or email info@derbyweb.com\nNational Night Out\nAugust 2024\nRock River Rapids, 1900 E. James St.\nNational Night Out is a time to get together with neighbors and friends and celebrate our community with a free evening swim and activities. The Derby Police Department and Derby Fire & Rescue will have trucks and vehicles for kids to explore, a bike rodeo and Safety Town.\nChamber Chili Cook-off\nOctober 2024 (Date TBA), 11 a.m. to 2 p.m.\nHigh Park, 2801 E. James St.\nJoin the Derby Chamber of Commerce for its annual Chamber Chili Cook-off. Participation as a contestant is only open to Chamber members and there is no charge to compete. Chili tasting and voting is open to the public for $5 per person.\nHoliday Events\n5th Annua\nl Holiday Lights Contest\nDec. 6-28, 2024\nFill out the\nonline registration form\n.\nThe City of Derby invites residents to decorate their yard, house or both. Judges will pick their favorite displays, and the public will vote for the People’s Choice prize on Facebook. Anyone who lives in the Derby city limits is eligible to participate. If you have questions, email info@derbyweb.com or call Janae’ Springer at 788-1519 ext. 1232.\n17th Annual Christmas Tree Lighting Celebration\nNov. 21, 2023, 6 to 8 p.m.\nMadison Avenue Central Park, 512 E. Madison Ave.\nThis kickoff to the holiday season will have the Mayor lighting the tree as well as the following:\nHot cocoa with toppings\nFree cookies\nFree kettle corn\nFood trucks\nHoliday music as you walk around the park and enjoy the lights.\nPhotos with Santa in the Pavilion\nKid's crafts in the Venue\nDerby Operation Holiday will be accepting non perishable food items and new toys in The Venue for families who live in the Derby Public School District.\nQuestions? Call Public Works at 788-0301 or email\nShana\n.\nS\nponsored by the City of Derby.\n7th Annual Christmas Tree Gala Week & Bake Sale\nDec. 2-5, 10 a.m.-2 p.m. | Dec. 6 5-8 p.m.| Dec. 7, 9 a.m.-3 p.m.\nHubbard Arts Center, 309 N. Woodlawn\nGuests can view the trees and gift baskets up for grabs, as well as enter raffle tickets. There will also be a bake sale offering cookies, breads, candies, pies and more.\nProceeds go toward operation of the Derby Historical Museum.\nQuestions? Contact Susan Swaney at 316-258-0577.\nSt. Mary's Cookie Extravaganza\nDec. 7, 9 a.m. to 4:00 p.m.\nSt Mary Catholic Church, Knights Hall\n2300 E. Meadowlark Rd.\nFill a Christmas tin with delicious homemade Christmas cookies (price range is $7 to $15). Benefits the Derby Neighbor Ministry.\nMistletoe Market Craft Show\nDec. 7, 2024, 9 a.m. to 4 p.m.\nSwaney Elementary School, 501 E. English St.\nShop, eat, and find a place to rest your feet at your 2023 Swaney PTS Mistletoe Market! They will open the school doors to local vendors and small businesses to create a fun holiday shopping event for the entire community. There is a $1 donation for admission. and a $5 (cash only) make and take craft. The proceeds benefit the teachers and students of Swaney Elementary.\nQuestions? Contact\nswaneymistletoemarket@gmail.com\n. Parents and Teachers of Swaney appreciate your support!\nHoliday Extravaganza\nSaturday, Dec. 2, 9 a.m. to 3 p.m.\nFaith Lutheran School, 208 S. Derby Ave.\nFind the perfect holiday gifts for your friends and family. Free admission.\nKansas Grown Farmers Market  Indoor Winter Market\nSaturday, Dec. 7, 2024 from 8 a.m. to 2 p.m.\nThe Pavilion at Madison Avenue Central Park, 512 E. Madison Ave.\nEnjoy a variety of vendors with Kansas-made products.\nLearn more about Kansas Grown at\nKansas Grown Farmers Market\n.\nWinterfest Arts & Crafts Bazaar\nSaturday, Dec. 7, 2024, 9 a.m. to 3 p.m.\nWoodlawn United Methodist Church, 431 S. Woodlawn Blvd.\nFree admission.\nThe 25th Annual WUMC Winterfest is one of the largest winter craft fairs in Derby! Over 90 vendors offer a wide variety of hand-crafted items, art, food, clothing, home decor and more. Find the perfect gift for everyone on your list.\nChristmas Parade\nSaturday, Dec. 7, 2024 at 6 p.m.\nCelebrate the holidays at the annual Christmas Parade, this year's theme is Santa's Workshop. Register to participate\nhere\n. The route begins at Panther Stadium, proceeds west on Madison to Georgie, south on Georgie to Market, and east on Market back to Panther Stadium.\nSponsored by the\nDerby Chamber of Commerce\n.\n5\nth Annual Christmas in the Park\nDec, 14, 9 a.m. to 6 p.m.\nMadison Avenue Central Park, 512 E. Madison Ave.\nCome enjoy the holiday season at Madison Avenue Central Park. Get your photo taken with Santa, make a kids craft, ride the carousel, listen to local musical talent, take a horse drawn carriage ride and much more.\nPresented by Olmsted Insurance and Financial Services Agency, Derby Recreation Commission, and Derby Public Library.\nSanta Paws\nDecember 7, 11 a.m. to 1 p.m.\nHigh Park Zimmerman Shelter, 2801 E. James St.\nGet your pup's photo taken with Santa for $5.\nSponsored by the Derby Recreation Commission.\nCareers\nOnline Payments\nService Requests\nNews Alerts\nAgendas/Minutes\nPermits/Licenses\nContact Us\nCity of Derby\n611 Mulberry Road, Suite 300\nDerby, KS 67037-3533\nPhone:\n316-788-1519\nFax:\n316-788-6067\nEmail Us\nHelpful Links\nDerby Chamber of Commerce\nDerby Community Foundation\nDerby Public Library\nDerby Public Schools\nDerby Recreation Center\n/QuickLinks.aspx\nSite Links\nHome\nSite Map\nContact Us\nWeRDerby\nAccessibility\nCopyright Notices\n/QuickLinks.aspx\nGovernment Websites by\nCivicPlus®\nLoading\nLoading\nDo Not Show Again\nClose\nArrow Left\nArrow Right\n[]\nSlideshow Left Arrow\nSlideshow Right Arrow",
    "http://derbyks.com/563/News": "News | Derby, KS - Official Website\nSkip to Main Content\nCreate a Website Account\n- Manage notification subscriptions, save form progress and more.\nWebsite Sign In\nAbout Us\nGovernment\nCity Services\nCommunity\nHelp Center\nSearch\nAgendas & Minutes\nNews\nHome\nAbout Us\nSTAR Bonds\nNews\nNews\n2/7/23\nMorgan's Steakhouse Slated for Derby\n5/11/22\nDerby City Council approves final STAR bond project phase\n5/10/22\nDerby tourist development plan passes final phase\n5/10/22\nDerby City Council approves STAR bond project final phase\n4/4/22\nWichita Eagle\n:\nEntertainment Complex with Restaurant, Sand Volleyball to Open Soon in Wichita Suburb\n10/28/21\nCity approves STAR bond district expansion to explore potential development\n10/17/21\nDerby City Council expands STAR bond district for 'Crystal Lagoons'\n10/15/21\nDestination Derby: Leaders say STAR Bond projects help transform the city into a regional draw\n10/15/21\nDerby hosting public STAR bond hearing Oct. 26\n9/17/21\nDerby eyes public access beach for STAR bond district\n9/16/21\nDerby considers 'final phase' of STAR bond development\n9/1/21\nCity OKs annexation for STAR bond expansion\n2/26/20\nDerby Informer Letter to the Editor\n8/20/19\nDerby Informer\n:\nZoning change provides progress on new attraction\n7/7/19\nOklahoma City Moms Blog:\nYour Kid's Dino Dreams Come True: Field Station Dinosaurs\n5/28/19\nKSN Good Day Kansas:\nField Station: Dinosaurs\n5/1/19\nMidwest Living Magazine:\nGo Wild at These 5 Midwest Stops\n1/1/19\nKansas Travel Guide: Your Guidebook for Family Adventure\n8/5/18\nThe Oklahoman\n:\nNew Field Station: Dinosaurs brings historic adventure back to Kansas prairie\n5/27/18\nInquisitr:\nDinos take over Derby in 'extravagant' dino theme park\n5/27/18\nFox 4 News Kansas City:\nNew $6.5 million dinosaur-themed park opens in Kansas\n5/26/18\nU.S. News & World Report:\n6.5 million dinosaur-themed park opens in Derby\n5/26/18\nHays Post\n:\nNew $6.5 million dinosaur-themed park opens in Kansas\n5/25/18\nKWCH News:\nField Station: Dinosaurs ready for opening weekend in Derby\n5/25/18\nWichita Eagle:\nDerby's extravagant new dinosaur park opens this weekend\n5/23/18\nDerby Informer\n:\n(Almost) everything you need to know about Field Station: Dinosaurs\n5/18/18\nHutchinson News:\nField Station: Dinosaurs announces ticket prices, hours\n5/8/18\nKSN News:\nInside Derby's dino park: \"Dinosaur doctors\" glue, stitch and paint animals\n4/30/18\nVisit Wichita:\nLargest dinosaur theme park in the country to open in the Wichita area\n4/19/18\nGlobal Newswire:\nField Station Dinosaurs Announces Management Team as Opening Date News for New Park in Kansas\n4/16/18\nGlobal Newswire:\nDinosaurs return to Kansas!\n4/13/18\nKSN News:\nDerby dinosaurs roar into town, park to open soon\n4/12/18\nKAKE News:\nDinosaurs arrive in Derby\n4/12/18\nKAKE News:\nLargest animatronic dino park in North America to open in Derby\n4/11/18\nKWCH News:\nWhere's Shane? Field Station Dinosaurs\n2/21/18\nDerby Informer\n:\nDinosaur arrives to promote area attraction\n2/16/18\nKAKE News:\nDerby Dino park sneak peak\n2/14/18\nDerby Informer\n:\nField Station: Dinosaurs gears up for initial hiring\n1/24/18\nDerby Informer\n:\nDino park plans approved by commission\n11/22/17\nDerby Informer\n:\nEvent provides preview of dino park\n11/16/17\nKSN News:\nField Station: Dinosaurs interview\n11/16/17\nKAKE News:\nStudents get sneak peak of dinosaur park\n11/16/17\nKAKE News:\nField Station Dinosaurs brings education with entertainment\n11/16/17\nWichita Business Journal:\nExecutive wants dinosaur-themed park to help promote Wichita-area tourism\n(subscription required)\n5/24/17\nDerby Informer\n:\nFirm lands contract for dino park design\n5/16/17\nWichita Business Journal:\nArchitect selected for Derby dinosaur attraction\n5/3/17\nDerby Informer\n:\nDino park set for summer 2018 opening\n4/12/17\nFodor's Travel:\nWorld's best spots for dinosaur fans\n3/29/17\nDerby Informer\n:\nPartnership set for Derby's dino park\n3/22/17\nDerby Informer:\nSTAR bonds officially in place for dino development\n3/15/17\nWichita Business Journal:\nDerby finalizing STAR bond financing\n3/8/17\nDerby Informer\n:\nSTAR bonds approved\n2/26/17\nWichita Eagle\n:\nNew hospital, dinosaur park expected to open next year in Derby\n2/1/17\nDerby Informer:\nCouncil approves plat for dino park development\n1/11/17\nDerby Informer:\nNew hospital to be bigger than first planned\n1/4/17\nDerby Informer:\nSTAR bond district plans move forward\n12/27/16\nDerby Informer:\nDinosaur park on its way to reality\n11/4/16\nNJ.com:\nJurassic migration: N.J. dinosaur park to expand out of state\n10/21/16\nWichita Business Journal:\nDerby receives some 'good news' on STAR bond proposal\n8/31/16\nDerby Informer:\nSTAR bond fate in hands of the state\n7/27/16\nDerby Informer:\nDino park, STAR bond district gets green light\n7/27/16\nWichita Business Journal:\nMorning Roundup: Derby dinosaur project approved\n7/26/16\nWichita Eagle:\nDerby dinosaur project now in state hands\n7/20/16\nKansas City Business Journal:\nKansas could become home to 'world's largest moving dinosaurs'\n7/19/16\nWichita Eagle\n:\nWorld's largest moving dinosaurs could come to life in Derby\n7/13/16\nDerby Informer:\nPublic Comment Split on Dinosaur Park, STAR Bond District\n7/13/16\nKWCH News:\nKC, Mo.-based real estate group to develop $40 million hospital in Derby\n7/13/16\nKAKE News:\nNew Hospital Planned in Derby\n7/14/16\nWichita Eagle\n:\n$40 Million Hospital Planned for Derby\n7/6/16\nDerby Informer\n:\nDino Park is Scary to Some\n6/29/16\nDerby Informer:\nWill Derby Bite on the Dinosaur Park?\n6/9/16\nDerby Informer\n:\nDinosaur Project Estimated at Over $159 Million\n6/8/16\nWichita Business Journal:\nDevelopers Attach $159 Million Price Tag to Proposed Dinosaur-themed Attraction in Derby\n6/08/16\nWichita Business Journal:\nDevelopers Attach $159 Million Price Tag to Proposed Dinosaur-Themed Attraction in Derby\n8/19/15\nDerby Informer\n:\nPublic forum allows citizens to share thoughts\n8/05/15\nDerby Informer\n:\nField Station: Dinosaurs theme park also being planned in Virginia\n7/29/15\nDerby Informer:\nDeveloper trying to bring dinosaurs to Derby tried first in Iowa\n7/17/15\nWichita Business Journal:\nDinosaur attraction gains initial favor with Derby City Council\n7/17/15\nKSAL-AM 1150:\nDinosaur Theme Park Proposed in Kansas\n7/17/15\nDerby Informer\n:\nDinosaurs Take First of Many Steps Towards Derby\n7/17/15\nWichita Eagle\n:\nDinosaur-themed attraction proposed for Derby\n7/16/15\nWichita Business Journal:\nDerby City Council to consider STAR bond financing for dinosaur-themed attraction\n7/15/15\nDerby Informer\n:\nDinosaurs in Derby?\nCareers\nOnline Payments\nService Requests\nNews Alerts\nAgendas/Minutes\nPermits/Licenses\nContact Us\nCity of Derby\n611 Mulberry Road, Suite 300\nDerby, KS 67037-3533\nPhone:\n316-788-1519\nFax:\n316-788-6067\nEmail Us\nHelpful Links\nDerby Chamber of Commerce\nDerby Community Foundation\nDerby Public Library\nDerby Public Schools\nDerby Recreation Center\n/QuickLinks.aspx\nSite Links\nHome\nSite Map\nContact Us\nWeRDerby\nAccessibility\nCopyright Notices\n/QuickLinks.aspx\nGovernment Websites by\nCivicPlus®\nLoading\nLoading\nDo Not Show Again\nClose\nArrow Left\nArrow Right\n[]\nSlideshow Left Arrow\nSlideshow Right Arrow",
    "http://derbyks.com/315/Vision-Mission-Values": "Vision, Mission & Values | Derby, KS - Official Website\nSkip to Main Content\nCreate a Website Account\n- Manage notification subscriptions, save form progress and more.\nWebsite Sign In\nAbout Us\nGovernment\nCity Services\nCommunity\nHelp Center\nSearch\n2025 Derby Difference Sales Tax\nAnnual Events\nCity Tree Lighting\nCitywide Garage Sale\nJuly 4 in Derby\nHoliday Lights Contest\nSmoke on the Plains BBQ & Music Fest\nThird Thursday\nHalloween Home Decorating Contest\nBusiness Hours\nDemographics\nDerby Proud\nExplore Derby\nHistory\nMaps\nMeet in Derby\nNews\nPhoto Gallery\nStaff Directory\nSTAR Bonds\nAgendas & Minutes\nNews\nVision, Mission & Values\nWhy Choose Derby?\nHome\nAbout Us\nVision, Mission & Values\nVision, Mission & Values\nOur\nVISION\nis to be a community where dreams take root and thrive.\nOur\nMISSION\nis to create vibrant neighborhoods, nurture a strong business community, and preserve beautiful green spaces.\nThe Derby community\nVALUES\n:\nTradition, volunteerism and partnerships\nThe Derby community is built on rich traditions, volunteers who are committed to making Derby a great place to live, and the understanding that by working together as partners, more can be accomplished.\nHealthy living\nThe Derby community is committed to providing a clean environment, recreational facilities, and opportunities for community engagement.\nEducation and recreation for all ages\nThe Derby community supports our schools, library, and opportunities for continued learning; provides superb recreational and senior facilities, and assists the recreation commission as they bring quality programs to our residents.\nSafety and stability\nDerby delivers police, fire, and rescue services to every part of the community. Good planning ensures stability in codes and community standards, as well as quality response to disasters.\nOpportunities to thrive\nThe City strives to assist residents and businesses in reaching their full potential.\nSustainable growth\nThe long-term viability of our city depends on a strong and growing business community that provides the goods and services needed by the community, and thereby provides jobs for residents and tax revenue to support City services.\nCivic participation and leadership\nDerby has strong leaders willing to serve on civic boards and the City Council. As an important component of the Wichita metro area, Derby’s leaders also recognize the importance of involvement in the regional community and in the state of Kansas.\nProgressive thinking\nDerby’s elected and appointed officials join the staff in continually seeking creative ways to enhance the community.\nStewardship of community assets\nMaintaining streets, drainage systems, and all types of community infrastructure is critical to keeping Derby an enjoyable place to live.\nQuality services equally available to all\nDerby provides quality services on a fair basis to all residents regardless of where they live or what their situation in life may be.\nProfessional management of city operations\nCity staff approach their work in a professional manner, ensuring that methods used will measure up well to peer review.\nCareers\nOnline Payments\nService Requests\nNews Alerts\nAgendas/Minutes\nPermits/Licenses\nContact Us\nCity of Derby\n611 Mulberry Road, Suite 300\nDerby, KS 67037-3533\nPhone:\n316-788-1519\nFax:\n316-788-6067\nEmail Us\nHelpful Links\nDerby Chamber of Commerce\nDerby Community Foundation\nDerby Public Library\nDerby Public Schools\nDerby Recreation Center\n/QuickLinks.aspx\nSite Links\nHome\nSite Map\nContact Us\nWeRDerby\nAccessibility\nCopyright Notices\n/QuickLinks.aspx\nGovernment Websites by\nCivicPlus®\nLoading\nLoading\nDo Not Show Again\nClose\nArrow Left\nArrow Right\n[]\nSlideshow Left Arrow\nSlideshow Right Arrow",
    "http://derbyks.com/101/Boards-Commissions": "Boards & Commissions | Derby, KS - Official Website\nSkip to Main Content\nCreate a Website Account\n- Manage notification subscriptions, save form progress and more.\nWebsite Sign In\nAbout Us\nGovernment\nCity Services\nCommunity\nHelp Center\nSearch\nADA Advisory Board\nCommunity Development Advisory Board\nBoard of Construction, Trades & Appeals\nDerby Recreation Commission Board\nEl Paso Water Company Board of Directors\nLibrary Board\nParks & Urban Forestry Board\nPlanning Commission\nSenior Services Advisory Board\nBoard of Zoning Appeals\nHome\nGovernment\nBoards & Commissions\nBoards & Commissions\nThe City of Derby's Boards and Commissions are important to City government. The Mayor makes appointments to the boards and commissions, and the City Council confirms those appointments. Board appointments range from two to four years.\nDerby's Boards and Commissions:\nADA Advisory Board\nBoard of Construction, Trades & Appeals\nCommunity Development Advisory Board\nDerby Recreation Commission Board\nEl Paso Water Company Board of Directors\nLibrary Board\nParks & Urban Forestry Board\nPlanning Commission\nSenior Services Advisory Board\nBoard of Zoning Appeals\nDerby Positions on Sedgwick County Boards\n(one seat each)\n:\nCommunity Corrections Advisory Board\nTeam Justice (Juvenile Corrections Advisory Board)\nIf you have questions, contact the City Clerk at 316-788-3132.\nCareers\nOnline Payments\nService Requests\nNews Alerts\nAgendas/Minutes\nPermits/Licenses\nContact Us\nCity of Derby\n611 Mulberry Road, Suite 300\nDerby, KS 67037-3533\nPhone:\n316-788-1519\nFax:\n316-788-6067\nEmail Us\nHelpful Links\nDerby Chamber of Commerce\nDerby Community Foundation\nDerby Public Library\nDerby Public Schools\nDerby Recreation Center\n/QuickLinks.aspx\nSite Links\nHome\nSite Map\nContact Us\nWeRDerby\nAccessibility\nCopyright Notices\n/QuickLinks.aspx\nGovernment Websites by\nCivicPlus®\nLoading\nLoading\nDo Not Show Again\nClose\nArrow Left\nArrow Right\n[]\nSlideshow Left Arrow\nSlideshow Right Arrow",
    "http://derbyks.com/102/ADA-Advisory-Board": "ADA Advisory Board | Derby, KS - Official Website\nSkip to Main Content\nCreate a Website Account\n- Manage notification subscriptions, save form progress and more.\nWebsite Sign In\nAbout Us\nGovernment\nCity Services\nCommunity\nHelp Center\nSearch\nADA Advisory Board\nCommunity Development Advisory Board\nBoard of Construction, Trades & Appeals\nDerby Recreation Commission Board\nEl Paso Water Company Board of Directors\nLibrary Board\nParks & Urban Forestry Board\nPlanning Commission\nSenior Services Advisory Board\nBoard of Zoning Appeals\nHome\nGovernment\nBoards & Commissions\nADA Advisory Board\nADA Advisory Board\nMeetings\nThe Board meets annually or more frequently at the call of the chair or a majority of members as necessary to facilitate board business.\nMeetings take place at City Hall, 611 Mulberry Rd.\nAgendas & Minutes\nAgendas are available prior to the meetings. Minutes are available following approval.\nMost Recent Agenda\n|\nView All Agendas and Minutes\nMembers\nSix members elected to 2-year terms, and the chair and vice chair are elected by members in the second quarter of each year.\nTeresa Mount - 2025, Chair\nKathleen O'Brien - 2025, Vice Chair\nBecky Casey - 2025\nMelissa Mantz - 2026\nMichael (Andre) Pretorius - 2026\nDr. Roger Thomas - 2026\nResponsibilities\nThis board was established to work toward full compliance with the Americans with Disabilities Act with respect to all City facilities and activities. The board also serves as a recommending body to the City Council. Three of the six members must have a disability, have a spouse, child or parent with a disability; or be representatives of an organization or group that provides services to individuals with disabilities.\nContact Information\nContact City Hall 316-788-3132 for more information.\nCareers\nOnline Payments\nService Requests\nNews Alerts\nAgendas/Minutes\nPermits/Licenses\nContact Us\nCity of Derby\n611 Mulberry Road, Suite 300\nDerby, KS 67037-3533\nPhone:\n316-788-1519\nFax:\n316-788-6067\nEmail Us\nHelpful Links\nDerby Chamber of Commerce\nDerby Community Foundation\nDerby Public Library\nDerby Public Schools\nDerby Recreation Center\n/QuickLinks.aspx\nSite Links\nHome\nSite Map\nContact Us\nWeRDerby\nAccessibility\nCopyright Notices\n/QuickLinks.aspx\nGovernment Websites by\nCivicPlus®\nLoading\nLoading\nDo Not Show Again\nClose\nArrow Left\nArrow Right\n[]\nSlideshow Left Arrow\nSlideshow Right Arrow",
    "http://derbyks.com/458/Community-Development-Advisory-Board": "Community Development Advisory Board | Derby, KS - Official Website\nSkip to Main Content\nCreate a Website Account\n- Manage notification subscriptions, save form progress and more.\nWebsite Sign In\nAbout Us\nGovernment\nCity Services\nCommunity\nHelp Center\nSearch\nADA Advisory Board\nCommunity Development Advisory Board\nBoard of Construction, Trades & Appeals\nDerby Recreation Commission Board\nEl Paso Water Company Board of Directors\nLibrary Board\nParks & Urban Forestry Board\nPlanning Commission\nSenior Services Advisory Board\nBoard of Zoning Appeals\nHome\nGovernment\nBoards & Commissions\nCommunity Development Advisory Board\nCommunity Development Advisory Board\nMeetings\nQuarterly meetings: February, May, August, and November at 4:30 p.m.\nCity Hall\n611 Mulberry Road\nDerby, KS 67037-3533\nAgendas & Minutes\nAgendas are available prior to the meetings. Minutes are available following approval.\nView All Agendas & Minutes\n(choose meeting type/date range).\nMembers\nMembers serve a 2-year term, except one appointee is designated annually by the Chamber of Commerce.\nJennifer Brown - 2026\nLindsay Dearduff, Vice-Chair - 2025\nK.J. Jeffery - Chamber Appointment 2026\nLynn Price - 2026\nKris Rose - 2025\nBill Upton - 2025\nResponsibilities\nThe primary mission of the Community Development Advisory Board (CDAB) will be to monitor and maintain the city's economic development plan; make recommendations to the city council on development projects for which city incentives are requested; propose changes to policies governing economic development activities; and advocate for programs and activities that will improve the city's economic conditions.\nThe CDAB will also review, comment on, and make recommendations to the City Council with respect to current or proposed ordinances of general applicability.\nContact Information\nFor more information, contact Marcia Hartman at 316-788-3081 or by\nemail\n.\nCareers\nOnline Payments\nService Requests\nNews Alerts\nAgendas/Minutes\nPermits/Licenses\nContact Us\nCity of Derby\n611 Mulberry Road, Suite 300\nDerby, KS 67037-3533\nPhone:\n316-788-1519\nFax:\n316-788-6067\nEmail Us\nHelpful Links\nDerby Chamber of Commerce\nDerby Community Foundation\nDerby Public Library\nDerby Public Schools\nDerby Recreation Center\n/QuickLinks.aspx\nSite Links\nHome\nSite Map\nContact Us\nWeRDerby\nAccessibility\nCopyright Notices\n/QuickLinks.aspx\nGovernment Websites by\nCivicPlus®\nLoading\nLoading\nDo Not Show Again\nClose\nArrow Left\nArrow Right\n[]\nSlideshow Left Arrow\nSlideshow Right Arrow",
    "http://derbyks.com/104/Derby-Recreation-Commission-Board": "Derby Recreation Commission  | Derby, KS - Official Website\nSkip to Main Content\nCreate a Website Account\n- Manage notification subscriptions, save form progress and more.\nWebsite Sign In\nAbout Us\nGovernment\nCity Services\nCommunity\nHelp Center\nSearch\nADA Advisory Board\nCommunity Development Advisory Board\nBoard of Construction, Trades & Appeals\nDerby Recreation Commission Board\nEl Paso Water Company Board of Directors\nLibrary Board\nParks & Urban Forestry Board\nPlanning Commission\nSenior Services Advisory Board\nBoard of Zoning Appeals\nHome\nGovernment\nBoards & Commissions\nDerby Recreation Commission Board\nDerby Recreation Commission\nMeetings\n6 p.m.\nSecond Tuesday of the month\nDerby Recreation Center\n801 E. Market\nDerby, KS 67037-3533\nAgendas & Minutes\nAgendas are available prior to the meetings. Minutes are available following approval.\nVisit the\nDRC website\nfor agendas and minutes.\nMembers\nThe five members each serve 4-year terms.\nBrent Renberger, USD 260 - September 2025\nKen Boote, City - September 2027\nDr. Laura Branstetter, at large - September 2024\nEric Tauer, City - September 2026\nRick Ruff, USD 260 - September 2024\nFunctions\nThis board is an autonomous board that is responsible for establishing written policies, rules and regulations to govern the Derby Recreation Commission property, operations, and safety.\nContact Information\nFor more information, please contact Caryn Hendry at 316-788-3781 or by\nemail\n.\nCareers\nOnline Payments\nService Requests\nNews Alerts\nAgendas/Minutes\nPermits/Licenses\nContact Us\nCity of Derby\n611 Mulberry Road, Suite 300\nDerby, KS 67037-3533\nPhone:\n316-788-1519\nFax:\n316-788-6067\nEmail Us\nHelpful Links\nDerby Chamber of Commerce\nDerby Community Foundation\nDerby Public Library\nDerby Public Schools\nDerby Recreation Center\n/QuickLinks.aspx\nSite Links\nHome\nSite Map\nContact Us\nWeRDerby\nAccessibility\nCopyright Notices\n/QuickLinks.aspx\nGovernment Websites by\nCivicPlus®\nLoading\nLoading\nDo Not Show Again\nClose\nArrow Left\nArrow Right\n[]\nSlideshow Left Arrow\nSlideshow Right Arrow"
  },
  "doc_id": "54232dbc-f5e5-51af-bb67-518ffcde07d0"
}