{
  "url": "http://dream-vc.com",
  "timestamp": 1735678126.2746913,
  "text_by_page_url": {
    "https://www.dream-vc.com/team": "Our Team | Dream VC\ntop of page\nAbout\nHistory and Background\nOur Team\nPrograms\nLaunch into VC\nInvestor Accelerator\nTraining Organizations\nEDGE by Dream VC\nFinancial Aid\nResources\nVenture Capital Library\nAfrican VC & Startup Podcasts\nA Case for Venture Capital in Africa\nInvestment Memo Bank\nResearch Reports\nVenture Capital Reading List\nVenture Capital Films and Series\nPartner With Us\nNews & Press\nPress Kit\nMore\nUse tab to navigate through the menu items.\nOur Leadership Team\nOur team are former operators, entrepreneurs and VCs. We've worked in startup ecosystems across the US, UK, Europe, South East Asia and Western Africa. We know how great the good days are and how terrible the bad and we know how to help you build your community and join the VC ecosystem.\nMark Kleyner\nCo-Founder of Dream VC\nOversees Curriculum/Learning and B2B Partnerships & Growth\n​\nEx-strategy & tech consultant, founder turned venture capitalist, and advisor/board member for numerous African startups.\nCindy Ai\nCo-Founder of Dream VC\nDirects Program Operations and Organizational Management\n​\nFormer startup growth operator and digital transformation consultant, and ex-venture capitalist working across 4 continents.\nDevika bade\nHead of Platform & Networks at Dream VC\nOversees Communications, Brand Positioning, and External Relations\n​\nFormer CEO of global digital agency, worked at the intersection of crypto x innovation, former Goldman Sachs private wealth management.\nPatricia ndikumana\nHead of Community at Dream VC\nSpearheads Fellow Experience, Community Management, and People/Culture\n​\nFormer Head of Customer Insights at Wasoko, with experience in cross-functional collaboration and management, market expansion and strategic account management.\nMutsa katomeni\nProgram Manager at Dream VC\nOversees Program Event Flow and Internal Operations\n​\nFormer Venture Capitalist at Proximity Ventures and Background in Management Consulting\nDream vc\n​\n© All Rights Reserved. Dream VC 2024.\nTerms and Conditions\n​\nPrivacy Policy\n​\nDisclaimer\nAbout\nHistory & Background\n​\nOur Team\n​\nVenture Capital Library\n​\nA Case for VC in Africa\n​\nEDGE by Dream VC (CVC)\nPrograms\nLaunch into vc\n​\ninvestor accelerator\nFellows\n2021 cohort\n​\n2022 LIVC cohort\n​\n2022 IA Cohort\nPartner with Us\nBecome an ecosystem partner\nNews & press\nCoverage\n​\nFollow Us:\nLinkedIn\n|\nTwitter\n|\nContact Us:\nteam@dream-vc.com\nbottom of page",
    "https://www.dream-vc.com/news-press": "News & Press | Dream VC\ntop of page\nAbout\nHistory and Background\nOur Team\nPrograms\nLaunch into VC\nInvestor Accelerator\nTraining Organizations\nEDGE by Dream VC\nFinancial Aid\nResources\nVenture Capital Library\nAfrican VC & Startup Podcasts\nA Case for Venture Capital in Africa\nInvestment Memo Bank\nResearch Reports\nVenture Capital Reading List\nVenture Capital Films and Series\nPartner With Us\nNews & Press\nPress Kit\nMore\nUse tab to navigate through the menu items.\nAS FEATURED ON\nTo see where Dream VC has been featured, read about Dream VC news and catch up on interviews,\nNews Appearances\n​\nFor press release enquiries or news feature-related questions, please contact\nnews@dream-vc.com\n​\nFor Dream VC's press kit and brand guidelines, please refer to\nDream VC Press Kit\nDream VC Media Partners\nOur ability to reach and inspire countless aspiring African investors would not be possible without our incredible media partners. They are the amplifying ecosystem builders who help us contribute, impact, and identify some of the best talent out there.\nInterested in a Partnership?\nWe'd love to discuss collaborations and synergies, feel free to get in touch!\nAll Dream VC Media Partners Get Exclusive First Access to Updates & Invitations to Participate in Future Dream VC Hosted Summits.\nWe Are A Mission-Driven and Community-Focused Organization - Keen on Building Long-Term Relationships Based on Integrity and Value. We'd Love To Work With You On Creating a Brilliant Future Ahead for the African Startup Ecosystem.\nDoes This Resonate With You & Your Organization?\n​\nFor Media Partnership Enquiries - Please Contact\npartnerships@dream-vc.com\nDream vc\n​\n© All Rights Reserved. Dream VC 2024.\nTerms and Conditions\n​\nPrivacy Policy\n​\nDisclaimer\nAbout\nHistory & Background\n​\nOur Team\n​\nVenture Capital Library\n​\nA Case for VC in Africa\n​\nEDGE by Dream VC (CVC)\nPrograms\nLaunch into vc\n​\ninvestor accelerator\nFellows\n2021 cohort\n​\n2022 LIVC cohort\n​\n2022 IA Cohort\nPartner with Us\nBecome an ecosystem partner\nNews & press\nCoverage\n​\nFollow Us:\nLinkedIn\n|\nTwitter\n|\nContact Us:\nteam@dream-vc.com\nbottom of page",
    "https://www.dream-vc.com/press-kit": "Press Kit | Dream VC\ntop of page\nAbout\nHistory and Background\nOur Team\nPrograms\nLaunch into VC\nInvestor Accelerator\nTraining Organizations\nEDGE by Dream VC\nFinancial Aid\nResources\nVenture Capital Library\nAfrican VC & Startup Podcasts\nA Case for Venture Capital in Africa\nInvestment Memo Bank\nResearch Reports\nVenture Capital Reading List\nVenture Capital Films and Series\nPartner With Us\nNews & Press\nPress Kit\nMore\nUse tab to navigate through the menu items.\nDREAM VC • PRESS • KIT\nDownload Entire Press Kit:\nDownload\nDream VC Brand Guidelines\nHave a read if you have questions or thoughts about how to use the Dream VC Brand colours or descriptions. Don't worry - it's not too long and there's not much legal jargon! Got more questions or are not sure about your use case?\nEmail\nbrand@dream-vc.com\nand we'll be happy to clarify it for you.\nDream VC logo (Main)\nOur logo is our most recognizable visual asset. That’s why we’re so protective of it. Take a moment to think how you apply it and take a read of our Brand Guidelines for examples of how we like you to use it.\nDownload\nDream VC logo (Grayscale)\nWhile our default logo is a gradient of yellow and purple, use the black & white version on layouts that are black & white only. You can also use this version on specific backgrounds where it's easier to see.\nDownload\nDream VC Banner\nOur Banner is used as a thumbnail, teaser or cover image for information about Dream VC. The best use case is as the 'preview' for an article/page/blog or as a preview of\nwww.dream-vc.com\nDownload\nPartnership Announcements\n1 Partner\nDownload\n2 Partners\nDownload\n3 Partners\nDownload\n^ Blue lines and grey space are just for guidelines\nCo-Founders Together Pictures\nPicture 1\nDownload\nPicture 4\nDownload\nPicture 2\nDownload\nPicture 5\nDownload\nPicture 3\nDownload\nPicture 6\nDownload\nMark Kleyner, Co-Founder Pictures\nPicture 1\nPicture 2\nDownload\nDownload\nPicture 3\nDownload\nPicture 4\nDownload\nCindy Ai, Co-Founder Pictures\nPicture 1\nPicture 2\nDownload\nDownload\nPicture 3\nDownload\nPicture 4\nDownload\nBiography Dream VC (Company)\nDream VC Description Short Length – From Dream VC Website\nDream VC\nis an investor accelerator dedicated to training the next generation of African-focused investors globally. Dream VC runs annual remote venture capital fellowship programs that provide the ideal launchpad for all aspiring and current investors to break into the African venture space.\nDream VC Description Medium Length – From Dream VC LinkedIn\nDream VC is an investor accelerator and community-driven platform providing rigorous remote programmes for aspiring African investors centering around venture capital. Dream VC aims to catalyze the next generation of African investors, with a particular focus on driven and underrepresented individuals (homegrown Africans, diaspora, and beyond) who wish to be impactful ecosystem builders in their communities.\nBiography Dream VC (Co-Founders)\nCindy Ai, Co-Founder and Programme Director\nCindy Ai is a former startup operator and entrepreneur, where she spearheaded product growth strategies for multiple venture-backed women-led consumer and e-commerce startups in the US and Southeast Asia, growing annual revenues to seven figures. The companies she worked for have gone on to raise over $30 million USD from firms such as General Catalyst, a16z, GGV Capital, and Founders Fund. Cindy is currently the co-founder of Dream VC, an investor accelerator focused on training and fostering collaboration between the next generation of African-focused investors globally. Prior to Dream VC, Cindy worked on the platform side of venture capital for 7 different global funds on LP outreach & relations, community management, and portfolio support.\nMark Kleyner, Co-Founder and Programme Director\nMark Kleyner is an entrepreneur, ecosystem builder and early-stage VC in Emerging Markets. Mark is currently the co-founder and programme director of Dream VC, an investor accelerator and community-driven educational platform providing rigorous remote programmes centered around the venture capital industry across Africa's startup ecosystems. A multi-time founder, Mark has worked within VCs in the UK, US, Europe and Africa and actively advises, coaches and mentors several very early-stage West & East African startups - who have gone on to raise upwards of $10m in Venture Financing, and joined programs like Google's BFFA, PioneerApp, TechStars and YC. Beyond these activities, Mark is an active startup mentor in 9+ Accelerators and Incubators at StartupBootcamp, Impact Hub Lagos, Seedstars, Founder Institute and Village Capital. Mark’s expertise centers around Venture Building, especially within the Consumer and Enterprise Technology sectors, but he actively works with startups in sectors including FinTech, E-Commerce, EnterpriseTech, AgriTech, Logistics and more.\nDream VC Brand Guidelines\nSocial Media Handles\nSOCIAL HANDLES – Dream VC\nTwitter - @\n_dreamvc_\nLinkedIn – @\nDream-VC\n​\nSOCIAL HANDLES – Cindy Ai\nTwitter - @\nAimnotsydney\nLinkedIn – @\nCindyAi\n​\nSOCIAL HANDLES – Mark Kleyner\nTwitter - @\nMarkKleyner\nLinkedIn – @\nMarkKleyner\nLegal Disclaimer on Dream VC Trademarks\n​\nBy using the Dream VC trademarks and resources that are made available on this site, you agree to follow the Dream VC Trademark Guidelines in our Brand Guidelines — as well as our Terms of Service and all other Dream VC rules and policies. If you have any questions, contact us at\nbrand@dream-vc.com\n.\n​\n​\nPlease submit your request in English (non-English materials must come with translations).\nWider Logo, Image, Description Usage\n​\n​\nWe want to protect our logo and our association with select firms, initiatives and activities as we strongly believe in actionable collaboration. Make sure to follow the guidelines outlined in our brand policies. Do not modify or distort our logo. Do you have questions about how to properly use our logo or other brand features? Email us at\nbrand@dream-vc.com\n.\n​\nPlease submit your request in English (non-English materials must come with translations).\nDream vc\n​\n© All Rights Reserved. Dream VC 2024.\nTerms and Conditions\n​\nPrivacy Policy\n​\nDisclaimer\nAbout\nHistory & Background\n​\nOur Team\n​\nVenture Capital Library\n​\nA Case for VC in Africa\n​\nEDGE by Dream VC (CVC)\nPrograms\nLaunch into vc\n​\ninvestor accelerator\nFellows\n2021 cohort\n​\n2022 LIVC cohort\n​\n2022 IA Cohort\nPartner with Us\nBecome an ecosystem partner\nNews & press\nCoverage\n​\nFollow Us:\nLinkedIn\n|\nTwitter\n|\nContact Us:\nteam@dream-vc.com\nbottom of page",
    "https://www.dream-vc.com/down-for-maintenance": "Under Maintenance | Dream VC\ntop of page\nAbout\nHistory and Background\nOur Team\nPrograms\nLaunch into VC\nInvestor Accelerator\nTraining Organizations\nEDGE by Dream VC\nFinancial Aid\nResources\nVenture Capital Library\nAfrican VC & Startup Podcasts\nA Case for Venture Capital in Africa\nInvestment Memo Bank\nResearch Reports\nVenture Capital Reading List\nVenture Capital Films and Series\nPartner With Us\nNews & Press\nPress Kit\nMore\nUse tab to navigate through the menu items.\nWe're Down for Maintenance\nOur team is currently in the process of making edits to the memo and the document is unfortunately unavailable at this time. Please check back again later!\nDream vc\n​\n© All Rights Reserved. Dream VC 2024.\nTerms and Conditions\n​\nPrivacy Policy\n​\nDisclaimer\nAbout\nHistory & Background\n​\nOur Team\n​\nVenture Capital Library\n​\nA Case for VC in Africa\n​\nEDGE by Dream VC (CVC)\nPrograms\nLaunch into vc\n​\ninvestor accelerator\nFellows\n2021 cohort\n​\n2022 LIVC cohort\n​\n2022 IA Cohort\nPartner with Us\nBecome an ecosystem partner\nNews & press\nCoverage\n​\nFollow Us:\nLinkedIn\n|\nTwitter\n|\nContact Us:\nteam@dream-vc.com\nbottom of page",
    "https://www.dream-vc.com/news-appearance": "News Appearances | Dream VC\ntop of page\nAbout\nHistory and Background\nOur Team\nPrograms\nLaunch into VC\nInvestor Accelerator\nTraining Organizations\nEDGE by Dream VC\nFinancial Aid\nResources\nVenture Capital Library\nAfrican VC & Startup Podcasts\nA Case for Venture Capital in Africa\nInvestment Memo Bank\nResearch Reports\nVenture Capital Reading List\nVenture Capital Films and Series\nPartner With Us\nNews & Press\nPress Kit\nMore\nUse tab to navigate through the menu items.\nDream VC in the News\nKey:\nA = Article\nP = Podcast Appearance\nR = Radio\nI = Interview\nV = Video Interview\n(A)\nApril, 2024\nDream VC Unveils New Brand & Reopens Application for 2024 Programs\nTechBuildAfrica\nRead More\n(A)\nApril, 2024\nDream VC ouvre les candidatures pour ses programmes de formation en capital-risque\nManagers\nRead More\n(A)\nApril, 2024\nDream VC Opens Applications for Venture Capital and Investor Accelerator Program\nTechGyant\nRead More\n(A)\nFeb, 2024\nDream VC Announces 2024 VC Programs to Train the Next Pool of Africa-focused Investment Professionals\nTechBuildAfrica\nRead More\n(A)\nFeb, 2024\nHow to get into VC: Insights from HealthCap founder, Dr. Ola Brown, at the Dream VC Lagos mixer\nTechpoint Africa\nRead More\n(A)\nFeb, 2024\nDream VC opens up applications for 2024 venture capital training programmes\nTechpoint Africa\nRead More\n(A)\nFeb, 2024\nDream Venture Capital to Host 14 Global Networking Events in 2024\nBNN\nRead More\n(A)\nFeb, 2024\nDream VC launches multi-country roadshow to encourage investment in Africa\nNewBusinessEthiopia\nRead More\n(A)\nJan, 2024\nHomegrown African VCs emerge to fill in the gaps foreign investors cannot\nTechCrunch\nRead More\n(A)\nAug, 2023\nFive African fellowship programs for aspiring VCs\nBenjaminDada\nRead More\n(A)\nJune, 2023\n​\nDream VC Introduces Its 2023 Cohort of “Launch into VC”\nThe Ouut\nRead More\n(A)\nJune, 2023\n54 African investors selected into Dream VC accelerator\nDisrupt Africa\nRead More\n(A)\nJune, 2023\n​\nDream VC announces 2023 Cohort Investor Accelerator Fellows\nTechBuildAfrica\nRead More\n(A)\nJune, 2023\n​\nDream VC Unveils the 2023 Cohort of Launch into VC\nAfroHustler\nRead More\n(A)\nMay, 2023\nDream VC reveals Insights from 4,000+ Applicants\nTechBuildAfrica\nRead More\n(A)\nMarch, 2023\nAfrica Chamber of Digital Commerce (ACOFDC) Partners Dream VC to democratize access to African Venture Capital Space.\nRegtech Africa\nRead More\n(A)\nMarch, 2023\nDream VC launches talent accelerator programmes for VC professionals\nDisrupt Africa\nRead More\n(A)\nMarch, 2023\nDream VC announces 2 programs to train the next generation of African-focused investors in 2023\nTechnext\nRead More\n(A)\nMarch, 2023\nFirm opens 2023 venture capital fellowship applications\nPunch Newspapers\nRead More\n(A)\nMarch, 2023\nDream VC launches its third talent accelerator programme to train Africans aspiring to be startup investors and VC professionals.\nTechpoint Africa\nRead More\n(A)\nMarch, 2023\nDream VC Announces Applications for its 2023 Venture Capital Fellowship Programs\nWeeTracker\nRead More\n(A)\nMarch, 2023\n​\nThis Africa-focused VC accelerator has announced its 2023 VC Fellowship Programs\nTechloy\nRead More\n(A)\nMarch, 2023\nWant To Be An African Venture Capitalist? Dream VC opens applications for 2023 programs\nTechZim\nRead More\n(A)\nMarch, 2023\nDream VC names African Diaspora Network newest ecosystem partner\nBusinessamlive\nRead More\n(A)\nMarch, 2023\n​\nDream VC, an Investor Training Institute with Industry Leading Success Rates Invites New Applications\nAfrikanHeroes\nRead More\n(A)\nJan, 2023\nHere’s A Comprehensive List Of African Startup And Venture Capital Podcasts To Check Out\nAfrikanHeroes\nRead More\n(A)\nJan, 2023\nDream VC unveils Comprehensive List of African Venture Capital Podcasts\nBusiness Africa Online\nRead More\n(A)\nMay, 2022\nDream VC applications: A peek behind the scenes\nBusiness Africa Online\nRead More\n(A)\nApril, 2022\nVenture Capital education attracts hundreds of Africans\nNewBusinessEthiopia\nRead More\n(A)\nMarch, 2022\nVC Corner: How Dream VC plans to bridge the talent gap in the African Venture Capital Space\nThe Ouut\nRead More\n(A)\nMarch, 2022\nYoung African investor? Sign up for Dream VC fellowship programmes\nThe Exchange Africa\nRead More\n(I)\nMarch, 2022\nOver the past decade, ~75% of funded African startups have had no black cofounder. That and more on African venture capital space with Mark Kleyner (Dream VC)\nTechZim\nRead More\n(A)\nMarch, 2022\nInside Dream VC’s plan to build a pipeline for African VC talent\nTechpoint Africa\nRead More\n(A)\nMarch, 2022\nDream VC calling applications for bigger VC fellowships in 2022\nTech-Ish\nRead More\n(A)\nMarch, 2022\nDream VC is an investor accelerator offering training on and access to the venture capital space in Africa\nTechZim\nRead More\n(A)\nMarch, 2022\nDream VC launches two fellowship programs to democratize knowledge and access to the Venture Capital Space in Africa\nThe Ouut\nRead More\n(I)\nMarch, 2022\nWhy Africa is the new frontier for venture capital\nNewBusinessEthiopia\nRead More\n(A)\nMarch, 2022\nDream VC Returns in Force to Democratize Knowledge and Access to the Venture Capital Space in Africa\nTechawk Nigeria\nRead More\n(A)\nMarch, 2022\nNew program to help Africans excel in VC knowledge\nNewBusinessEthiopia\nRead More\n(A)\nMarch, 2022\n​\nDream VC, A Remote Venture Capital Institute Doubles Down on Catalyzing Africa’s Aspiring Investors Pipeline\nStartupLagos\nRead More\n(A)\nMarch, 2022\nDream VC launches two programmes for aspiring African investors\nBenjaminDada\nRead More\n(A)\nMarch, 2022\nDream VC launches Fellowship Programs for Aspiring Investors in Africa\nTechBuildAfrica\nRead More\n(I)\nMarch, 2022\nDream VC Co-Founders On Building the Go-To Launchpad for Aspiring Investors in Africa\nBusiness Africa Online\nRead More\n(A)\nMarch, 2022\n​\nLed by Cindy Ai and Mark Kleyner, Dream VC moves to democratize access to African VC space\nBillionaires Africa\nRead More\n(A)\nMarch, 2022\nDream VC Launches 2 New VC Fellowship Programs; Set to Become The Go-To Launchpad for Aspiring Investors in Africa\nMSME Africa\nRead More\n(A)\nMarch, 2022\n​\nDream VC opens applications for its VC Fellowship Program in Africa\nTechTrendsKE\nRead More\n(A)\nMarch, 2022\n​\nDream VC, A Remote Venture Capital Institute Doubles Down on Catalyzing Africa’s Aspiring Investors Pipeline\nAfroHustler\nRead More\n(A)\nMarch, 2022\n​\nFrancophone Africa offers best value for venture-capital investors\nDisruptionBanking\nRead More\n(A)\nMarch, 2022\nAfrica-focused Investor Accelerator, Dream VC, Accepting New Applications\nAfrikanHeroes\nRead More\n(A)\nJune, 2021\nDream VC launches Program to democratize Venture Capital knowledge in Africa\nTechBuildAfrica\nRead More\n(A)\nJune, 2021\nDream VC launches Inaugural VC Fellowship for aspiring African investors\nVentureBurn\nRead More\n(A)\nJune, 2021\nDream VC Launches Free VC Fellowship Program for Aspiring African Investors\nBenjaminDada\nRead More\n(A)\nMay, 2021\nWant to be a VC in Africa? Apply for the Dream VC Fellowship Program\nTech-Ish\nRead More\n(A)\nMay, 2021\nDream VC launches VC Fellowship Programme for Africa\nBizcommunity\nRead More\n(A)\nMay, 2021\nApply: Dream VC Fellowship Programme For Aspiring African Investors\nTechawk\nRead More\n(A)\nMay, 2021\nDream VC lance le premier programme de bourses VC pour l’Afrique\nNorafrik\nRead More\n(A)\nMay, 2021\nDream VC Launches A Unique Remote Venture Capital Institute For African Investors\nAfrikanHeroes\nRead More\nDream vc\n​\n© All Rights Reserved. Dream VC 2024.\nTerms and Conditions\n​\nPrivacy Policy\n​\nDisclaimer\nAbout\nHistory & Background\n​\nOur Team\n​\nVenture Capital Library\n​\nA Case for VC in Africa\n​\nEDGE by Dream VC (CVC)\nPrograms\nLaunch into vc\n​\ninvestor accelerator\nFellows\n2021 cohort\n​\n2022 LIVC cohort\n​\n2022 IA Cohort\nPartner with Us\nBecome an ecosystem partner\nNews & press\nCoverage\n​\nFollow Us:\nLinkedIn\n|\nTwitter\n|\nContact Us:\nteam@dream-vc.com\nbottom of page"
  },
  "doc_id": "3208b252-e6ac-548a-b1ae-dabbb35e2eea"
}