{
  "url": "http://elevolearning.com",
  "timestamp": 1735503019.500845,
  "text_by_page_url": {
    "https://elevolearning.com/services/": "Services - Elevo | Engage. Inspire. Thrive.\nSkip to content\nELO-P Fireside Chat with Elevo, Michael Funk & Palmdale School District\nWatch Video\nPartner With Us\nServices\nElevo Expanded Learning\nElevo School Day\nMore for ’24\nMethodology & results\nBecome a coach\nNews & media\nCareers\nDEIB\nWork With Us\nPartner with us\nServices\nElevo Expanded Learning\nElevo School Day\nMore for ’24\nMethodology & results\nBecome a coach\nNews & media\nCareers\nDEIB\nWork With Us\nPartner with us\nOur Programs,  Services, & Support\nHow We Transform the Well-Being of Students\nHow we work with you\nFor almost two decades, we have partnered with districts across California to meet their unique programming and staffing needs. We are proud to collaborate with schools, families, and communities to lift our students up, prepare them for success, and cheer them on together.\nBook a Meeting\nWhat sets us apart\nOur Approach\nOur programs support the whole child, transforming their physical, mental, and academic well-being.\nOur Coaches\nOur coaching model is built on a foundation of near-peer mentorship, and our coaches come from the communities they serve.\nOur Capacity\nWhether you need 4 or 400 coaches, our 70-person recruiting team can help you find them.\nElevo Expanding Learning\nElevo Expanded Learning offers students new ways to learn, create relationships, be active, build skills, and have fun. Our comprehensive, turnkey ELO-P model includes thematic enrichment lessons, homework coaching and academic support, rotational sports, and SEL-infused physical activities and games.\nLearn more\nElevo School Day\nWe created Elevo School Day to support students and educators alike, during recess, lunch, and PLC or professional development release time. School day features either our rotational sports curriculum, or our SEL-infused physical activities and games.\nLearn more\nWhat's New for '24\nOur Expanded Learning program is bringing more programming options for districts, and more choices for students this school year.\nLearn more\nBook a Meeting\nflexible & ready\nGet started today\nCustomize\nA tailored schedule is designed based on your school or district’s unique needs.\nImplement\nOur well-trained support staff will ensure your program experience exceeds your expectations.\nCollaborate\nThroughout the program, your assigned Operations Manager will meet with you to collaborate on data collection and continuous improvement.\nBook a Meeting\n4666 Cass St. Suite #200,\nSan Diego, CA 92109\nPhone: (323) 484-2402\nFax: (760) 452-7509\nHome\nServices\nMethodology & results\nBecome a coach\nNews & media\nReferral Program\nPrivacy Policy\nHome\nServices\nMethodology & results\nBecome a coach\nNews & media\nReferral Program\nPrivacy Policy\nFacebook\nTwitter\nInstagram\nLinkedin\nElevo Newsletter\nEmail\nsign up\nDo Not Sell or Share My Personal Information\nDo Not Sell or Share My Personal Information\nServices\nElevo Expanded Learning\nElevo School Day\nMore for ’24\nMethodology & results\nBecome a coach\nNews & media\nCareers\nDEI\nBook a meeting\nServices\nElevo Expanded Learning\nElevo School Day\nMore for ’24\nMethodology & results\nBecome a coach\nNews & media\nCareers\nDEI\nBook a meeting\nDistrict Staff & Partners\nTo book a meeting with a Director of District Partnerships, please select your school county below.\nMeetings are not intended for prospective coaches.\nIf you’re interested in working for us, please\nclick here\nto visit our Careers page to view our current job openings.\nAlameda\nAmador\nButte\nCalaveras\nColusa\nContra Costa\nEl Dorado\nFresno\nGlenn\nHumboldt\nImperial\nInyo\nKern\nKings\nLake\nLos Angeles\nMadera\nMarin\nMendocino\nMerced\nMonterey\nNapa\nNevada\nOrange\nPlacer\nPlumas\nRiverside\nSacramento\nSan Benito\nSan Bernardino\nSan Diego\nSan Francisco\nSan Joaquin\nSan Luis Obispo\nSan Mateo\nSanta Barbara\nSanta Clara\nSanta Cruz\nShasta\nSolano\nSonoma\nStanislaus\nSutter\nTehama\nTulare\nTuolumne\nVentura\nYolo\nYuba",
    "https://elevolearning.com/news-media/": "News & media - Elevo | Engage. Inspire. Thrive.\nSkip to content\nELO-P Fireside Chat with Elevo, Michael Funk & Palmdale School District\nWatch Video\nPartner With Us\nServices\nElevo Expanded Learning\nElevo School Day\nMore for ’24\nMethodology & results\nBecome a coach\nNews & media\nCareers\nDEIB\nWork With Us\nPartner with us\nServices\nElevo Expanded Learning\nElevo School Day\nMore for ’24\nMethodology & results\nBecome a coach\nNews & media\nCareers\nDEIB\nWork With Us\nPartner with us\nTop stories\nSchools\nLearning About Importance Of Social, Emotional Learning For Children\nMae speaks to Emma Tudor, the vice president of Sports for Learning, about the social and emotional learning gap.\nRead More\nApril 13, 2021\nNo Comments\nWe are Elevo\nSports for Learning has officially launched our new brand identity.\nRead More\nOctober 12, 2021\nNo Comments\nFeatured news\nCalifornia’s Expanded Learning Vision: How a Community of Practice Aims to Transform K-12 Education\nOn November 20, 2024, we held our first-ever Expanded Learning Community of Practice. California educators, expanded learning leaders, and Elevo staff and advisors gathered to\nRead More\nDecember 20, 2024\nJourney with Elevo: From Coach to Training Manager\nThe Growing With Elevo series features mission-driven people from across our organization sharing their stories and growth experiences as they strive to make a positive\nRead More\nDecember 13, 2024\nStarting with Community: Strengthening School Climate In Expanded Learning\nThe relationship a student has with school has a profound impact on their success in school. Decades of research have shown that creating a school\nRead More\nDecember 2, 2024\nOptions For Every District: Elevo Expanded Learning\nOur Expanded Learning solution brings educational, academic, and physical enrichment components together into one program. Our programs are designed to expand on what students are\nRead More\nNovember 22, 2024\nVeterans Day at Elevo: Honoring the Experiences of Those Who Have Served\nAs we celebrate Veterans Day, we would like to take a moment to honor the courageous men and women who have served our country. Here\nRead More\nNovember 11, 2024\nMy Journey with Elevo: From Coach to Multimedia Creator\nThe Growing With Elevo series features mission-driven people from across our organization sharing their stories and growth experiences as they strive to make a positive\nRead More\nNovember 7, 2024\nSeasonal Changes: How Shifts in Weather Impact Students\nThe changing seasons bring a wealth of transformations, including cool breezes after long summer days, the beautiful changing colors of foliage, and the festive chill\nRead More\nNovember 5, 2024\nIn-School Programs: Spotlight On Elevo School Day\nAt Elevo, we understand the power of structured play time for students. We created Elevo School Day to support students and educators alike, during recess,\nRead More\nOctober 18, 2024\nGetting Into the Community: Celebrating the Opening of Our Salinas Office\nFor almost 20 years, Elevo has been committed to making a big impact on the schools we serve. From the partnerships we build with districts\nRead More\nOctober 4, 2024\nPassion and Dedication: Supporting School Districts Through My Journey at Elevo\nThe Growing With Elevo series features mission-driven people from across our organization sharing their stories and growth experiences as they strive to make a positive\nRead More\nOctober 4, 2024\nHitting the Books: New Study Habits For the New School Year\nThe new school year is officially here, full of possibilities and the chance for students to step into the best version of themselves with a\nRead More\nSeptember 27, 2024\nBringing You More for 2024: Here’s What’s New This School Year\nWith the school year in full swing, now is the time to celebrate new beginnings. Students are transitioning to new grades, district administrators are locking\nRead More\nSeptember 13, 2024\nWhen Burnout Strikes: Supporting Educators Through Trying Times\nThe COVID-19 pandemic disrupted nearly every aspect of education. Educators across the world had to quickly pivot to virtual learning, reimagine their classrooms, and support\nRead More\nSeptember 3, 2024\nMoving On Up: Prioritizing Mental Wellness as Students Transition to a New Grade\nWith a new school year comes a new grade for many students. It’s no secret that some can find this change to be a bit\nRead More\nAugust 16, 2024\n5 Ways to Help Students Navigate Back-To-School Anxiety\nIt’s the Most Wonderful Time of the Year? My Tale of the Back to School Blues In the story of my childhood, there are two\nRead More\nAugust 15, 2024\nWhen Friends Become Coworkers: Elevo’s Coach Referral Program\nKnow anyone looking for work this fall? We’re hiring coaches across California to facilitate our enrichment, rotational sports, and SEL-infused curriculum to the students we\nRead More\nAugust 2, 2024\nKeeping Classrooms Full: Addressing Staff Shortages and How We Can Help\nIn recent years, school districts across the country have faced numerous challenges, including staff shortages. Worsened by the COVID-19 pandemic, this issue has raised significant\nRead More\nJuly 31, 2024\nHow to Keep Students Motivated During Summer Intersession\nSummer intersession is in full swing! This long break in between regular academic periods gives students a chance to catch up, get ahead, and dive\nRead More\nJuly 26, 2024\n4666 Cass St. Suite #200,\nSan Diego, CA 92109\nPhone: (323) 484-2402\nFax: (760) 452-7509\nHome\nServices\nMethodology & results\nBecome a coach\nNews & media\nReferral Program\nPrivacy Policy\nHome\nServices\nMethodology & results\nBecome a coach\nNews & media\nReferral Program\nPrivacy Policy\nFacebook\nTwitter\nInstagram\nLinkedin\nElevo Newsletter\nEmail\nsign up\nDo Not Sell or Share My Personal Information\nDo Not Sell or Share My Personal Information\nServices\nElevo Expanded Learning\nElevo School Day\nMore for ’24\nMethodology & results\nBecome a coach\nNews & media\nCareers\nDEI\nBook a meeting\nServices\nElevo Expanded Learning\nElevo School Day\nMore for ’24\nMethodology & results\nBecome a coach\nNews & media\nCareers\nDEI\nBook a meeting\nDistrict Staff & Partners\nTo book a meeting with a Director of District Partnerships, please select your school county below.\nMeetings are not intended for prospective coaches.\nIf you’re interested in working for us, please\nclick here\nto visit our Careers page to view our current job openings.\nAlameda\nAmador\nButte\nCalaveras\nColusa\nContra Costa\nEl Dorado\nFresno\nGlenn\nHumboldt\nImperial\nInyo\nKern\nKings\nLake\nLos Angeles\nMadera\nMarin\nMendocino\nMerced\nMonterey\nNapa\nNevada\nOrange\nPlacer\nPlumas\nRiverside\nSacramento\nSan Benito\nSan Bernardino\nSan Diego\nSan Francisco\nSan Joaquin\nSan Luis Obispo\nSan Mateo\nSanta Barbara\nSanta Clara\nSanta Cruz\nShasta\nSolano\nSonoma\nStanislaus\nSutter\nTehama\nTulare\nTuolumne\nVentura\nYolo\nYuba",
    "https://elevolearning.com/careers/": "Careers - Elevo | Engage. Inspire. Thrive.\nSkip to content\nELO-P Fireside Chat with Elevo, Michael Funk & Palmdale School District\nWatch Video\nPartner With Us\nServices\nElevo Expanded Learning\nElevo School Day\nMore for ’24\nMethodology & results\nBecome a coach\nNews & media\nCareers\nDEIB\nWork With Us\nPartner with us\nServices\nElevo Expanded Learning\nElevo School Day\nMore for ’24\nMethodology & results\nBecome a coach\nNews & media\nCareers\nDEIB\nWork With Us\nPartner with us\nJoin Our Team and Be a Part of Our Inclusive Culture\nJumpstart Your Career in Education or Child Development\nAt Elevo, we are committed to transforming the well-being of students, so they look forward to coming to school. As a member of our team, you’ll help us fulfill that mission through meaningful (and fun!) work. We’re looking for passionate people who are eager to learn new skills and make an impact. Let’s get growing!\nView Open Positions\nWhat We Do\nWe provide a wide range of in-school and out-of-school-time programs and services designed to support the physical, mental, and academic well-being of all students. Our programs serve as opportunities to learn, move, and thrive together beyond classroom walls.\nLearn more\nWho We Are\nWe’re passionate about the students we serve, because we believe that every child deserves a team. At our core, we love learning, and we take every opportunity to help our students discover just a little more about themselves. We wake up every day ready to make an impact in our local communities.\nWork with us\n\"We don’t hire people to fill a position, we bring people in to make a difference. Our promise is to support and nurture that every day\"\nServing Over 370,000 Students, Families, and Districts Across California\n700+\nSchools\n75+\nDistricts\n2400+\nCoaches\nCoach Careers\nOur Coaches are the  face of Elevo, carrying out our mission, our approach, and our promise to students, schools, and families. Plus, they love learning and the opportunity to create memories that last a lifetime.\nHow We Support Your Career Growth\n–\nFlexible roles that fit your life – many of our roles coincide with your fall and spring school schedules, leaving summers open for other activities.\n–\nAdvancement opportunities (46% of our full-time staff got their start as coaches!).\n–\nContinuous paid training.\n–\nMake a positive impact on those who need it most.\n–\nEngage students in outdoor and indoor activities, including rotational sports, LEGO® builds, and other enrichment programs.\n–\nWork outside, and help students thrive in your local community.\n–\nJumpstart your career in education, sports, and coaching.\n–\nBuild leadership skills.\n–\nGrow your network.\nFull Time Roles\nWhile Elevo coaches are front and center on the field, our full time staff work tirelessly behind the scenes to ensure our students have the best experience possible. Get ready to jumpstart your career in education at the corporate level!\nWhat’s in it For You?\n– Flexible/remote work.\n–\nChoice of health, dental, and vision plans.\n–\nNo cost, Short-Term Disability, and basic life insurance.\n–\nAdvancement and personal development opportunities.\n–\n401k Plan (4% Employer Match).\n–\nGenerous PTO.\n\"I love working at Elevo because of the evident impact that we are having on students. Every student, parent, and educator testimonial we receive highlights the care and dedication of the Elevo team. Being part of said team is amazing, and I love Elevo for introducing me to colleagues who are committed to bettering the lives of students.\"\nSerina Santiago\nSales Operations Manager\n“I love working at Elevo because of the people and the company's reputation. I am grateful to work with some incredible employees who put Elevo's mission at the forefront and truly care for the kids we serve.”\nSabina Perezcarro\nDirector, Employee Experience\n\"I originally joined Elevo as a part-time coach to pay the bills while finishing grad school. I immediately fell in love with Elevo’s mission, vision, and people, and never turned back! Transitioning from a coach into a full-time recruitment role for Elevo was the best career decision I ever made!\"\nSam Monsen\nEmployee Experience Specialist\n“Elevo has been the first company that I have ever felt I was able to grow in and excel at what I do. From what we do for the kids and all we do to keep a positive and healthy work environment. I finally have a job I look forward to doing!”\nJagger Hansen\nTalent Coordinator\n4666 Cass St. Suite #200,\nSan Diego, CA 92109\nPhone: (323) 484-2402\nFax: (760) 452-7509\nHome\nServices\nMethodology & results\nBecome a coach\nNews & media\nReferral Program\nPrivacy Policy\nHome\nServices\nMethodology & results\nBecome a coach\nNews & media\nReferral Program\nPrivacy Policy\nFacebook\nTwitter\nInstagram\nLinkedin\nElevo Newsletter\nEmail\nsign up\nDo Not Sell or Share My Personal Information\nDo Not Sell or Share My Personal Information\nServices\nElevo Expanded Learning\nElevo School Day\nMore for ’24\nMethodology & results\nBecome a coach\nNews & media\nCareers\nDEI\nBook a meeting\nServices\nElevo Expanded Learning\nElevo School Day\nMore for ’24\nMethodology & results\nBecome a coach\nNews & media\nCareers\nDEI\nBook a meeting\nDistrict Staff & Partners\nTo book a meeting with a Director of District Partnerships, please select your school county below.\nMeetings are not intended for prospective coaches.\nIf you’re interested in working for us, please\nclick here\nto visit our Careers page to view our current job openings.\nAlameda\nAmador\nButte\nCalaveras\nColusa\nContra Costa\nEl Dorado\nFresno\nGlenn\nHumboldt\nImperial\nInyo\nKern\nKings\nLake\nLos Angeles\nMadera\nMarin\nMendocino\nMerced\nMonterey\nNapa\nNevada\nOrange\nPlacer\nPlumas\nRiverside\nSacramento\nSan Benito\nSan Bernardino\nSan Diego\nSan Francisco\nSan Joaquin\nSan Luis Obispo\nSan Mateo\nSanta Barbara\nSanta Clara\nSanta Cruz\nShasta\nSolano\nSonoma\nStanislaus\nSutter\nTehama\nTulare\nTuolumne\nVentura\nYolo\nYuba",
    "https://elevolearning.com/2021/04/learning-about-importance-of-social-emotional-learning-for-children/": "Learning About Importance Of Social, Emotional Learning For Children - Elevo | Engage. Inspire. Thrive.\nSkip to content\nELO-P Fireside Chat with Elevo, Michael Funk & Palmdale School District\nWatch Video\nPartner With Us\nServices\nElevo Expanded Learning\nElevo School Day\nMore for ’24\nMethodology & results\nBecome a coach\nNews & media\nCareers\nDEIB\nWork With Us\nPartner with us\nServices\nElevo Expanded Learning\nElevo School Day\nMore for ’24\nMethodology & results\nBecome a coach\nNews & media\nCareers\nDEIB\nWork With Us\nPartner with us\nLearning About Importance Of Social, Emotional Learning For Children\nApril 13, 2021\n2:01 am\n//\nSchools\n,\nSocial & Emotional Learning\nThe push to get kids back into the classroom has been driven by the understanding that in-person learning is essential to education, but there is much more to consider than just knowledge.\nMae spoke to Emma Tudor, the vice president of Sports for Learning, about the social and emotional learning gap.\n~ FOX40, Sacramento\nSHARE THIS POST:\n4666 Cass St. Suite #200,\nSan Diego, CA 92109\nPhone: (323) 484-2402\nFax: (760) 452-7509\nHome\nServices\nMethodology & results\nBecome a coach\nNews & media\nReferral Program\nPrivacy Policy\nHome\nServices\nMethodology & results\nBecome a coach\nNews & media\nReferral Program\nPrivacy Policy\nFacebook\nTwitter\nInstagram\nLinkedin\nElevo Newsletter\nEmail\nsign up\nDo Not Sell or Share My Personal Information\nDo Not Sell or Share My Personal Information\nServices\nElevo Expanded Learning\nElevo School Day\nMore for ’24\nMethodology & results\nBecome a coach\nNews & media\nCareers\nDEI\nBook a meeting\nServices\nElevo Expanded Learning\nElevo School Day\nMore for ’24\nMethodology & results\nBecome a coach\nNews & media\nCareers\nDEI\nBook a meeting\nDistrict Staff & Partners\nTo book a meeting with a Director of District Partnerships, please select your school county below.\nMeetings are not intended for prospective coaches.\nIf you’re interested in working for us, please\nclick here\nto visit our Careers page to view our current job openings.\nAlameda\nAmador\nButte\nCalaveras\nColusa\nContra Costa\nEl Dorado\nFresno\nGlenn\nHumboldt\nImperial\nInyo\nKern\nKings\nLake\nLos Angeles\nMadera\nMarin\nMendocino\nMerced\nMonterey\nNapa\nNevada\nOrange\nPlacer\nPlumas\nRiverside\nSacramento\nSan Benito\nSan Bernardino\nSan Diego\nSan Francisco\nSan Joaquin\nSan Luis Obispo\nSan Mateo\nSanta Barbara\nSanta Clara\nSanta Cruz\nShasta\nSolano\nSonoma\nStanislaus\nSutter\nTehama\nTulare\nTuolumne\nVentura\nYolo\nYuba",
    "https://elevolearning.com/2024/12/californias-expanded-learning-vision/": "California's Expanded Learning Vision: How a Community of Practice Aims to Transform K-12 Education - Elevo | Engage. Inspire. Thrive.\nSkip to content\nELO-P Fireside Chat with Elevo, Michael Funk & Palmdale School District\nWatch Video\nPartner With Us\nServices\nElevo Expanded Learning\nElevo School Day\nMore for ’24\nMethodology & results\nBecome a coach\nNews & media\nCareers\nDEIB\nWork With Us\nPartner with us\nServices\nElevo Expanded Learning\nElevo School Day\nMore for ’24\nMethodology & results\nBecome a coach\nNews & media\nCareers\nDEIB\nWork With Us\nPartner with us\nCalifornia’s Expanded Learning Vision: How a Community of Practice Aims to Transform K-12 Education\nDecember 20, 2024\n9:16 am\n//\nEducation\n,\nSchools\n,\nSocial & Emotional Learning\nBy Maya Rahman-Rios, Elevo, Manager, Communications\nOn November 20, 2024, we held our first-ever Expanded Learning Community of Practice. California educators, expanded learning leaders, and Elevo staff and advisors gathered to discuss challenges and share best practices they’ve learned. Here’s a recap of this incredible event full of sharing successes, problem-solving, and learning.\nThe day was hosted by our Senior Vice President of Marketing, Karin Wu, and began with opening remarks from our CEOs and Founders, Nick Telford and Chris Murphy to set the stage for the day. Then, we learned about the power of advocacy and funding for expanded learning from Jessica Gunderson, Co-CEO of Partnership for Children & Youth, and Kevin Gordon, President of Capitol Advisors Group. They led us through the history of expanded learning in California and the importance of understanding political dynamics in the education sector.\nTo get educators talking and sharing their experiences, Manny Avina, Elevo’s Lead Training Manager in LA County, and Dr. Katie McNamara, former Superintendent for South Bay USD, hosted The Glows & Grows of the Expanded Learning Leader. The attendees talked through successes and challenges they’d faced during the school year. Avina and McNamara then facilitated a fishbowl-style discussion method to help the educators find solutions to space-related difficulties.\nNext, our Vice President of Curriculum & Training, Dr. Kristen Henry, and Inclusive Leadership Center Director at Chapman University – Thompson Policy Institute, Kari Adams, led a session about Universal Design for Learning. They touched on the many ways it can be used to craft spaces filled with belonging and inclusivity for all students.\nAfter a lunch break filled with networking opportunities, Elevo’s Manager of Marketing Operations, Allie Meegan, and Director of Operations in SoCal, Dee Ford, gave us insight into the importance of family engagement. From landing pages and email communications to tournaments, we’re all about helping our educators keep their school community in the loop.\nOur Director of RFP and Data Operations, Kelly McCollum, then shared about her Continuous Quality Improvement process. We’re proud of the way that we continue to improve our programming to make an even bigger impact.\nOur final session of the day was once again hosted by Dr. Henry and Kari Adams. This workshop outlined all of the ways educators can flip the compliance mindset on its head, while using street data to drive equity and tell a strong story.\nTo round out the day, we asked our attendees to share their takeaways, as well as what they hope to see from future events.\n“This event [was] much more in depth than I thought it would [be], and I have enjoyed the comprehensive approach it’s given me,” said Stephanie Ceminsky, Director of Expanded Learning at Westminster School District. “I’ve already written down several ideas that I’m going to take back to my district.”\nWhen asked what part of the event resonated the most with him, Rob Lurkins, ELO Administrator for Murrieta Unified School District, shared about the connections he made. “The best thing is networking and collaborating with friends and seeing everybody. Learning what they’re doing and what we’re doing and being able to see what we can do [that is] best for kids.”\nNext Steps\nBased on the feedback received, we are already planning our next convening sometime in the Spring. We will continue to bring expanded learning practitioners and experts together to ensure that the vision set by California’s Department of Education’s Expanded Learning Division is achieved and that communities are transformed through this movement.\nTo learn more about this CoP, watch the recap video\nhere\nand contact Karin Wu at\n[email protected]\nif you’d like information about our next convening.\nWe are incredibly grateful for the experts and thought partners from districts and expanded learning advocacy organizations who attended and shared their experience and insights:\nThomas Carroll, Coordinator of Student Services, Berryessa Union School District\nJoseph M. McCreary, Assistant Superintendent of Education Services, Berryessa Union School District\nRob Lurkins, ELOP Administrator, Murrieta Unified School District\nJorge Maldonado, ELOP Coordinator, Palmdale School District\nAlan Pantanini, Director Expanded Learning Programs, Pomona Unified School District\nEsther Garcia, Coordinator of Special Projects, Rowland Unified School District\nJohn Staggs, ELOP Coordinator, Westminster School District\nStephanie Ceminsky, Director of Expanded Learning, Westminster School District\nErica Williams, Director of Educational Services and ELOP, Nuview Union School District\nJorge Cerna, Athletics and Clubs Supervisor, South Bay Union School District\nDenisse Frenes-Gomez, ELOP Director, Los Nietos School District\nChloe Johnson, Director of Extended Learning, Salinas City Elementary School District\nJanelle Merry, Program Coordinator, Cajon Valley Union School District\nNorberto Perez, Lead Agent ELOP, Rialto Unified School District\nCatherine Cobb-von Husen, Expanded Learning Coordinator, Vallejo City Unified School District\nKatie McNamara, Former Superintendent, South Bay Union School District\nJessica Gunderson, Partners for Children & Youth/California Afterschool Alliance (CA3)\nKevin Gordon, Capitol, Advisors Group\nKari Adams, Inclusive Leadership Center Director, Chapman University – Thompson Policy Institute\nSHARE THIS POST:\n4666 Cass St. Suite #200,\nSan Diego, CA 92109\nPhone: (323) 484-2402\nFax: (760) 452-7509\nHome\nServices\nMethodology & results\nBecome a coach\nNews & media\nReferral Program\nPrivacy Policy\nHome\nServices\nMethodology & results\nBecome a coach\nNews & media\nReferral Program\nPrivacy Policy\nFacebook\nTwitter\nInstagram\nLinkedin\nElevo Newsletter\nEmail\nsign up\nDo Not Sell or Share My Personal Information\nDo Not Sell or Share My Personal Information\nServices\nElevo Expanded Learning\nElevo School Day\nMore for ’24\nMethodology & results\nBecome a coach\nNews & media\nCareers\nDEI\nBook a meeting\nServices\nElevo Expanded Learning\nElevo School Day\nMore for ’24\nMethodology & results\nBecome a coach\nNews & media\nCareers\nDEI\nBook a meeting\nDistrict Staff & Partners\nTo book a meeting with a Director of District Partnerships, please select your school county below.\nMeetings are not intended for prospective coaches.\nIf you’re interested in working for us, please\nclick here\nto visit our Careers page to view our current job openings.\nAlameda\nAmador\nButte\nCalaveras\nColusa\nContra Costa\nEl Dorado\nFresno\nGlenn\nHumboldt\nImperial\nInyo\nKern\nKings\nLake\nLos Angeles\nMadera\nMarin\nMendocino\nMerced\nMonterey\nNapa\nNevada\nOrange\nPlacer\nPlumas\nRiverside\nSacramento\nSan Benito\nSan Bernardino\nSan Diego\nSan Francisco\nSan Joaquin\nSan Luis Obispo\nSan Mateo\nSanta Barbara\nSanta Clara\nSanta Cruz\nShasta\nSolano\nSonoma\nStanislaus\nSutter\nTehama\nTulare\nTuolumne\nVentura\nYolo\nYuba",
    "https://elevolearning.com/2024/11/my-journey-with-elevo-from-coach-to-multimedia-creator/": "My Journey with Elevo: From Coach to Multimedia Creator - Elevo | Engage. Inspire. Thrive.\nSkip to content\nELO-P Fireside Chat with Elevo, Michael Funk & Palmdale School District\nWatch Video\nPartner With Us\nServices\nElevo Expanded Learning\nElevo School Day\nMore for ’24\nMethodology & results\nBecome a coach\nNews & media\nCareers\nDEIB\nWork With Us\nPartner with us\nServices\nElevo Expanded Learning\nElevo School Day\nMore for ’24\nMethodology & results\nBecome a coach\nNews & media\nCareers\nDEIB\nWork With Us\nPartner with us\nMy Journey with Elevo: From Coach to Multimedia Creator\nNovember 7, 2024\n9:16 pm\n//\nEducation\n,\nSchools\n,\nSocial & Emotional Learning\nBy Kris Washington, Multimedia Creator\nThe Growing With Elevo series features mission-driven people from across our organization sharing their stories and growth experiences as they strive to make a positive impact for the students we serve every day. This month, Multimedia Creator Kris Washington speaks on the many chapters in his Elevo journey and how it led him to become a crucial member of our Marketing Team.\nThe Beginning\nLike most people, I needed to make a living. After going through a tough time, a friend reached out and lent me a hand. That friend happened to be an Elevo coach, and they invited me to join the team as well.\nAt that point, I had been coaching high school football for four years, so I figured, “How hard can this be? I’ll be coaching elementary school kids—I got this!” I even convinced my fiancée to join me.\nI started as an Elevo Coach/Peer Mentor at Hemlock Elementary in Fontana School District, and I absolutely loved it. Every day, I got to mentor students, play games with them, and be someone they could talk to. I’ll never forget kids like Mia, Zara, James, and Michael Jackson—those names stick with you. The program was running smoothly, and I was having so much fun that I even referred one of my best friends, and we had a blast coaching together.\nAt that time, I was juggling multiple jobs just to make ends meet. I was working for a radio station, coaching football, and launching my freelance content creation business. But Elevo didn’t feel like just another job—it felt like a purpose, just like all my other gigs. I was helping people in every role, and that’s what mattered to me.\nThe Promotion\nAfter just 3-4 months, I was promoted to Coach Trainer. This gave me the chance to travel to other schools, meet more coaches, and connect with even more students. That’s when I realized Elevo was so much bigger than what I saw at my school—there were 30 schools in Fontana alone, with coaches making an impact across the district.\nMaking an Impact\nMoira Chung, another Elevo employee, had an idea to bring some extra joy to our coaches. She came up with the idea to create Valentine’s Day goodie bags, and as a team, we hand-delivered them to all of our coaches. I thought, “Why not record this and make an epic recap video?” And so we did. When we shared the video with the company, it was a hit—hearts melted, and our coaches were thrilled.\nThis project sparked something in me – the desire to capture raw, genuine and authentic moments. These moments tell the story of Elevo and they are happening all around us – throughout the state of California. Video speaks to everyone. Even if it’s not in a language you can understand or even if there is no dialogue at all. Everyone can feel something when these visuals and that is why I am passionate about video. We started hosting more events for our coaches and capturing it all on video. It became clear to me that Elevo needed more video content, and these moments were happening all over California. I wanted to focus more on video, but for the time being, I was happy to keep filming in any capacity I could.\nThe Turn\nThings were going great in Fontana, but as the year wrapped up, Elevo went through some changes. My position as Coach Trainer was eliminated, and I was devastated.\nDuring the summer, I started thinking about how Elevo could improve the community’s experience, just like we had improved the employee experience. I took inspiration from my time at the radio station and came up with an idea: What if we had a branded van that could pull up to schools, host events, and engage with the community? I pitched the idea to Elevo, and they loved it! Soon after, I was promoted to Street Team Lead.\nThe Street Team\nIn my new role, I got to find a van, get it wrapped, and drive it all over California for events. We built a team called “Team Blitz,” made up of Elevo coaches, and we hit community events to spread the word about Elevo. It was a blast! While recruiting and brand awareness became my focus, I still filmed every chance I got, holding onto my dream of doing video full-time.\nAs Team Blitz grew, so did my responsibilities. Eventually, I was promoted to Street Team Manager, overseeing a team that built connections across California. But after another reorganization, my position was eliminated once again.\nThe Dream\nEven though my role as Street Team Manager kept me busy, my passion for video never took a backseat. In fact, the bulk of the 40 videos I created for Elevo were made in my spare time, outside of my primary responsibilities. I filmed during lunch breaks, after events, and whenever I found a free moment because I truly believed in the power of capturing authentic stories.\nThese videos didn’t go unnoticed. As more people saw the impact these films had—both internally and externally—it became clear that there was a real need for an in-house videographer and photographer at Elevo. My work helped demonstrate just how much value video could bring to the company, and I couldn’t have been more excited to see that potential recognized.\nFrom Proposal to Reality\nFor months, I had been perfecting a proposal for an in-house video production department. I shared it with colleagues and even asked them to poke holes in it to make sure it was bulletproof. When I finally brought it to Elevo’s leadership, they saw the same vision I had.\nIn June 2024, I officially accepted the role of Multimedia Creation Lead at Elevo. Now, my main focus is producing videos that tell the story of Elevo and its mission. It’s a dream come true—taking something I’ve always been passionate about and turning it into a full-time role where I can make an impact every day.\nBiography\nKris Washington is not just a creative force but a dedicated husband, a lover of Jesus, and an advocate for genuine human connection. With an unwavering commitment to inspire and encourage everyone he encounters, Kris channels his passion through Zomtape, his wedding film production company, where he captures life’s most authentic and unscripted moments. Kris’s love for his wife and his faith fuels everything he does, guiding both his work and personal life. His “why” is simple: “why not?”—a philosophy that drives him to embrace every opportunity to make a lasting impact.\nSHARE THIS POST:\n4666 Cass St. Suite #200,\nSan Diego, CA 92109\nPhone: (323) 484-2402\nFax: (760) 452-7509\nHome\nServices\nMethodology & results\nBecome a coach\nNews & media\nReferral Program\nPrivacy Policy\nHome\nServices\nMethodology & results\nBecome a coach\nNews & media\nReferral Program\nPrivacy Policy\nFacebook\nTwitter\nInstagram\nLinkedin\nElevo Newsletter\nEmail\nsign up\nDo Not Sell or Share My Personal Information\nDo Not Sell or Share My Personal Information\nServices\nElevo Expanded Learning\nElevo School Day\nMore for ’24\nMethodology & results\nBecome a coach\nNews & media\nCareers\nDEI\nBook a meeting\nServices\nElevo Expanded Learning\nElevo School Day\nMore for ’24\nMethodology & results\nBecome a coach\nNews & media\nCareers\nDEI\nBook a meeting\nDistrict Staff & Partners\nTo book a meeting with a Director of District Partnerships, please select your school county below.\nMeetings are not intended for prospective coaches.\nIf you’re interested in working for us, please\nclick here\nto visit our Careers page to view our current job openings.\nAlameda\nAmador\nButte\nCalaveras\nColusa\nContra Costa\nEl Dorado\nFresno\nGlenn\nHumboldt\nImperial\nInyo\nKern\nKings\nLake\nLos Angeles\nMadera\nMarin\nMendocino\nMerced\nMonterey\nNapa\nNevada\nOrange\nPlacer\nPlumas\nRiverside\nSacramento\nSan Benito\nSan Bernardino\nSan Diego\nSan Francisco\nSan Joaquin\nSan Luis Obispo\nSan Mateo\nSanta Barbara\nSanta Clara\nSanta Cruz\nShasta\nSolano\nSonoma\nStanislaus\nSutter\nTehama\nTulare\nTuolumne\nVentura\nYolo\nYuba",
    "https://elevolearning.com/2024/07/addressing-staff-shortages/": "Keeping Classrooms Full: Addressing Staff Shortages and How We Can Help - Elevo | Engage. Inspire. Thrive.\nSkip to content\nELO-P Fireside Chat with Elevo, Michael Funk & Palmdale School District\nWatch Video\nPartner With Us\nServices\nElevo Expanded Learning\nElevo School Day\nMore for ’24\nMethodology & results\nBecome a coach\nNews & media\nCareers\nDEIB\nWork With Us\nPartner with us\nServices\nElevo Expanded Learning\nElevo School Day\nMore for ’24\nMethodology & results\nBecome a coach\nNews & media\nCareers\nDEIB\nWork With Us\nPartner with us\nKeeping Classrooms Full: Addressing Staff Shortages and How We Can Help\nJuly 31, 2024\n3:27 pm\n//\nEducation\n,\nSchools\n,\nSocial & Emotional Learning\nBy Maya Rahman-Rios, Elevo, Manager, Communications\nIn recent years, school districts across the country have faced numerous challenges, including staff shortages. Worsened by the COVID-19 pandemic, this issue has raised significant concerns from educators, families, and administrators alike. The increase in empty classrooms not only disrupts the learning process for students but also puts even more pressure on existing educators. Let’s explore the causes of these shortages, their impact, and how we can help districts that are facing these challenges.\nWhat Causes Staff Shortages?\nThe Effects of the Pandemic\nIt’s no secret that the COVID-19 pandemic has had lasting effects on schools. Educators have experienced health concerns and burnout, causing many to change career paths. Plus, the increased need for remote learning and the uncertainty of in-person instruction have led to heightened stress.\nIncreased Job Demands\nAs the education landscape continues to evolve, teachers and school staff face growing responsibilities. Larger class sizes, new technologies, combined grade levels, and diverse student needs can all lead to job dissatisfaction and increased burnout.\nWhat is the Impact of Staff Shortages?\nCompromised Student Learning\nLarger class sizes, multiple grade bands in each classroom, and fewer resources often lead to students not receiving the individualized attention they need. This can result in slower academic progress and widen the gap of existing educational inequalities.\nDisrupted School Operations\nStaff shortages also lead to inconsistencies across the education system. Frequent changes in teaching assignments, program cancellations, and difficulties in maintaining a consistent curriculum can all have a negative impact on the overall school environment and student morale.\nMental Health Concerns\nFor both students and staff, the stress and uncertainty that comes with these shortages can affect\nmental health and well-being\n. High-pressure learning environments can lead to higher absenteeism and turnover, which makes the school climate all the more unstable.\nWhat Can Be Done About Staff Shortages?\nProfessional Development Opportunities and Added Support\nSchool staff members are learners, too! Providing regular opportunities for professional development can help them feel valued and better equipped to face the challenges that come with their role. Plus, mental health resources and mentorship support can also help reduce burnout.\nRetention Initiatives\nStrategies that improve job satisfaction and retention are also crucial. By fostering a positive work environment, recognizing and rewarding staff contributions, and providing advancement opportunities, districts can help make sure their staff are in it for the long haul.\nCommunity Engagement\nIt’s important for educators to realize they don’t need to do it alone. Parents, families, and the community at large are often willing to take on support roles to alleviate some of the pressure on school staff.\nHow Can Elevo Help With Staff Shortages?\nHiring and retaining a diverse, high-quality workforce in a tight market takes experience and skill. Elevo has a 70-person recruitment team and year-round partnerships with universities, colleges, and local referral networks. Whether you serve 4 or 400 schools, we have the capacity and experience to meet your needs. Our coaches are well-trained and ready to engage your students in a variety of sports, STEAM enrichment, and SEL-infused activities.\nFinal Thoughts\nStaff shortages in school districts are a multifaceted challenge. Together, we can address the root causes and implement comprehensive solutions to give students the positive, stable learning environment they deserve.\nLet’s work toward making sure our schools are adequately staffed together! Learn more about our offerings\nhere\n, or book a meeting with an Elevo expert\nhere\nby clicking on Partner With Us.\nSHARE THIS POST:\n4666 Cass St. Suite #200,\nSan Diego, CA 92109\nPhone: (323) 484-2402\nFax: (760) 452-7509\nHome\nServices\nMethodology & results\nBecome a coach\nNews & media\nReferral Program\nPrivacy Policy\nHome\nServices\nMethodology & results\nBecome a coach\nNews & media\nReferral Program\nPrivacy Policy\nFacebook\nTwitter\nInstagram\nLinkedin\nElevo Newsletter\nEmail\nsign up\nDo Not Sell or Share My Personal Information\nDo Not Sell or Share My Personal Information\nServices\nElevo Expanded Learning\nElevo School Day\nMore for ’24\nMethodology & results\nBecome a coach\nNews & media\nCareers\nDEI\nBook a meeting\nServices\nElevo Expanded Learning\nElevo School Day\nMore for ’24\nMethodology & results\nBecome a coach\nNews & media\nCareers\nDEI\nBook a meeting\nDistrict Staff & Partners\nTo book a meeting with a Director of District Partnerships, please select your school county below.\nMeetings are not intended for prospective coaches.\nIf you’re interested in working for us, please\nclick here\nto visit our Careers page to view our current job openings.\nAlameda\nAmador\nButte\nCalaveras\nColusa\nContra Costa\nEl Dorado\nFresno\nGlenn\nHumboldt\nImperial\nInyo\nKern\nKings\nLake\nLos Angeles\nMadera\nMarin\nMendocino\nMerced\nMonterey\nNapa\nNevada\nOrange\nPlacer\nPlumas\nRiverside\nSacramento\nSan Benito\nSan Bernardino\nSan Diego\nSan Francisco\nSan Joaquin\nSan Luis Obispo\nSan Mateo\nSanta Barbara\nSanta Clara\nSanta Cruz\nShasta\nSolano\nSonoma\nStanislaus\nSutter\nTehama\nTulare\nTuolumne\nVentura\nYolo\nYuba",
    "https://elevolearning.com/careers": "Careers - Elevo | Engage. Inspire. Thrive.\nSkip to content\nELO-P Fireside Chat with Elevo, Michael Funk & Palmdale School District\nWatch Video\nPartner With Us\nServices\nElevo Expanded Learning\nElevo School Day\nMore for ’24\nMethodology & results\nBecome a coach\nNews & media\nCareers\nDEIB\nWork With Us\nPartner with us\nServices\nElevo Expanded Learning\nElevo School Day\nMore for ’24\nMethodology & results\nBecome a coach\nNews & media\nCareers\nDEIB\nWork With Us\nPartner with us\nJoin Our Team and Be a Part of Our Inclusive Culture\nJumpstart Your Career in Education or Child Development\nAt Elevo, we are committed to transforming the well-being of students, so they look forward to coming to school. As a member of our team, you’ll help us fulfill that mission through meaningful (and fun!) work. We’re looking for passionate people who are eager to learn new skills and make an impact. Let’s get growing!\nView Open Positions\nWhat We Do\nWe provide a wide range of in-school and out-of-school-time programs and services designed to support the physical, mental, and academic well-being of all students. Our programs serve as opportunities to learn, move, and thrive together beyond classroom walls.\nLearn more\nWho We Are\nWe’re passionate about the students we serve, because we believe that every child deserves a team. At our core, we love learning, and we take every opportunity to help our students discover just a little more about themselves. We wake up every day ready to make an impact in our local communities.\nWork with us\n\"We don’t hire people to fill a position, we bring people in to make a difference. Our promise is to support and nurture that every day\"\nServing Over 370,000 Students, Families, and Districts Across California\n700+\nSchools\n75+\nDistricts\n2400+\nCoaches\nCoach Careers\nOur Coaches are the  face of Elevo, carrying out our mission, our approach, and our promise to students, schools, and families. Plus, they love learning and the opportunity to create memories that last a lifetime.\nHow We Support Your Career Growth\n–\nFlexible roles that fit your life – many of our roles coincide with your fall and spring school schedules, leaving summers open for other activities.\n–\nAdvancement opportunities (46% of our full-time staff got their start as coaches!).\n–\nContinuous paid training.\n–\nMake a positive impact on those who need it most.\n–\nEngage students in outdoor and indoor activities, including rotational sports, LEGO® builds, and other enrichment programs.\n–\nWork outside, and help students thrive in your local community.\n–\nJumpstart your career in education, sports, and coaching.\n–\nBuild leadership skills.\n–\nGrow your network.\nFull Time Roles\nWhile Elevo coaches are front and center on the field, our full time staff work tirelessly behind the scenes to ensure our students have the best experience possible. Get ready to jumpstart your career in education at the corporate level!\nWhat’s in it For You?\n– Flexible/remote work.\n–\nChoice of health, dental, and vision plans.\n–\nNo cost, Short-Term Disability, and basic life insurance.\n–\nAdvancement and personal development opportunities.\n–\n401k Plan (4% Employer Match).\n–\nGenerous PTO.\n\"I love working at Elevo because of the evident impact that we are having on students. Every student, parent, and educator testimonial we receive highlights the care and dedication of the Elevo team. Being part of said team is amazing, and I love Elevo for introducing me to colleagues who are committed to bettering the lives of students.\"\nSerina Santiago\nSales Operations Manager\n“I love working at Elevo because of the people and the company's reputation. I am grateful to work with some incredible employees who put Elevo's mission at the forefront and truly care for the kids we serve.”\nSabina Perezcarro\nDirector, Employee Experience\n\"I originally joined Elevo as a part-time coach to pay the bills while finishing grad school. I immediately fell in love with Elevo’s mission, vision, and people, and never turned back! Transitioning from a coach into a full-time recruitment role for Elevo was the best career decision I ever made!\"\nSam Monsen\nEmployee Experience Specialist\n“Elevo has been the first company that I have ever felt I was able to grow in and excel at what I do. From what we do for the kids and all we do to keep a positive and healthy work environment. I finally have a job I look forward to doing!”\nJagger Hansen\nTalent Coordinator\n4666 Cass St. Suite #200,\nSan Diego, CA 92109\nPhone: (323) 484-2402\nFax: (760) 452-7509\nHome\nServices\nMethodology & results\nBecome a coach\nNews & media\nReferral Program\nPrivacy Policy\nHome\nServices\nMethodology & results\nBecome a coach\nNews & media\nReferral Program\nPrivacy Policy\nFacebook\nTwitter\nInstagram\nLinkedin\nElevo Newsletter\nEmail\nsign up\nDo Not Sell or Share My Personal Information\nDo Not Sell or Share My Personal Information\nServices\nElevo Expanded Learning\nElevo School Day\nMore for ’24\nMethodology & results\nBecome a coach\nNews & media\nCareers\nDEI\nBook a meeting\nServices\nElevo Expanded Learning\nElevo School Day\nMore for ’24\nMethodology & results\nBecome a coach\nNews & media\nCareers\nDEI\nBook a meeting\nDistrict Staff & Partners\nTo book a meeting with a Director of District Partnerships, please select your school county below.\nMeetings are not intended for prospective coaches.\nIf you’re interested in working for us, please\nclick here\nto visit our Careers page to view our current job openings.\nAlameda\nAmador\nButte\nCalaveras\nColusa\nContra Costa\nEl Dorado\nFresno\nGlenn\nHumboldt\nImperial\nInyo\nKern\nKings\nLake\nLos Angeles\nMadera\nMarin\nMendocino\nMerced\nMonterey\nNapa\nNevada\nOrange\nPlacer\nPlumas\nRiverside\nSacramento\nSan Benito\nSan Bernardino\nSan Diego\nSan Francisco\nSan Joaquin\nSan Luis Obispo\nSan Mateo\nSanta Barbara\nSanta Clara\nSanta Cruz\nShasta\nSolano\nSonoma\nStanislaus\nSutter\nTehama\nTulare\nTuolumne\nVentura\nYolo\nYuba",
    "https://elevolearning.com/2023/11/why-a-team-agreement-matters/": "Why a Team Agreement Matters - Elevo | Engage. Inspire. Thrive.\nSkip to content\nELO-P Fireside Chat with Elevo, Michael Funk & Palmdale School District\nWatch Video\nPartner With Us\nServices\nElevo Expanded Learning\nElevo School Day\nMore for ’24\nMethodology & results\nBecome a coach\nNews & media\nCareers\nDEIB\nWork With Us\nPartner with us\nServices\nElevo Expanded Learning\nElevo School Day\nMore for ’24\nMethodology & results\nBecome a coach\nNews & media\nCareers\nDEIB\nWork With Us\nPartner with us\nWhy a Team Agreement Matters\nNovember 28, 2023\n10:23 am\n//\nEducation\n,\nSchools\n,\nSocial & Emotional Learning\nPara español desplácese hacia abajo.\nAt Elevo, everything we do is built around our Five Core Practices. From a Warm Welcome to an Optimistic Closure, Elevo coaches are trained in these practices, which support the development of the whole child and create safe and supportive learning environments. Our approach focuses on strengthening students’ physical, mental, and academic well-being. We’re proud to foster a positive environment that allows students to find meaning in their experiences and build essential skills.\nToday, we’ll be breaking down what it means to make a Team Agreement and how these important dialogues can create an environment where all students can feel a sense of belonging.\nWhat is a Team Agreement?\nAs a collaborative discussion that describes the feelings and actions that will foster trust and safety within the group, Team Agreements are a crucial part of a successful Elevo session. A Team Agreement makes behavior expectations clear, resulting in a safe, predictable environment for students. This process allows us to intentionally cultivate positive emotions and strengthen our shared commitment to build a supportive community.\nWhat Does a Team Agreement Look Like?\nS\ntep 1:\nOur coaches will identify how they and their students want to feel during an Elevo session. Together, they’ll explore what they hope to get out of each day in the program.\nStep 2:\nThe coach will then ask the group for some actions everyone can commit to ensuring those feelings are met. This allows our students to further understand the link between emotions and action.\nStep 3:\nCoaches then take stock of all of the suggested actions before combining them into two to five things that can constitute your Team Agreement. By summarizing everyone’s contributions, they are ensuring that all voices are heard and accounted for. Students can even sign the Team Agreement if they will stay in the program for an extended period of time.\nFinal Thoughts\nAs one of Elevo’s Core Practices, Team Agreements have the power to make each session all the more successful. All students can (and should!) weigh in so that it better reflects their school community. It can even serve as a reminder or a guiding light when challenges arise, allowing them to thrive in the classroom and beyond.\nPor Qué es Importante un Acuerdo de Equipo\nEn Elevo, todo lo que hacemos se basa en nuestras Cinco Prácticas Básicas. Desde una Bienvenida Cálida hasta un Cierre Optimista, los entrenadores de Elevo están entrenados en estas prácticas, que apoyan el desarrollo integral del niño y crean entornos de aprendizaje seguros y de apoyo. Nuestro enfoque se centra en fortalecer el bienestar físico, mental y académico de los estudiantes. Estamos orgullosos de fomentar un ambiente positivo que permita a los estudiantes encontrar significado en sus experiencias y desarrollar habilidades esenciales.\nHoy, analizaremos lo que significa llegar a un Acuerdo de Equipo y cómo estos importantes diálogos pueden crear un ambiente donde todos los estudiantes puedan sentir un sentido de pertenencia.\n¿Qué es un Acuerdo de Equipo?\nCómo discusión colaborativa que describe los sentimientos y acciones que fomentarán la confianza y la seguridad dentro del grupo, los acuerdos de equipo son una parte crucial de una sesión exitosa de Elevo. Un Acuerdo de Equipo deja claras las expectativas de comportamiento, lo que resulta en un ambiente seguro y predecible para los estudiantes. Este proceso nos permite cultivar intencionalmente emociones positivas y fortalecer nuestro compromiso compartido para construir una comunidad de apoyo.\n¿Cómo es un Acuerdo de Equipo?\nPaso 1:\nNuestros entrenadores identificarán cómo ellos y sus alumnos quieren sentirse durante una sesión de Elevo. Juntos, explorarán lo que esperan obtener cada día en el programa.\nPaso 2:\nLuego, el entrenador le pedirá al grupo algunas acciones que todos puedan comprometerse para garantizar que se cumplan esos sentimientos. Esto permite a nuestros estudiantes comprender mejor la relación entre las emociones y la acción.\nPaso 3:\nLuego, los entrenadores hacen un balance de todas las acciones sugeridas antes de combinarlas en dos a cinco cosas que pueden constituir su Acuerdo de Equipo. Al resumir las contribuciones de todos, se aseguran de que todas las voces sean escuchadas y tenidas en cuenta. Los estudiantes pueden incluso firmar el Acuerdo de Equipo si permanecen en el programa por un período prolongado.\nPensamientos Finales\nComo una de las Prácticas Principales de Elevo, los Acuerdos de Equipo tienen el poder de hacer que cada sesión sea aún más exitosa. Todos los estudiantes pueden (¡y deben!) opinar para que refleje mejor su comunidad escolar. Incluso puede servir como recordatorio o guía cuando surgen desafíos, permitiéndoles prosperar en la clase y más allá.\nSHARE THIS POST:\n4666 Cass St. Suite #200,\nSan Diego, CA 92109\nPhone: (323) 484-2402\nFax: (760) 452-7509\nHome\nServices\nMethodology & results\nBecome a coach\nNews & media\nReferral Program\nPrivacy Policy\nHome\nServices\nMethodology & results\nBecome a coach\nNews & media\nReferral Program\nPrivacy Policy\nFacebook\nTwitter\nInstagram\nLinkedin\nElevo Newsletter\nEmail\nsign up\nDo Not Sell or Share My Personal Information\nDo Not Sell or Share My Personal Information\nServices\nElevo Expanded Learning\nElevo School Day\nMore for ’24\nMethodology & results\nBecome a coach\nNews & media\nCareers\nDEI\nBook a meeting\nServices\nElevo Expanded Learning\nElevo School Day\nMore for ’24\nMethodology & results\nBecome a coach\nNews & media\nCareers\nDEI\nBook a meeting\nDistrict Staff & Partners\nTo book a meeting with a Director of District Partnerships, please select your school county below.\nMeetings are not intended for prospective coaches.\nIf you’re interested in working for us, please\nclick here\nto visit our Careers page to view our current job openings.\nAlameda\nAmador\nButte\nCalaveras\nColusa\nContra Costa\nEl Dorado\nFresno\nGlenn\nHumboldt\nImperial\nInyo\nKern\nKings\nLake\nLos Angeles\nMadera\nMarin\nMendocino\nMerced\nMonterey\nNapa\nNevada\nOrange\nPlacer\nPlumas\nRiverside\nSacramento\nSan Benito\nSan Bernardino\nSan Diego\nSan Francisco\nSan Joaquin\nSan Luis Obispo\nSan Mateo\nSanta Barbara\nSanta Clara\nSanta Cruz\nShasta\nSolano\nSonoma\nStanislaus\nSutter\nTehama\nTulare\nTuolumne\nVentura\nYolo\nYuba"
  },
  "doc_id": "745ac305-7fc1-58a4-831e-ef28addf5ddf"
}