{
  "url": "http://eypae.com",
  "timestamp": 1734801894.1417224,
  "text_by_page_url": {
    "http://eypae.com/markets": "Markets | pagethink.com\nMarkets\nAcademic\nAcademic Innovation\nCampus Planning\nHealth / Medical Education\nPK-12\nScience / Engineering / Discovery\nStudent Life\nTechnical / Community Colleges\nAdvanced Manufacturing\nManufacturing\nSemiconductor\nAviation\nCivic / Community / Culture\nCivic\nCommunity\nCulture\nGovernment\nArts / Culture\nCivilian Agencies\nDefense / Intelligence\nDiplomatic\nFederal Healthcare\nJustice\nLab / Research\nHealthcare\nHealth Forward\nAcademic Medical Centers\nAcute Care\nAmbulatory Care\nBehavioral Health\nCancer Care\nChildrens Health\nFederal Healthcare\nSpecialty Care\nHospitality\nMission Critical\nAerospace\nData Centers\nEnergy\nMultifamily Residential\nOffice\nRetail / Mixed Use\nScience / Technology\nAcademic\nCommercial Life Sciences\nCorporate\nGovernment\nHealth\nInnovation Districts\nWorkplace\nPractice Areas\nArchitecture\nBranding / Experiential Graphic Design\nCommissioning\nDesign Exchange\nEngineering\nInteriors\nLab Design / Planning\nLandscape Architecture\nPlanning / Urban Design\nPreservation / Modernization\nStrategy / Analytics\nTesting / Adjusting / Balancing\nPeople\nNews\nIn The Media\nInsights\nNews Releases\nRecognition\nThe Good Room Podcast\nOffices\nAbout\nCareers\nHealthcare Fellowships\nAustin-Bergstrom International Airport (AUS)\nTerminal and FIS Expansion\nMarkets\nWe believe buildings are more important for what they do — for the positive impact they make on individual lives — than for what they are. In all that we design and do, we consider how to make people’s lives better.\nAcademic\nAdvanced Manufacturing\nAviation\nCivic / Community / Culture\nGovernment\nHealthcare\nHospitality\nMission Critical\nMultifamily Residential\nOffice\nRetail / Mixed-Use\nScience / Technology\nWorkplace\nGeneral Electric\nTransportation Energy Storage\nHouston Intercontinental Airport (IAH)\nInternational Terminal and FIS Expansion\nU.S. Department of State\nU.S. Embassy Campus, Guatemala City\nCity of Buda\nCity of Buda Municipal Complex\nAlexa Management\nThe Ruby Hotel\nAMLI Residential\nFountain Place Residences\nAustin Energy\nAustin Energy Headquarters\nUT Southwestern Medical Center\nThe Harold C. Simmons Comprehensive Cancer Center and The Peter O’Donnell Jr. Brain Institute\nGeorge Mason University\nFuse at Mason Square\nBrandywine Realty Trust\nUptown ATX Master Plan\nOttobock / Cresa Partners\nOttobock\nTop\nof the page\nThink what’s possible\nSearch Keywords\nInstagram\nLinkedIn\nFacebook\nTwitter\nYouTube\nFooter menu\nMarkets\nPractice Areas\nArticles\nPeople\nOffices\nAbout\nCareers\n©2024 Page\nPrivacy policy\n|\nCompliance",
    "http://eypae.com/academic-innovation": "Academic Innovation | pagethink.com\nMarkets\nAcademic\nAcademic Innovation\nCampus Planning\nHealth / Medical Education\nPK-12\nScience / Engineering / Discovery\nStudent Life\nTechnical / Community Colleges\nAdvanced Manufacturing\nManufacturing\nSemiconductor\nAviation\nCivic / Community / Culture\nCivic\nCommunity\nCulture\nGovernment\nArts / Culture\nCivilian Agencies\nDefense / Intelligence\nDiplomatic\nFederal Healthcare\nJustice\nLab / Research\nHealthcare\nHealth Forward\nAcademic Medical Centers\nAcute Care\nAmbulatory Care\nBehavioral Health\nCancer Care\nChildrens Health\nFederal Healthcare\nSpecialty Care\nHospitality\nMission Critical\nAerospace\nData Centers\nEnergy\nMultifamily Residential\nOffice\nRetail / Mixed Use\nScience / Technology\nAcademic\nCommercial Life Sciences\nCorporate\nGovernment\nHealth\nInnovation Districts\nWorkplace\nPractice Areas\nArchitecture\nBranding / Experiential Graphic Design\nCommissioning\nDesign Exchange\nEngineering\nInteriors\nLab Design / Planning\nLandscape Architecture\nPlanning / Urban Design\nPreservation / Modernization\nStrategy / Analytics\nTesting / Adjusting / Balancing\nPeople\nNews\nIn The Media\nInsights\nNews Releases\nRecognition\nThe Good Room Podcast\nOffices\nAbout\nCareers\nHealthcare Fellowships\nLehigh University\nMountaintop Campus\nThe College of New Jersey\nNew STEM Building\nBryant University\nAcademic Innovation Center\nParent Sectors\nAcademic\nAcademic Innovation\nAn experiential environment that creates multi-dimensional impact for those who use it – students and faculty as well as visiting business leaders, scholars, researchers and other collaborators.\nBuilding Bridges Between Disciplines\nThe design for The College of New Jersey’s STEM Complex builds bridges between disciplines, helping to engage a broader spectrum of students and attract the best faculty.\nView the Project\nWork\nView All\nNew STEM Building\nThe College of New Jersey\nAcademic Innovation Center\nBryant University\nMountaintop Campus\nLehigh University\nE.A. Fernandez IDEA (Innovate, Design and Engineer for America) Factory\nUniversity of Maryland\nHumanities and Social Studies Center\nGrinnell College\nPeople\nMelissa Burns\nLead Academic Planner\nBrian Tucker\nSenior Academic Planner\nTop\nof the page\nThink what’s possible\nSearch Keywords\nInstagram\nLinkedIn\nFacebook\nTwitter\nYouTube\nFooter menu\nMarkets\nPractice Areas\nArticles\nPeople\nOffices\nAbout\nCareers\n©2024 Page\nPrivacy policy\n|\nCompliance",
    "http://eypae.com/aviation": "Aviation | pagethink.com\nMarkets\nAcademic\nAcademic Innovation\nCampus Planning\nHealth / Medical Education\nPK-12\nScience / Engineering / Discovery\nStudent Life\nTechnical / Community Colleges\nAdvanced Manufacturing\nManufacturing\nSemiconductor\nAviation\nCivic / Community / Culture\nCivic\nCommunity\nCulture\nGovernment\nArts / Culture\nCivilian Agencies\nDefense / Intelligence\nDiplomatic\nFederal Healthcare\nJustice\nLab / Research\nHealthcare\nHealth Forward\nAcademic Medical Centers\nAcute Care\nAmbulatory Care\nBehavioral Health\nCancer Care\nChildrens Health\nFederal Healthcare\nSpecialty Care\nHospitality\nMission Critical\nAerospace\nData Centers\nEnergy\nMultifamily Residential\nOffice\nRetail / Mixed Use\nScience / Technology\nAcademic\nCommercial Life Sciences\nCorporate\nGovernment\nHealth\nInnovation Districts\nWorkplace\nPractice Areas\nArchitecture\nBranding / Experiential Graphic Design\nCommissioning\nDesign Exchange\nEngineering\nInteriors\nLab Design / Planning\nLandscape Architecture\nPlanning / Urban Design\nPreservation / Modernization\nStrategy / Analytics\nTesting / Adjusting / Balancing\nPeople\nNews\nIn The Media\nInsights\nNews Releases\nRecognition\nThe Good Room Podcast\nOffices\nAbout\nCareers\nHealthcare Fellowships\nAustin-Bergstrom International Airport (AUS)\nTerminal and FIS Expansion\nFortune 10 Client\nCorporate Flight Center and Hangar\nHouston Intercontinental Airport (IAH)\nInternational Terminal and FIS Expansion\nUnited Airlines\nFlight Training Center\nAviation\nCelebrate the Magic of Flight​\nElevating Design Thinking to Create Memorable Experiences​\nThe spirit of adventure and innovation has always defined aviation. We’re passionate about bringing that same sense of magic and excitement to every aspect of aviation design.​\nBuilding Types\nElevated Passenger Experience\nThe new international terminal and expansion at George Bush Intercontinental Airport (IAH) provides enhanced ticketing and security screening as well as a new arrivals hall with increased processing capacity.\nView Our Brochure\nPage understands the challenges of air travel and how accessibility and wayfinding, a welcoming local feel, and reliable infrastructure and support services improve the passenger experience and better serve to local destination.\nView the Brochure\nWork\nView All\nInternational Terminal and FIS Expansion\nHouston Intercontinental Airport (IAH)\nBarbara Jordan Passenger Terminal\nAustin-Bergstrom International Airport (AUS)\nTerminal and FIS Expansion\nAustin-Bergstrom International Airport (AUS)\nFlight Training Center\nUnited Airlines\nTier IV Data Center\nUnited Airlines\nCorporate Flight Center and Hangar\nFortune 10 Client\nAdministrative Offices and Customs Facility\nAddison Airport (ADS)\nPeople\nJohn Littlejohn\nAviation Director\nJeff Mechlem\nManaging Director - Houston, Aviation Market Sector Leader\nPaul Bielamowicz\nProject Director\nTop\nof the page\nThink what’s possible\nSearch Keywords\nInstagram\nLinkedIn\nFacebook\nTwitter\nYouTube\nFooter menu\nMarkets\nPractice Areas\nArticles\nPeople\nOffices\nAbout\nCareers\n©2024 Page\nPrivacy policy\n|\nCompliance",
    "http://eypae.com/civic-community-culture": "Civic / Community / Culture | pagethink.com\nMarkets\nAcademic\nAcademic Innovation\nCampus Planning\nHealth / Medical Education\nPK-12\nScience / Engineering / Discovery\nStudent Life\nTechnical / Community Colleges\nAdvanced Manufacturing\nManufacturing\nSemiconductor\nAviation\nCivic / Community / Culture\nCivic\nCommunity\nCulture\nGovernment\nArts / Culture\nCivilian Agencies\nDefense / Intelligence\nDiplomatic\nFederal Healthcare\nJustice\nLab / Research\nHealthcare\nHealth Forward\nAcademic Medical Centers\nAcute Care\nAmbulatory Care\nBehavioral Health\nCancer Care\nChildrens Health\nFederal Healthcare\nSpecialty Care\nHospitality\nMission Critical\nAerospace\nData Centers\nEnergy\nMultifamily Residential\nOffice\nRetail / Mixed Use\nScience / Technology\nAcademic\nCommercial Life Sciences\nCorporate\nGovernment\nHealth\nInnovation Districts\nWorkplace\nPractice Areas\nArchitecture\nBranding / Experiential Graphic Design\nCommissioning\nDesign Exchange\nEngineering\nInteriors\nLab Design / Planning\nLandscape Architecture\nPlanning / Urban Design\nPreservation / Modernization\nStrategy / Analytics\nTesting / Adjusting / Balancing\nPeople\nNews\nIn The Media\nInsights\nNews Releases\nRecognition\nThe Good Room Podcast\nOffices\nAbout\nCareers\nHealthcare Fellowships\nCity of Houston\nAlief Neighborhood Center\nTexas Facilities Commission\nTexas Capitol Complex\nCity of Buda\nCity of Buda Municipal Complex\nArlington County\nLong Bridge Aquatics and Recreation Center\nBuffalo Bayou Partnership\nBuffalo Bayou Park\nCivic / Community / Culture\nVisionary Thinking Empowering Communities\nRooted in local relationships and places and attuned to your diverse needs, we deliver proven expertise and visionary thinking to empower communities.​\nBuilding Types\nCivic\nCommunity\nCulture\nFostering the Arts Community\nSpaces that support the arts and culture require distinctive environmental, acoustic, and technological design solutions to embrace the creative and audience experience. Page’s designs help our clients cultivate a memorable visitor experience inspired by the local or regional community.\nCreating Civic Destinations\nPage has designed public spaces since the 1900’s, dedicated to supporting the ongoing evolution of our urban areas through civic destinations. Our designs encourage urban connectivity, involving the appropriate development and redevelopment suited to the particular conditions and character of each place.\nLibraries: Designed for the Community\nLibraries are transforming to fulfill their community’s unique needs. While you still borrow and read books here, modern libraries are experimenting with new services – makerspaces for sewing and embroidery to family services and education programs. At Page, we design innovative, functional envelopes for libraries that resonate with their community.\nRead More\nWork\nView All\nLong Bridge Aquatics and Recreation Center\nArlington County\nAlief Neighborhood Center\nCity of Houston\nTexas Capitol Complex\nTexas Facilities Commission\nBuffalo Bayou Park\nBuffalo Bayou Partnership\nDiscovery Green\nHouston Downtown Park Conservancy\nArkansas Museum of Fine Arts\nArkansas Museum of Fine Arts\nNational September 11 Memorial Museum at the World Trade Center\nNational September 11 Memorial & Museum at the World Trade Center Foundation\nPeople\nWendy Heger\nCivic / Community / Culture Market Sector Leader\nTiffany Yewens\nMarket Sector Manager - Civic/Community/Culture\nRyan Losch\nLead Urban Designer\nCarla Fraser\nExperiential Graphics Design Director\nRobert V. Perry\nManaging Director - Washington DC\nGinny Chilton\nSenior Project Manager\nJamie Flatt\nPlanning / Strategies / Analytics Director\nJonas Risen\nLead Design Architect\nTop\nof the page\nThink what’s possible\nSearch Keywords\nInstagram\nLinkedIn\nFacebook\nTwitter\nYouTube\nFooter menu\nMarkets\nPractice Areas\nArticles\nPeople\nOffices\nAbout\nCareers\n©2024 Page\nPrivacy policy\n|\nCompliance",
    "http://eypae.com/culture": "Culture | pagethink.com\nMarkets\nAcademic\nAcademic Innovation\nCampus Planning\nHealth / Medical Education\nPK-12\nScience / Engineering / Discovery\nStudent Life\nTechnical / Community Colleges\nAdvanced Manufacturing\nManufacturing\nSemiconductor\nAviation\nCivic / Community / Culture\nCivic\nCommunity\nCulture\nGovernment\nArts / Culture\nCivilian Agencies\nDefense / Intelligence\nDiplomatic\nFederal Healthcare\nJustice\nLab / Research\nHealthcare\nHealth Forward\nAcademic Medical Centers\nAcute Care\nAmbulatory Care\nBehavioral Health\nCancer Care\nChildrens Health\nFederal Healthcare\nSpecialty Care\nHospitality\nMission Critical\nAerospace\nData Centers\nEnergy\nMultifamily Residential\nOffice\nRetail / Mixed Use\nScience / Technology\nAcademic\nCommercial Life Sciences\nCorporate\nGovernment\nHealth\nInnovation Districts\nWorkplace\nPractice Areas\nArchitecture\nBranding / Experiential Graphic Design\nCommissioning\nDesign Exchange\nEngineering\nInteriors\nLab Design / Planning\nLandscape Architecture\nPlanning / Urban Design\nPreservation / Modernization\nStrategy / Analytics\nTesting / Adjusting / Balancing\nPeople\nNews\nIn The Media\nInsights\nNews Releases\nRecognition\nThe Good Room Podcast\nOffices\nAbout\nCareers\nHealthcare Fellowships\nFulton County Library System\nAtlanta's Central Library Media Tower\nParent Sectors\nCivic / Community / Culture\nCulture\nPage is proud of our association with influential cultural clients. In addition to providing architecture, engineering, and planning services, we develop visual identities and experiential designs that influence how users perceive institutions and experience environments.\nCreating Social Experiences and Engagement\nOur award-winning brand identities, wayfinding systems, architectural graphics, signage and themed spaces have been implemented across a wide range of cultural clients, from foundations to museums to radio stations.\nLearn More\nWork\nView All\nAtlanta's Central Library Media Tower\nFulton County Library System\nSan Antonio Botanical Gardens\nSan Antonio Botanical Garden Society\nKUTX Public Radio Identity Refresh\nKUT Public Media Studios - KUTX\nHemisfair\nHemisfair Park Area Redevelopment Corporation (HPARC)\nNational September 11 Memorial Museum at the World Trade Center\nNational September 11 Memorial & Museum at the World Trade Center Foundation\nPeople\nCarla Fraser\nExperiential Graphics Design Director\nPhuong Nguyen\nLead Experiential Graphics Designer\nTop\nof the page\nThink what’s possible\nSearch Keywords\nInstagram\nLinkedIn\nFacebook\nTwitter\nYouTube\nFooter menu\nMarkets\nPractice Areas\nArticles\nPeople\nOffices\nAbout\nCareers\n©2024 Page\nPrivacy policy\n|\nCompliance",
    "http://eypae.com/government": "Government | pagethink.com\nMarkets\nAcademic\nAcademic Innovation\nCampus Planning\nHealth / Medical Education\nPK-12\nScience / Engineering / Discovery\nStudent Life\nTechnical / Community Colleges\nAdvanced Manufacturing\nManufacturing\nSemiconductor\nAviation\nCivic / Community / Culture\nCivic\nCommunity\nCulture\nGovernment\nArts / Culture\nCivilian Agencies\nDefense / Intelligence\nDiplomatic\nFederal Healthcare\nJustice\nLab / Research\nHealthcare\nHealth Forward\nAcademic Medical Centers\nAcute Care\nAmbulatory Care\nBehavioral Health\nCancer Care\nChildrens Health\nFederal Healthcare\nSpecialty Care\nHospitality\nMission Critical\nAerospace\nData Centers\nEnergy\nMultifamily Residential\nOffice\nRetail / Mixed Use\nScience / Technology\nAcademic\nCommercial Life Sciences\nCorporate\nGovernment\nHealth\nInnovation Districts\nWorkplace\nPractice Areas\nArchitecture\nBranding / Experiential Graphic Design\nCommissioning\nDesign Exchange\nEngineering\nInteriors\nLab Design / Planning\nLandscape Architecture\nPlanning / Urban Design\nPreservation / Modernization\nStrategy / Analytics\nTesting / Adjusting / Balancing\nPeople\nNews\nIn The Media\nInsights\nNews Releases\nRecognition\nThe Good Room Podcast\nOffices\nAbout\nCareers\nHealthcare Fellowships\nU.S. Army Corps of Engineers\nJames A. Haley Veterans’ Hospital New Bed Tower\nGeneral Services Administration\nAnniston Federal Courthouse\nGovernment\nInspired Thinking and Design that Serve Our Nation’s Mission\nBuilding Types\nArts / Culture\nCivilian Agencies\nDefense / Intelligence\nDiplomatic\nFederal Healthcare\nGovernment Lab / Research\nJustice\nTop Government AE Firm\nPage is ranked the #1 Federal Government Architecture and AE Firm by\nBuilding Design + Construction\nRead More\nModernization in Government\nTo breathe new life into existing structures, deep knowledge is required to address issues and constraints presented by older, historic structures. We take a comprehensive approach that transforms the relevance and performance of buildings, unlocking their potential to serve in ways their original designers never imagined.\nModernization at Page\nWork\nView All\nDesmond Doss Health Clinic at Schofield Barracks\nU.S. Army Corps of Engineers\nTomochichi Federal Building and U.S. Courthouse Annex\nGeneral Services Administration\nU.S. Embassy Campus, Guatemala City\nU.S. Department of State\nBuilding 246\nU.S. Army Corps of Engineers\nBrookhaven National Lab\nU.S. Department of Energy\nBirch Bayh Federal Building & U.S. Courthouse\nGeneral Services Administration\nFranklin Delano Roosevelt Presidential Library & Museum\nNational Archives and Records Administration\nGettysburg National Military Park, Warfield House\nNational Park Service\nWhat’s New\nView All\nJanuary 30, 2024\nPage Ranked #5 in Military Facility Architecture + Engineering Firms in 2023\nJanuary 25, 2024\nPage Ranked #2 Veterans Affairs Facility Architecture Firm\nJanuary 10, 2024\nPage Ranked #1 Among Federal + Government Building Architecture Firms by BD+C\nPeople\nThomas McCarthy\nChief Executive Officer\nJonathan Sylvie\nChief Revenue Officer\nStephen Bell\nGovernment Market Sector Leader\nKim Metzinger\nMarket Sector Manager - Government\nChris Caillier\nProject Director\nKaren Cruickshanks\nRevenue Operations Director\nTop\nof the page\nThink what’s possible\nSearch Keywords\nInstagram\nLinkedIn\nFacebook\nTwitter\nYouTube\nFooter menu\nMarkets\nPractice Areas\nArticles\nPeople\nOffices\nAbout\nCareers\n©2024 Page\nPrivacy policy\n|\nCompliance",
    "http://eypae.com/arts-culture": "Arts / Culture | pagethink.com\nMarkets\nAcademic\nAcademic Innovation\nCampus Planning\nHealth / Medical Education\nPK-12\nScience / Engineering / Discovery\nStudent Life\nTechnical / Community Colleges\nAdvanced Manufacturing\nManufacturing\nSemiconductor\nAviation\nCivic / Community / Culture\nCivic\nCommunity\nCulture\nGovernment\nArts / Culture\nCivilian Agencies\nDefense / Intelligence\nDiplomatic\nFederal Healthcare\nJustice\nLab / Research\nHealthcare\nHealth Forward\nAcademic Medical Centers\nAcute Care\nAmbulatory Care\nBehavioral Health\nCancer Care\nChildrens Health\nFederal Healthcare\nSpecialty Care\nHospitality\nMission Critical\nAerospace\nData Centers\nEnergy\nMultifamily Residential\nOffice\nRetail / Mixed Use\nScience / Technology\nAcademic\nCommercial Life Sciences\nCorporate\nGovernment\nHealth\nInnovation Districts\nWorkplace\nPractice Areas\nArchitecture\nBranding / Experiential Graphic Design\nCommissioning\nDesign Exchange\nEngineering\nInteriors\nLab Design / Planning\nLandscape Architecture\nPlanning / Urban Design\nPreservation / Modernization\nStrategy / Analytics\nTesting / Adjusting / Balancing\nPeople\nNews\nIn The Media\nInsights\nNews Releases\nRecognition\nThe Good Room Podcast\nOffices\nAbout\nCareers\nHealthcare Fellowships\nParent Sectors\nGovernment\nArts / Culture\nFrom memorials and monuments to presidential libraries and museums to galleries and archives, we work with federal agencies to preserve the sites and buildings that form the core of the American identity. These cultural institutions allow communities to express shared values while educating, entertaining, and inspiring.\nJohn F. Kennedy Center for the Performing Arts\nOur work at the Kennedy Center—one of the largest cultural facilities of its kind in the world—has spanned more than 25 projects, including work on the Concert Hall, Theatre Lab, North Opera Tier, and Israeli Lounge.\nWork\nView All\nRevitalize Historic Core\nSmithsonian Institution\nFranklin Delano Roosevelt Presidential Library & Museum\nNational Archives and Records Administration\nGettysburg National Military Park, Warfield House\nNational Park Service\nManila American Cemetery and Memorial and Cabanatuan American Memorial\nAmerican Battle Monuments Commission\nPeople\nAnthony Bochicchio\nProject Director\nCara Soh\nProject Manager\nMatthew Chalifoux\nLead Modernization Planner\nTop\nof the page\nThink what’s possible\nSearch Keywords\nInstagram\nLinkedIn\nFacebook\nTwitter\nYouTube\nFooter menu\nMarkets\nPractice Areas\nArticles\nPeople\nOffices\nAbout\nCareers\n©2024 Page\nPrivacy policy\n|\nCompliance",
    "http://eypae.com/defense-intelligence": "Defense / Intelligence | pagethink.com\nMarkets\nAcademic\nAcademic Innovation\nCampus Planning\nHealth / Medical Education\nPK-12\nScience / Engineering / Discovery\nStudent Life\nTechnical / Community Colleges\nAdvanced Manufacturing\nManufacturing\nSemiconductor\nAviation\nCivic / Community / Culture\nCivic\nCommunity\nCulture\nGovernment\nArts / Culture\nCivilian Agencies\nDefense / Intelligence\nDiplomatic\nFederal Healthcare\nJustice\nLab / Research\nHealthcare\nHealth Forward\nAcademic Medical Centers\nAcute Care\nAmbulatory Care\nBehavioral Health\nCancer Care\nChildrens Health\nFederal Healthcare\nSpecialty Care\nHospitality\nMission Critical\nAerospace\nData Centers\nEnergy\nMultifamily Residential\nOffice\nRetail / Mixed Use\nScience / Technology\nAcademic\nCommercial Life Sciences\nCorporate\nGovernment\nHealth\nInnovation Districts\nWorkplace\nPractice Areas\nArchitecture\nBranding / Experiential Graphic Design\nCommissioning\nDesign Exchange\nEngineering\nInteriors\nLab Design / Planning\nLandscape Architecture\nPlanning / Urban Design\nPreservation / Modernization\nStrategy / Analytics\nTesting / Adjusting / Balancing\nPeople\nNews\nIn The Media\nInsights\nNews Releases\nRecognition\nThe Good Room Podcast\nOffices\nAbout\nCareers\nHealthcare Fellowships\nParent Sectors\nGovernment\nDefense / Intelligence\nFrom education and training facilities to offices and operations centers, we support our clients, their critical missions, and the safety of those who access their facilities.\nOperations Centers & SCIFs\nPage is a leading designer of secure working environments that respond to a wide range of critical operations situations. We have extensive experience meeting federal security requirements, including physical and information technology security, for command headquarters, operations centers, and communications centers, including accredited Sensitive Compartmented Information Facilities (SCIFs).\nWork\nView All\nBuilding 246\nU.S. Army Corps of Engineers\nArmy Cyber Institute\nU.S. Army Corps of Engineers\nHistoric Watch Box\nNAVFAC Washington\nJoint Air Defense Operations Center\nNAVFAC Washington\nPeople\nChris Caillier\nProject Director\nAnthony Alafriz\nProject Director\nJanice Adams\nSenior Project Manager\nTop\nof the page\nThink what’s possible\nSearch Keywords\nInstagram\nLinkedIn\nFacebook\nTwitter\nYouTube\nFooter menu\nMarkets\nPractice Areas\nArticles\nPeople\nOffices\nAbout\nCareers\n©2024 Page\nPrivacy policy\n|\nCompliance",
    "http://eypae.com/government-lab-research": "Government Lab / Research | pagethink.com\nMarkets\nAcademic\nAcademic Innovation\nCampus Planning\nHealth / Medical Education\nPK-12\nScience / Engineering / Discovery\nStudent Life\nTechnical / Community Colleges\nAdvanced Manufacturing\nManufacturing\nSemiconductor\nAviation\nCivic / Community / Culture\nCivic\nCommunity\nCulture\nGovernment\nArts / Culture\nCivilian Agencies\nDefense / Intelligence\nDiplomatic\nFederal Healthcare\nJustice\nLab / Research\nHealthcare\nHealth Forward\nAcademic Medical Centers\nAcute Care\nAmbulatory Care\nBehavioral Health\nCancer Care\nChildrens Health\nFederal Healthcare\nSpecialty Care\nHospitality\nMission Critical\nAerospace\nData Centers\nEnergy\nMultifamily Residential\nOffice\nRetail / Mixed Use\nScience / Technology\nAcademic\nCommercial Life Sciences\nCorporate\nGovernment\nHealth\nInnovation Districts\nWorkplace\nPractice Areas\nArchitecture\nBranding / Experiential Graphic Design\nCommissioning\nDesign Exchange\nEngineering\nInteriors\nLab Design / Planning\nLandscape Architecture\nPlanning / Urban Design\nPreservation / Modernization\nStrategy / Analytics\nTesting / Adjusting / Balancing\nPeople\nNews\nIn The Media\nInsights\nNews Releases\nRecognition\nThe Good Room Podcast\nOffices\nAbout\nCareers\nHealthcare Fellowships\nU.S. Department of Energy\nBrookhaven National Lab\nParent Sectors\nGovernment\nScience / Technology\nGovernment Lab / Research\nDedicated national design that shapes the way scientists and engineers research, protect, and discover.\nDedicated national design that shapes the way scientists and engineers research, protect, and discover\nSince the early 1900’s Page has had a continued presence in the government science & technology space nationwide. From laboratories researching infectious diseases, to large-scale facilities dedicated to air a space exploration, Page has been a proven thought-leader in innovative design.\nOur nationwide experts are well rehearsed in unique qualities that spur a successful government laboratory. Security, longevity, and confidentiality are all primary focal points in each step of our process.\nView the Brochure\nWork\nView All\nBrookhaven National Lab\nU.S. Department of Energy\nMaury-Brooke Hall Science Building Modernization\nVirginia Military Institute\nNational Medical Reference Laboratory\nU.S. Department of State\nPeople\nDavid McCullough\nScience / Technology Director\nChris Cowansage\nScience / Technology Director\nVerrick Walker\nScience / Technology Director\nMalena Aquino\nScience / Technology Director\nElena Agustin\nManaging Director - Albuquerque\nJane Baughman\nTechnical Director\nTop\nof the page\nThink what’s possible\nSearch Keywords\nInstagram\nLinkedIn\nFacebook\nTwitter\nYouTube\nFooter menu\nMarkets\nPractice Areas\nArticles\nPeople\nOffices\nAbout\nCareers\n©2024 Page\nPrivacy policy\n|\nCompliance",
    "http://eypae.com/mission-critical": "Mission Critical | pagethink.com\nMarkets\nAcademic\nAcademic Innovation\nCampus Planning\nHealth / Medical Education\nPK-12\nScience / Engineering / Discovery\nStudent Life\nTechnical / Community Colleges\nAdvanced Manufacturing\nManufacturing\nSemiconductor\nAviation\nCivic / Community / Culture\nCivic\nCommunity\nCulture\nGovernment\nArts / Culture\nCivilian Agencies\nDefense / Intelligence\nDiplomatic\nFederal Healthcare\nJustice\nLab / Research\nHealthcare\nHealth Forward\nAcademic Medical Centers\nAcute Care\nAmbulatory Care\nBehavioral Health\nCancer Care\nChildrens Health\nFederal Healthcare\nSpecialty Care\nHospitality\nMission Critical\nAerospace\nData Centers\nEnergy\nMultifamily Residential\nOffice\nRetail / Mixed Use\nScience / Technology\nAcademic\nCommercial Life Sciences\nCorporate\nGovernment\nHealth\nInnovation Districts\nWorkplace\nPractice Areas\nArchitecture\nBranding / Experiential Graphic Design\nCommissioning\nDesign Exchange\nEngineering\nInteriors\nLab Design / Planning\nLandscape Architecture\nPlanning / Urban Design\nPreservation / Modernization\nStrategy / Analytics\nTesting / Adjusting / Balancing\nPeople\nNews\nIn The Media\nInsights\nNews Releases\nRecognition\nThe Good Room Podcast\nOffices\nAbout\nCareers\nHealthcare Fellowships\nRagingWire\nRagingWire Data Center\nConfidential Client\nOffice and Materials Warehouse Complex\nBexar Metro 9-1-1\nQuarry Run Regional Operations Center\nViaSat Inc.\nViaSat College Station Campus\nMission Critical\nExpert Thinking, Inspired Innovation, Transformative Design​\nWe support you with expert thinking through an inquisitive, proactive project approach, because rapidly advancing technologies require inspired innovation and high-performing solutions. Transformative design delivers trusted results, vital to our everyday lives.​\nBuilding Types\nAerospace\nData Centers\nEnergy\nMission Critical Services\nArchitectural Design\nArc Flash / Coordination Studies\nCommissioning\nComputation Fluid Dynamics Modeling\nFacility Analysis\nFacility Assessments\nFailure / Reliability Studies\nInterior Design\nLab Planning\nLEED / Sustainable Design\nMaster Plan Design\nMEP/FP Engineering Design\nProgramming\nSite Evaluation\nTelecom / Low Voltage Design\nLearn More\nWork\nView All\nRagingWire Data Center\nRagingWire\nResearch Building 299\nSouthwest Research Institute\nViaSat College Station Campus\nViaSat Inc.\nDM4 Data Center\nConfidential Client\nQuarry Run Regional Operations Center\nBexar Metro 9-1-1\nTier IV Data Center\nUnited Airlines\nCentral Control Building Expansion\nConfidential Client\nAdministration Building Renovations\nCelanese Chemicals\nWhat’s New\nView All\nNovember 6, 2023\nHow is Artificial Intelligence Impacting Data Center Design?\nOctober 24, 2023\nPage Ranked #4 in Top 30 Data Center Architecture Firms for 2023\nPeople\nJohn Major\nMission Critical Market Sector Leader\nJeffrey S. Willis\nMission Critical Market Sector Leader\nCarolyn Rodrigues\nMission Critical Sector Manager\nGuerly Odolphe\nMarketing Strategist\nElizabeth Slyziuk\nMEP Engineering Director\nTom Earp\nEngineering Director\nRob Courson\nEngineering Director\nPete Stavenger\nManaging Director - Denver\nKen Black\nSenior Project Manager\nLuis Reyes\nSenior Mechanical Engineer\nTop\nof the page\nThink what’s possible\nSearch Keywords\nInstagram\nLinkedIn\nFacebook\nTwitter\nYouTube\nFooter menu\nMarkets\nPractice Areas\nArticles\nPeople\nOffices\nAbout\nCareers\n©2024 Page\nPrivacy policy\n|\nCompliance",
    "http://eypae.com/aerospace": "Aerospace | pagethink.com\nMarkets\nAcademic\nAcademic Innovation\nCampus Planning\nHealth / Medical Education\nPK-12\nScience / Engineering / Discovery\nStudent Life\nTechnical / Community Colleges\nAdvanced Manufacturing\nManufacturing\nSemiconductor\nAviation\nCivic / Community / Culture\nCivic\nCommunity\nCulture\nGovernment\nArts / Culture\nCivilian Agencies\nDefense / Intelligence\nDiplomatic\nFederal Healthcare\nJustice\nLab / Research\nHealthcare\nHealth Forward\nAcademic Medical Centers\nAcute Care\nAmbulatory Care\nBehavioral Health\nCancer Care\nChildrens Health\nFederal Healthcare\nSpecialty Care\nHospitality\nMission Critical\nAerospace\nData Centers\nEnergy\nMultifamily Residential\nOffice\nRetail / Mixed Use\nScience / Technology\nAcademic\nCommercial Life Sciences\nCorporate\nGovernment\nHealth\nInnovation Districts\nWorkplace\nPractice Areas\nArchitecture\nBranding / Experiential Graphic Design\nCommissioning\nDesign Exchange\nEngineering\nInteriors\nLab Design / Planning\nLandscape Architecture\nPlanning / Urban Design\nPreservation / Modernization\nStrategy / Analytics\nTesting / Adjusting / Balancing\nPeople\nNews\nIn The Media\nInsights\nNews Releases\nRecognition\nThe Good Room Podcast\nOffices\nAbout\nCareers\nHealthcare Fellowships\nViaSat Inc.\nViaSat College Station Campus\nSouthwest Research Institute\nResearch Building 299\nConfidential Client\nAerospace Tenant Improvement Project\nParent Sectors\nMission Critical\nAerospace\nPage is an industry leader in the aerospace sector and has a deep portfolio of aerospace testing and manufacturing facility experience.\nExperience\nPage is Ranked as No. 1 Top Federal Government Firm by\nBuilding Design + Construction, 2022\nwith experience in:\nNew Construction\nRenovation\nCleanrooms\nSecure Space\nLaboratories\nTraining Facilities\nManufacturing & Testing\nWorkplace\nKitchen / Cafeteria Upgrades\nInfrastructure Upgrades\nMaster Planning\nCampus Planning\nStrategic Consulting\nLearn More\nWork\nView All\nGoddard Space Flight Center, Exploration Sciences Building\nNASA\nAerospace Tenant Improvement Project\nConfidential Client\nViaSat College Station Campus\nViaSat Inc.\nAerospace Engineering Building Renovation and Expansion\nConfidential Client\nPeople\nJohn Major\nMission Critical Market Sector Leader\nPete Stavenger\nManaging Director - Denver\nPeter Hoffmann\nDesign Director\nTop\nof the page\nThink what’s possible\nSearch Keywords\nInstagram\nLinkedIn\nFacebook\nTwitter\nYouTube\nFooter menu\nMarkets\nPractice Areas\nArticles\nPeople\nOffices\nAbout\nCareers\n©2024 Page\nPrivacy policy\n|\nCompliance",
    "http://eypae.com/innovation-hubs": "Innovation Hubs | pagethink.com\nMarkets\nAcademic\nAcademic Innovation\nCampus Planning\nHealth / Medical Education\nPK-12\nScience / Engineering / Discovery\nStudent Life\nTechnical / Community Colleges\nAdvanced Manufacturing\nManufacturing\nSemiconductor\nAviation\nCivic / Community / Culture\nCivic\nCommunity\nCulture\nGovernment\nArts / Culture\nCivilian Agencies\nDefense / Intelligence\nDiplomatic\nFederal Healthcare\nJustice\nLab / Research\nHealthcare\nHealth Forward\nAcademic Medical Centers\nAcute Care\nAmbulatory Care\nBehavioral Health\nCancer Care\nChildrens Health\nFederal Healthcare\nSpecialty Care\nHospitality\nMission Critical\nAerospace\nData Centers\nEnergy\nMultifamily Residential\nOffice\nRetail / Mixed Use\nScience / Technology\nAcademic\nCommercial Life Sciences\nCorporate\nGovernment\nHealth\nInnovation Districts\nWorkplace\nPractice Areas\nArchitecture\nBranding / Experiential Graphic Design\nCommissioning\nDesign Exchange\nEngineering\nInteriors\nLab Design / Planning\nLandscape Architecture\nPlanning / Urban Design\nPreservation / Modernization\nStrategy / Analytics\nTesting / Adjusting / Balancing\nPeople\nNews\nIn The Media\nInsights\nNews Releases\nRecognition\nThe Good Room Podcast\nOffices\nAbout\nCareers\nHealthcare Fellowships\nGeorge Mason University\nFuse at Mason Square\nParent Sectors\nScience / Technology\nInnovation Hubs\nCreating meaningful and spontaneous connections through ambitious innovation hubs.\nCreating meaningful and spontaneous connections through ambitious innovation hubs\nAs the science and technology industry transitions to a more collaborative and forward-thinking environment, Page has set the stage for design that nurtures the next generation of scientists and engineers at the speed industry moves.\nResearch and development are driven through high-caliber teamwork, but the next big discovery comes from the fusion of ideas from multiple disciplines. Page’s unique understanding of innovation hubs encourage “cross-pollination” academia, industry, government and community stakeholders on a natural yet anticipated scale.\nView the Brochure\nWork\nView All\nThe Jim and Janet Sinegal Center for Science and Innovation\nSeattle University\nEastern Wake Campus Master Plan\nWake Tech Community College\nMixed-Use Research Building\nNortheastern University\nRELLIS Campus Master Plan\nTexas A&M University System\nPeople\nRohit Saxena\nScience / Technology Market Sector Leader\nChristopher Baylow\nScience / Technology Market Sector Leader\nScott Tucker\nProject Director\nVerrick Walker\nScience / Technology Director\nTop\nof the page\nThink what’s possible\nSearch Keywords\nInstagram\nLinkedIn\nFacebook\nTwitter\nYouTube\nFooter menu\nMarkets\nPractice Areas\nArticles\nPeople\nOffices\nAbout\nCareers\n©2024 Page\nPrivacy policy\n|\nCompliance",
    "http://eypae.com/branding-experiential-graphic-design": "Branding / Experiential Graphic Design | pagethink.com\nMarkets\nAcademic\nAcademic Innovation\nCampus Planning\nHealth / Medical Education\nPK-12\nScience / Engineering / Discovery\nStudent Life\nTechnical / Community Colleges\nAdvanced Manufacturing\nManufacturing\nSemiconductor\nAviation\nCivic / Community / Culture\nCivic\nCommunity\nCulture\nGovernment\nArts / Culture\nCivilian Agencies\nDefense / Intelligence\nDiplomatic\nFederal Healthcare\nJustice\nLab / Research\nHealthcare\nHealth Forward\nAcademic Medical Centers\nAcute Care\nAmbulatory Care\nBehavioral Health\nCancer Care\nChildrens Health\nFederal Healthcare\nSpecialty Care\nHospitality\nMission Critical\nAerospace\nData Centers\nEnergy\nMultifamily Residential\nOffice\nRetail / Mixed Use\nScience / Technology\nAcademic\nCommercial Life Sciences\nCorporate\nGovernment\nHealth\nInnovation Districts\nWorkplace\nPractice Areas\nArchitecture\nBranding / Experiential Graphic Design\nCommissioning\nDesign Exchange\nEngineering\nInteriors\nLab Design / Planning\nLandscape Architecture\nPlanning / Urban Design\nPreservation / Modernization\nStrategy / Analytics\nTesting / Adjusting / Balancing\nPeople\nNews\nIn The Media\nInsights\nNews Releases\nRecognition\nThe Good Room Podcast\nOffices\nAbout\nCareers\nHealthcare Fellowships\nAlexa Management\nThe Ruby Hotel\nHoldsworth Foundation\nThe Holdsworth Center\nChildren's Healthcare of Atlanta\nCenter for Advanced Pediatrics\nBranding / Experiential Graphic Design\nWe create strong and authentic brand experiences that tell our clients’ stories and articulate their mission. Extending our promise to print, digital, and the built environment, Page delivers effective and elegant solutions.\nBuilding Types\nBranding & Identity Design\nCollateral Design - Print and Digital\nDonor Recognition\nExhibit & Interpretive Graphics\nExperiential & Placemaking Graphics\nSignage & Wayfinding Design\nTowering Experience\nA towering exterior digital experience is the crowning gem of Central Library's redesigned public plaza.\nView the Project\nColor & Typography Deliver the Message\nHow do you capture energy and provide structure for a new identity in a diverse, cutting-edge, far-reaching design school that is getting a new name to honor a major benefactor? We found color and simple typography to provide the punch for University of Pennsylvania Weitzman School of Design.\nThe Restoration of A Historic Park\nWhen a non-profit conservancy undertook the restoration of an historic city park, we designed experiential graphic elements to identify spaces, recognize donors, inform visitors, and honor the beauty of the environment. We united all these uses in a beautiful system for Pease Park, helping to ensure its future.\nWork\nGeorgia Museum of Art\nUniversity of Georgia\nWayfinding/Graphics System\nMercedes-Benz Stadium\nThe Westcott\nGreystar\nWayfinding and Special Features Graphics\nCHRISTUS Health\nPeople\nCarla Fraser\nExperiential Graphics Design Director\nPhuong Nguyen\nLead Experiential Graphics Designer\nTop\nof the page\nThink what’s possible\nSearch Keywords\nInstagram\nLinkedIn\nFacebook\nTwitter\nYouTube\nFooter menu\nMarkets\nPractice Areas\nArticles\nPeople\nOffices\nAbout\nCareers\n©2024 Page\nPrivacy policy\n|\nCompliance",
    "http://eypae.com/commissioning": "Commissioning | pagethink.com\nMarkets\nAcademic\nAcademic Innovation\nCampus Planning\nHealth / Medical Education\nPK-12\nScience / Engineering / Discovery\nStudent Life\nTechnical / Community Colleges\nAdvanced Manufacturing\nManufacturing\nSemiconductor\nAviation\nCivic / Community / Culture\nCivic\nCommunity\nCulture\nGovernment\nArts / Culture\nCivilian Agencies\nDefense / Intelligence\nDiplomatic\nFederal Healthcare\nJustice\nLab / Research\nHealthcare\nHealth Forward\nAcademic Medical Centers\nAcute Care\nAmbulatory Care\nBehavioral Health\nCancer Care\nChildrens Health\nFederal Healthcare\nSpecialty Care\nHospitality\nMission Critical\nAerospace\nData Centers\nEnergy\nMultifamily Residential\nOffice\nRetail / Mixed Use\nScience / Technology\nAcademic\nCommercial Life Sciences\nCorporate\nGovernment\nHealth\nInnovation Districts\nWorkplace\nPractice Areas\nArchitecture\nBranding / Experiential Graphic Design\nCommissioning\nDesign Exchange\nEngineering\nInteriors\nLab Design / Planning\nLandscape Architecture\nPlanning / Urban Design\nPreservation / Modernization\nStrategy / Analytics\nTesting / Adjusting / Balancing\nPeople\nNews\nIn The Media\nInsights\nNews Releases\nRecognition\nThe Good Room Podcast\nOffices\nAbout\nCareers\nHealthcare Fellowships\nGilbane Building Company\nNASA Johnson Space Center LEED Office Facility for Transition (LOFT)\nExxonMobil Global Services Company\nExxonMobil Campus Commissioning\nTexas Children's Hospital\nTexas Children's Hospital North Austin Campus\nCommissioning\nAt Page, we are passionate about maximizing building and system performance. As a Certified Commissioning Firm, Page has provided exemplary services for our clients for over 20 years. We recognize each organization has unique requirements, and we believe the commissioning process is an essential step in operating high-performance buildings.\nBuilding Types\nInformation & Communications Technology (ICT) Commissioning\nBuilding Enclosure Commissioning\nMonitoring Based Commissioning\nCommissioning Brochure\nPage recognizes the level of investment and importance of facilities that function as designed from day one, and the challenges related to operating buildings effectively and efficiently. Our experience spans from offices, universities, and hospitals to laboratories, biosafety suites, central utility plants, and mission-critical data centers.\nREAD MORE\nProtecting Client Investments\nProperly functioning buildings are crucial for optimizing energy use, reducing life-cycle operational and energy costs, and, most importantly, providing a safe and healthy environment for all occupants. See how Value Commissioning can help protect your investment by identifying and addressing potential issues before they develop.\nRead More\nSupporting Critical Human Services\nPage commissioning professionals have a thorough understanding of complex building types. Through a formal, sequential, and systematic process, our value chain of services provides clients with confidence that essential infrastructure will perform as designed, supporting their unique vision and mission.\nRead More\nWork\nNASA Johnson Space Center LEED Office Facility for Transition (LOFT)\nGilbane Building Company\nExxonMobil Campus Commissioning\nExxonMobil Global Services Company\nTexas Children's Hospital North Austin Campus\nTexas Children's Hospital\nGSA Regional Field Office\nFederal Bureau of Investigation\nPeople\nJonathan Vaughan\nCommissioning Director\nKris Pylate\nProject Manager\nTop\nof the page\nThink what’s possible\nSearch Keywords\nInstagram\nLinkedIn\nFacebook\nTwitter\nYouTube\nFooter menu\nMarkets\nPractice Areas\nArticles\nPeople\nOffices\nAbout\nCareers\n©2024 Page\nPrivacy policy\n|\nCompliance",
    "http://eypae.com/design-exchange": "Design Exchange | pagethink.com\nMarkets\nAcademic\nAcademic Innovation\nCampus Planning\nHealth / Medical Education\nPK-12\nScience / Engineering / Discovery\nStudent Life\nTechnical / Community Colleges\nAdvanced Manufacturing\nManufacturing\nSemiconductor\nAviation\nCivic / Community / Culture\nCivic\nCommunity\nCulture\nGovernment\nArts / Culture\nCivilian Agencies\nDefense / Intelligence\nDiplomatic\nFederal Healthcare\nJustice\nLab / Research\nHealthcare\nHealth Forward\nAcademic Medical Centers\nAcute Care\nAmbulatory Care\nBehavioral Health\nCancer Care\nChildrens Health\nFederal Healthcare\nSpecialty Care\nHospitality\nMission Critical\nAerospace\nData Centers\nEnergy\nMultifamily Residential\nOffice\nRetail / Mixed Use\nScience / Technology\nAcademic\nCommercial Life Sciences\nCorporate\nGovernment\nHealth\nInnovation Districts\nWorkplace\nPractice Areas\nArchitecture\nBranding / Experiential Graphic Design\nCommissioning\nDesign Exchange\nEngineering\nInteriors\nLab Design / Planning\nLandscape Architecture\nPlanning / Urban Design\nPreservation / Modernization\nStrategy / Analytics\nTesting / Adjusting / Balancing\nPeople\nNews\nIn The Media\nInsights\nNews Releases\nRecognition\nThe Good Room Podcast\nOffices\nAbout\nCareers\nHealthcare Fellowships\nDesign Exchange\nWhen curiosity meets capability, we uncover possibilities. As storytellers, visualizers, fabricators, and building scientists, we are a community of designers embedded into the creative process to pursue meaningful work and elevate design. Mixing traditional craft with leading-edge technology, we dig into design challenges, pushing our practice and pioneering new approaches.\nBuilding Types\nBuilding Sciences\nFabrication\nStorytelling\nStudio X\nTech Lab\nBuilding Sciences\nPage approaches sustainable and regenerative design through the interdisciplinary lens of building science to create higher-performing, healthier, more resilient buildings. Grounded in our client’s priorities, we engage a truly integrated process through our “Design for Impact” framework.\nLearn More\nStorytelling\nGreat storytelling is compelling. It can build bridges, give voice, evoke empathy, foster identity, offer instruction, ignite memories, and bring us joy! Experience Children’s Hospital of New Orleans through the eyes of a child.\nDesign Technology Lab\nAt the intersection of software and hardware, our Design Tech lab is taking VR, AR, AI, and Computation Design to the next level, offering our teams and clients new ways to create, visualize, study, and, most importantly, experience their projects.\nFabrication\nBy cultivating a studio maker culture centered around craft, Page uses fabrication to help inform the design process by prototyping, providing proof of concept, and testing materials. We can provide internal teams, contractors, and clients physical models and mockups at multiple scales.\nTop\nof the page\nThink what’s possible\nSearch Keywords\nInstagram\nLinkedIn\nFacebook\nTwitter\nYouTube\nFooter menu\nMarkets\nPractice Areas\nArticles\nPeople\nOffices\nAbout\nCareers\n©2024 Page\nPrivacy policy\n|\nCompliance",
    "http://eypae.com/engineering": "Engineering | pagethink.com\nMarkets\nAcademic\nAcademic Innovation\nCampus Planning\nHealth / Medical Education\nPK-12\nScience / Engineering / Discovery\nStudent Life\nTechnical / Community Colleges\nAdvanced Manufacturing\nManufacturing\nSemiconductor\nAviation\nCivic / Community / Culture\nCivic\nCommunity\nCulture\nGovernment\nArts / Culture\nCivilian Agencies\nDefense / Intelligence\nDiplomatic\nFederal Healthcare\nJustice\nLab / Research\nHealthcare\nHealth Forward\nAcademic Medical Centers\nAcute Care\nAmbulatory Care\nBehavioral Health\nCancer Care\nChildrens Health\nFederal Healthcare\nSpecialty Care\nHospitality\nMission Critical\nAerospace\nData Centers\nEnergy\nMultifamily Residential\nOffice\nRetail / Mixed Use\nScience / Technology\nAcademic\nCommercial Life Sciences\nCorporate\nGovernment\nHealth\nInnovation Districts\nWorkplace\nPractice Areas\nArchitecture\nBranding / Experiential Graphic Design\nCommissioning\nDesign Exchange\nEngineering\nInteriors\nLab Design / Planning\nLandscape Architecture\nPlanning / Urban Design\nPreservation / Modernization\nStrategy / Analytics\nTesting / Adjusting / Balancing\nPeople\nNews\nIn The Media\nInsights\nNews Releases\nRecognition\nThe Good Room Podcast\nOffices\nAbout\nCareers\nHealthcare Fellowships\nBexar Metro 9-1-1\nQuarry Run Regional Operations Center\nEngineering\nPage Engineering is an inclusive team focusing on all market sectors and specializing in complex projects. Serving clients across the US and Mexico, we strive to make lives better by developing integrated solutions that solve your toughest engineering challenges.\nBuilding Types\nICT – Information, Communication, and Technology Engineering\nElectrical Engineering\nFire Protection & Life Safety\nMechanical and Plumbing Engineering\nProcess Engineering\nStructural Engineering\nRedundancy\nRedundancy is an essential component of our client’s abilities to maintain and update facilities, even during an outage. Our engineering team has Uptime Accredited Designers that are familiar with a variety of redundant schemes.\nLearn More\nComplexity\nWe look forward to tackling complex projects requiring a high level of coordination between equipment providers and all disciplines to ensure adequate infrastructure to support manufacturing processes.\nCritical Environment Design Strategies\nWe specialize in engineering systems that serve specialty markets, including Medical, Law Enforcement, and Research and Development. These facilities typically include a varied program that requires distinct consideration for the indoor environment. We are adept at designing high efficiency, functional spaces to address the diversity of these building programs.\nWork\nQuarry Run Regional Operations Center\nBexar Metro 9-1-1\nBirch Bayh Federal Building & U.S. Courthouse\nGeneral Services Administration\nNew STEM Building\nThe College of New Jersey\nPeople\nGarrett Neubauer\nEngineering Director\nDale Robinson\nMEP Engineering Director\nRob Courson\nEngineering Director\nTop\nof the page\nThink what’s possible\nSearch Keywords\nInstagram\nLinkedIn\nFacebook\nTwitter\nYouTube\nFooter menu\nMarkets\nPractice Areas\nArticles\nPeople\nOffices\nAbout\nCareers\n©2024 Page\nPrivacy policy\n|\nCompliance",
    "http://eypae.com/lab-design-planning": "Lab Design / Planning | pagethink.com\nMarkets\nAcademic\nAcademic Innovation\nCampus Planning\nHealth / Medical Education\nPK-12\nScience / Engineering / Discovery\nStudent Life\nTechnical / Community Colleges\nAdvanced Manufacturing\nManufacturing\nSemiconductor\nAviation\nCivic / Community / Culture\nCivic\nCommunity\nCulture\nGovernment\nArts / Culture\nCivilian Agencies\nDefense / Intelligence\nDiplomatic\nFederal Healthcare\nJustice\nLab / Research\nHealthcare\nHealth Forward\nAcademic Medical Centers\nAcute Care\nAmbulatory Care\nBehavioral Health\nCancer Care\nChildrens Health\nFederal Healthcare\nSpecialty Care\nHospitality\nMission Critical\nAerospace\nData Centers\nEnergy\nMultifamily Residential\nOffice\nRetail / Mixed Use\nScience / Technology\nAcademic\nCommercial Life Sciences\nCorporate\nGovernment\nHealth\nInnovation Districts\nWorkplace\nPractice Areas\nArchitecture\nBranding / Experiential Graphic Design\nCommissioning\nDesign Exchange\nEngineering\nInteriors\nLab Design / Planning\nLandscape Architecture\nPlanning / Urban Design\nPreservation / Modernization\nStrategy / Analytics\nTesting / Adjusting / Balancing\nPeople\nNews\nIn The Media\nInsights\nNews Releases\nRecognition\nThe Good Room Podcast\nOffices\nAbout\nCareers\nHealthcare Fellowships\nThe University of Texas at Dallas\nUniversity of Texas at Dallas Bioengineering and Science Building\nThe Pennsylvania State University\nSteidle Building\nNew York University\nMolecular Nanoscience Laboratory\nLab Design / Planning\nPage’s lab planning experts are immersed in the requirements of the science and technology discipline. Our lab planners excel at understanding complex projects with multiple stakeholders, from decision-makers who are focused on institutional goals and budgets to end users with detailed criteria for their workspaces.\nBuilding Types\nPurposeful Process\nWe’ve refined our expertise on complex global projects over two-plus decades, both as part of full-service Page project teams and as consultants. Our advanced programming process is thorough and efficient, utilizing interactive workshop sessions and extensive benchmarking structured around clients’ unique needs.\nBaylor College of Medicine can deliver lab projects on budget and on schedule when using Page as our design team. Contractors are able to remove overhead and contingencies when bidding Page-designed projects, resulting in lower construction costs.\nRock D. Morille\nVice President of Facilities, Baylor College of Medicine, Houston, Texas\nWork\nSteidle Building\nThe Pennsylvania State University\nNeurological Research Institute Center for Drug Discovery\nBaylor College of Medicine\nBiomedical Gallogly Hall\nUniversity of Oklahoma\nCenter for Genomics & Systems Biology\nNew York University\nPeople\nMalena Aquino\nScience / Technology Director\nAlissa McFarland\nSenior Lab Planner\nDavid McCullough\nScience / Technology Director\nVerrick Walker\nScience / Technology Director\nTop\nof the page\nThink what’s possible\nSearch Keywords\nInstagram\nLinkedIn\nFacebook\nTwitter\nYouTube\nFooter menu\nMarkets\nPractice Areas\nArticles\nPeople\nOffices\nAbout\nCareers\n©2024 Page\nPrivacy policy\n|\nCompliance",
    "http://eypae.com/planning-urban-design": "Planning / Urban Design | pagethink.com\nMarkets\nAcademic\nAcademic Innovation\nCampus Planning\nHealth / Medical Education\nPK-12\nScience / Engineering / Discovery\nStudent Life\nTechnical / Community Colleges\nAdvanced Manufacturing\nManufacturing\nSemiconductor\nAviation\nCivic / Community / Culture\nCivic\nCommunity\nCulture\nGovernment\nArts / Culture\nCivilian Agencies\nDefense / Intelligence\nDiplomatic\nFederal Healthcare\nJustice\nLab / Research\nHealthcare\nHealth Forward\nAcademic Medical Centers\nAcute Care\nAmbulatory Care\nBehavioral Health\nCancer Care\nChildrens Health\nFederal Healthcare\nSpecialty Care\nHospitality\nMission Critical\nAerospace\nData Centers\nEnergy\nMultifamily Residential\nOffice\nRetail / Mixed Use\nScience / Technology\nAcademic\nCommercial Life Sciences\nCorporate\nGovernment\nHealth\nInnovation Districts\nWorkplace\nPractice Areas\nArchitecture\nBranding / Experiential Graphic Design\nCommissioning\nDesign Exchange\nEngineering\nInteriors\nLab Design / Planning\nLandscape Architecture\nPlanning / Urban Design\nPreservation / Modernization\nStrategy / Analytics\nTesting / Adjusting / Balancing\nPeople\nNews\nIn The Media\nInsights\nNews Releases\nRecognition\nThe Good Room Podcast\nOffices\nAbout\nCareers\nHealthcare Fellowships\nThe University of Texas at San Antonio\nCampus Master Plan\nThe City of Austin\n2nd Street District\nPlanning / Urban Design\nAs planners and urban designers, we are dedicated to supporting the ongoing evolution of cities, regions, campuses, and neighborhoods, encouraging appropriate development and redevelopment that is suited to the site conditions, character, and purpose.\nBuilding Types\nCampus Plans\nUrban Districts / Neighborhoods\nOutreach / Engagement\nAcademic Medical Centers\nResearch / Innovation Communities\nMulti-modal Transportation Environments\nCorridors / Streetscapes\nCreating Resilient Communities\nIntegrating resilience principles in our plans helps insulate institutions and communities from risk and ensures their ongoing health. With resilience as the driver, we create sustainable, flexible, and efficient plans that serve as living laboratories and model responsible development.\nPlace-based Strategies for Urban Districts\nBy focusing on the unique traits of a given district, our plans work at the intersection of physical opportunity and end-user benefit to generate strategies rooted in place. We strive for solutions that are implementable to ensure ultimate client and community success.\nUNT Dallas is a Minority Serving institution with a narrow yet deep focus – 78% of students live within southern Dallas County. The master plan calibrates the growth of the campus to the needs of the university’s diverse students and responds to the poor health outcomes that characterize southern Dallas relative to the region.\nJury Comments\nSCUP National Campus Planning Awards, 2022\nWork\nCampus Master Plan\nHoward University\nEastern Wake Campus Master Plan\nWake Tech Community College\nAustin State Hospital Brain Health Campus Plan\nTexas Health and Human Services / The University of Texas at Austin\nDowntown Station Area Specific Plan & Environmental Impact Report\nCity of South San Francisco\nPeople\nElizabeth Foster\nManaging Director - San Francisco, Director of Campus Planning\nRyan Losch\nLead Urban Designer\nDana Dixon\nAcademic Director\nPhilip Perlin\nOperations Director - San Francisco, Senior Campus Planner\nTop\nof the page\nThink what’s possible\nSearch Keywords\nInstagram\nLinkedIn\nFacebook\nTwitter\nYouTube\nFooter menu\nMarkets\nPractice Areas\nArticles\nPeople\nOffices\nAbout\nCareers\n©2024 Page\nPrivacy policy\n|\nCompliance",
    "http://eypae.com/staff": "People | pagethink.com\nMarkets\nAcademic\nAcademic Innovation\nCampus Planning\nHealth / Medical Education\nPK-12\nScience / Engineering / Discovery\nStudent Life\nTechnical / Community Colleges\nAdvanced Manufacturing\nManufacturing\nSemiconductor\nAviation\nCivic / Community / Culture\nCivic\nCommunity\nCulture\nGovernment\nArts / Culture\nCivilian Agencies\nDefense / Intelligence\nDiplomatic\nFederal Healthcare\nJustice\nLab / Research\nHealthcare\nHealth Forward\nAcademic Medical Centers\nAcute Care\nAmbulatory Care\nBehavioral Health\nCancer Care\nChildrens Health\nFederal Healthcare\nSpecialty Care\nHospitality\nMission Critical\nAerospace\nData Centers\nEnergy\nMultifamily Residential\nOffice\nRetail / Mixed Use\nScience / Technology\nAcademic\nCommercial Life Sciences\nCorporate\nGovernment\nHealth\nInnovation Districts\nWorkplace\nPractice Areas\nArchitecture\nBranding / Experiential Graphic Design\nCommissioning\nDesign Exchange\nEngineering\nInteriors\nLab Design / Planning\nLandscape Architecture\nPlanning / Urban Design\nPreservation / Modernization\nStrategy / Analytics\nTesting / Adjusting / Balancing\nPeople\nNews\nIn The Media\nInsights\nNews Releases\nRecognition\nThe Good Room Podcast\nOffices\nAbout\nCareers\nHealthcare Fellowships\nPeople\nBoard of Directors\nCatherine J. Britt\nChief Financial Officer\nRobert E. Burke\nBoard Member\nArturo Chavez\nBoard Member\nMattia J. Flabiano III\nPresident\nMichael J. Mace\nBoard Member\nThomas McCarthy\nChief Executive Officer\nJonathan Sylvie\nChief Revenue Officer\nExecutive Committee\nCatherine J. Britt\nChief Financial Officer\nJohn Clegg\nChief Design Innovation Officer\nWendy Dunnam Tita\nChief Practice Officer, Commercial & Mixed-Use Sector Leader\nMattia J. Flabiano III\nPresident\nJohn F. Gloetzner\nChief Marketing Officer\nZoltan Karl\nChief Information Officer\nThomas McCarthy\nChief Executive Officer\nLisa Rosenfeld\nChief Human Resources Officer\nJulie Rusk\nChief Operations Officer, Regional Operations Director - Central\nJonathan Sylvie\nChief Revenue Officer\nOffice Leadership\nElena Agustin\nManaging Director - Albuquerque\nAmro F. Alansari\nManaging Director - Dubai\nLori Armstrong\nOperations Director - Tampa\nDaniel Brooks\nManaging Director - Austin, Commercial / Mixed-Use Market Sector Leader\nHonore Carmona\nRegional Operations Director - East\nDavid Clemenzi\nManaging Director - Albany\nMichael Collard\nManaging Director - Boston\nDavid Deis\nManaging Director - Atlanta\nElizabeth Foster\nManaging Director - San Francisco, Director of Campus Planning\nJon Gray\nManaging Director - Richmond\nScott Hughes\nManaging Director - Tampa\nEric Kuehmeier\nManaging Director - Dallas\nSteve Masse\nManaging Director - Phoenix\nTerence McCabe\nManaging Director - Raleigh\nMegan McCoy\nOperations Director - Austin\nJeff Mechlem\nManaging Director - Houston, Aviation Market Sector Leader\nPepe Monárrez\nManaging Director - Mexico City\nGary Moss\nRegional Operations Director - West\nTarsila Murguía\nOperations Director - Mexico City\nPhilip Perlin\nOperations Director - San Francisco, Senior Campus Planner\nRobert V. Perry\nManaging Director - Washington DC\nVeronique Pryor\nManaging Director - Orlando\nJulie Rusk\nChief Operations Officer, Regional Operations Director - Central\nAkshay Sangolli\nOperations Director - Denver, Lead Healthcare Planner\nJim Shelton\nManaging Director - San Antonio\nJohn Smith\nManaging Director - Los Angeles\nPete Stavenger\nManaging Director - Denver\nNitish Suvarna\nOperations Director - Albuquerque\nJames Tanner\nOperations Director - Dallas\nSarah Walter\nManaging Director - Charleston, Senior Healthcare Planner\nMarket Leadership\nJohn Baxter\nAcademic Market Sector Leader\nChristopher Baylow\nScience / Technology Market Sector Leader\nStephen Bell\nGovernment Market Sector Leader\nDaniel Brooks\nManaging Director - Austin, Commercial / Mixed-Use Market Sector Leader\nTushar Gupta\nHealthcare Market Sector Leader\nWendy Heger\nCivic / Community / Culture Market Sector Leader\nJohn Major\nMission Critical Market Sector Leader\nJeff Mechlem\nManaging Director - Houston, Aviation Market Sector Leader\nRohit Saxena\nScience / Technology Market Sector Leader\nJeffrey S. Willis\nMission Critical Market Sector Leader\nTop\nof the page\nThink what’s possible\nSearch Keywords\nInstagram\nLinkedIn\nFacebook\nTwitter\nYouTube\nFooter menu\nMarkets\nPractice Areas\nArticles\nPeople\nOffices\nAbout\nCareers\n©2024 Page\nPrivacy policy\n|\nCompliance",
    "http://eypae.com/news": "Articles | pagethink.com\nMarkets\nAcademic\nAcademic Innovation\nCampus Planning\nHealth / Medical Education\nPK-12\nScience / Engineering / Discovery\nStudent Life\nTechnical / Community Colleges\nAdvanced Manufacturing\nManufacturing\nSemiconductor\nAviation\nCivic / Community / Culture\nCivic\nCommunity\nCulture\nGovernment\nArts / Culture\nCivilian Agencies\nDefense / Intelligence\nDiplomatic\nFederal Healthcare\nJustice\nLab / Research\nHealthcare\nHealth Forward\nAcademic Medical Centers\nAcute Care\nAmbulatory Care\nBehavioral Health\nCancer Care\nChildrens Health\nFederal Healthcare\nSpecialty Care\nHospitality\nMission Critical\nAerospace\nData Centers\nEnergy\nMultifamily Residential\nOffice\nRetail / Mixed Use\nScience / Technology\nAcademic\nCommercial Life Sciences\nCorporate\nGovernment\nHealth\nInnovation Districts\nWorkplace\nPractice Areas\nArchitecture\nBranding / Experiential Graphic Design\nCommissioning\nDesign Exchange\nEngineering\nInteriors\nLab Design / Planning\nLandscape Architecture\nPlanning / Urban Design\nPreservation / Modernization\nStrategy / Analytics\nTesting / Adjusting / Balancing\nPeople\nNews\nIn The Media\nInsights\nNews Releases\nRecognition\nThe Good Room Podcast\nOffices\nAbout\nCareers\nHealthcare Fellowships\nNews\nMedia Inquiries:\nCharles Barrett\nMedia Coordinator\nDecember 19, 2024\nFuel Cells Provide Emergency Power Without Blowing Smoke\nDecember 17, 2024\nJanet Chadwick: 3 Things to Know about Engaging Patients and Staff in the Design of Healthcare Spaces\nDecember 17, 2024\nPage Featured in Top 180 University Building Architecture Firms for 2024\n}\nBuilding Design + Construction\nDecember 17, 2024\nIn perspective: Architects make the most of a second chance at life\n}\nAIA\nDecember 12, 2024\nJohn A. Paulson Center + Children’s Hospital New Orleans Honored with American Architecture Awards in 2024\nDecember 11, 2024\nGood Design, Inside and Out\nDecember 11, 2024\nGokul Natarajan Take 5 Among Top 5 for 2024\n}\nHealthcare Design Magazine\nDecember 9, 2024\nCelebrating Our People at Page: Announcing 2024 Promotions\nDecember 4, 2024\nFrom Strategy to Spaces: How Executive Decisions Drive Smarter Design and Higher Returns\nDecember 2, 2024\nThe Future of Knowledge Work and “Place”\nNovember 20, 2024\nInnovating for Inclusivity: 4 Key Strategies for Neurodiversity\nNovember 19, 2024\nPage’s Boston Office Shines at IIDANE Fashion Show with \"The World Is Your Oyster\" Design Concept\n1\n2\n3\n4\nNext page\nNext\nTop\nof the page\nThink what’s possible\nSearch Keywords\nInstagram\nLinkedIn\nFacebook\nTwitter\nYouTube\nFooter menu\nMarkets\nPractice Areas\nArticles\nPeople\nOffices\nAbout\nCareers\n©2024 Page\nPrivacy policy\n|\nCompliance",
    "http://eypae.com/news/in-the-media": "In the Media | pagethink.com\nMarkets\nAcademic\nAcademic Innovation\nCampus Planning\nHealth / Medical Education\nPK-12\nScience / Engineering / Discovery\nStudent Life\nTechnical / Community Colleges\nAdvanced Manufacturing\nManufacturing\nSemiconductor\nAviation\nCivic / Community / Culture\nCivic\nCommunity\nCulture\nGovernment\nArts / Culture\nCivilian Agencies\nDefense / Intelligence\nDiplomatic\nFederal Healthcare\nJustice\nLab / Research\nHealthcare\nHealth Forward\nAcademic Medical Centers\nAcute Care\nAmbulatory Care\nBehavioral Health\nCancer Care\nChildrens Health\nFederal Healthcare\nSpecialty Care\nHospitality\nMission Critical\nAerospace\nData Centers\nEnergy\nMultifamily Residential\nOffice\nRetail / Mixed Use\nScience / Technology\nAcademic\nCommercial Life Sciences\nCorporate\nGovernment\nHealth\nInnovation Districts\nWorkplace\nPractice Areas\nArchitecture\nBranding / Experiential Graphic Design\nCommissioning\nDesign Exchange\nEngineering\nInteriors\nLab Design / Planning\nLandscape Architecture\nPlanning / Urban Design\nPreservation / Modernization\nStrategy / Analytics\nTesting / Adjusting / Balancing\nPeople\nNews\nIn The Media\nInsights\nNews Releases\nRecognition\nThe Good Room Podcast\nOffices\nAbout\nCareers\nHealthcare Fellowships\nAll News\nIn The Media\nMedia Inquiries:\nCharles Barrett\nMedia Coordinator\nDecember 17, 2024\nIn perspective: Architects make the most of a second chance at life\n}\nAIA\nDecember 11, 2024\nGokul Natarajan Take 5 Among Top 5 for 2024\n}\nHealthcare Design Magazine\nNovember 8, 2024\nAmbulatory Surgery Centers: Optimize Patient Experience\n}\nColorado Real Estate Journal\nSeptember 3, 2024\nPage Projects Indeed Tower + 1121 Symphony Square Featured\n}\nThe New York Times\nAugust 26, 2024\nPlanning & design for surge capacity in ER departments\n}\nColorado Real Estate Journal / Healthcare Design\nJuly 10, 2024\n4 Design Strategies To Foster Community, Connection At Academic Medical Centers\n}\nHealthcare Design\nJune 3, 2024\nHospital Prioritizes Movement in Design\n}\nHealth Facilities Management\nMay 22, 2024\nPost-Occupancy Services Can Improve Your Future Design Offerings. Here's How.\n}\nAIA Architect\nMay 8, 2024\nBig and Complicated\n}\nPassenger Terminal World\nApril 11, 2024\nSecurity and Openness in Behavioral Health Staff Stations\n}\nHealthcare Facilities Today\nMarch 27, 2024\nDesigning Customized Furnishings in Healthcare\n}\nHealthcare Facilities Today\nMarch 15, 2024\nInfusion Bay Design to Balance Privacy and Efficiency\n}\nHealthcare Facilities Today\n1\n2\n3\nNext page\nNext\nTop\nof the page\nThink what’s possible\nSearch Keywords\nInstagram\nLinkedIn\nFacebook\nTwitter\nYouTube\nFooter menu\nMarkets\nPractice Areas\nArticles\nPeople\nOffices\nAbout\nCareers\n©2024 Page\nPrivacy policy\n|\nCompliance",
    "http://eypae.com/news/insights": "Insights | pagethink.com\nMarkets\nAcademic\nAcademic Innovation\nCampus Planning\nHealth / Medical Education\nPK-12\nScience / Engineering / Discovery\nStudent Life\nTechnical / Community Colleges\nAdvanced Manufacturing\nManufacturing\nSemiconductor\nAviation\nCivic / Community / Culture\nCivic\nCommunity\nCulture\nGovernment\nArts / Culture\nCivilian Agencies\nDefense / Intelligence\nDiplomatic\nFederal Healthcare\nJustice\nLab / Research\nHealthcare\nHealth Forward\nAcademic Medical Centers\nAcute Care\nAmbulatory Care\nBehavioral Health\nCancer Care\nChildrens Health\nFederal Healthcare\nSpecialty Care\nHospitality\nMission Critical\nAerospace\nData Centers\nEnergy\nMultifamily Residential\nOffice\nRetail / Mixed Use\nScience / Technology\nAcademic\nCommercial Life Sciences\nCorporate\nGovernment\nHealth\nInnovation Districts\nWorkplace\nPractice Areas\nArchitecture\nBranding / Experiential Graphic Design\nCommissioning\nDesign Exchange\nEngineering\nInteriors\nLab Design / Planning\nLandscape Architecture\nPlanning / Urban Design\nPreservation / Modernization\nStrategy / Analytics\nTesting / Adjusting / Balancing\nPeople\nNews\nIn The Media\nInsights\nNews Releases\nRecognition\nThe Good Room Podcast\nOffices\nAbout\nCareers\nHealthcare Fellowships\nAll News\nInsights\nMedia Inquiries:\nCharles Barrett\nMedia Coordinator\nDecember 19, 2024\nFuel Cells Provide Emergency Power Without Blowing Smoke\nDecember 17, 2024\nJanet Chadwick: 3 Things to Know about Engaging Patients and Staff in the Design of Healthcare Spaces\nDecember 11, 2024\nGood Design, Inside and Out\nDecember 4, 2024\nFrom Strategy to Spaces: How Executive Decisions Drive Smarter Design and Higher Returns\nDecember 2, 2024\nThe Future of Knowledge Work and “Place”\nNovember 20, 2024\nInnovating for Inclusivity: 4 Key Strategies for Neurodiversity\nNovember 13, 2024\nFrom Serendipity to Success: A Journey in Interior Design\nOctober 31, 2024\nUnlocking Potential: Expanding Experiential Learning Through Simulation\nOctober 30, 2024\nEnhancing Healthcare Environments: The P4 Design© Approach for Future-Ready Medical Spaces\nOctober 24, 2024\nBeyond the Rubble: How the 9/11 Museum Redefined Building Impact and Cultural Resonance\nOctober 23, 2024\nPreserving Emotion and Memory: The Case for Combining Memorials and Museums\nOctober 10, 2024\nDesigning for Children’s Health and Wellbeing\n1\n2\n3\n4\nNext page\nNext\nTop\nof the page\nThink what’s possible\nSearch Keywords\nInstagram\nLinkedIn\nFacebook\nTwitter\nYouTube\nFooter menu\nMarkets\nPractice Areas\nArticles\nPeople\nOffices\nAbout\nCareers\n©2024 Page\nPrivacy policy\n|\nCompliance",
    "http://eypae.com/news/news-releases": "News Releases | pagethink.com\nMarkets\nAcademic\nAcademic Innovation\nCampus Planning\nHealth / Medical Education\nPK-12\nScience / Engineering / Discovery\nStudent Life\nTechnical / Community Colleges\nAdvanced Manufacturing\nManufacturing\nSemiconductor\nAviation\nCivic / Community / Culture\nCivic\nCommunity\nCulture\nGovernment\nArts / Culture\nCivilian Agencies\nDefense / Intelligence\nDiplomatic\nFederal Healthcare\nJustice\nLab / Research\nHealthcare\nHealth Forward\nAcademic Medical Centers\nAcute Care\nAmbulatory Care\nBehavioral Health\nCancer Care\nChildrens Health\nFederal Healthcare\nSpecialty Care\nHospitality\nMission Critical\nAerospace\nData Centers\nEnergy\nMultifamily Residential\nOffice\nRetail / Mixed Use\nScience / Technology\nAcademic\nCommercial Life Sciences\nCorporate\nGovernment\nHealth\nInnovation Districts\nWorkplace\nPractice Areas\nArchitecture\nBranding / Experiential Graphic Design\nCommissioning\nDesign Exchange\nEngineering\nInteriors\nLab Design / Planning\nLandscape Architecture\nPlanning / Urban Design\nPreservation / Modernization\nStrategy / Analytics\nTesting / Adjusting / Balancing\nPeople\nNews\nIn The Media\nInsights\nNews Releases\nRecognition\nThe Good Room Podcast\nOffices\nAbout\nCareers\nHealthcare Fellowships\nAll News\nNews Releases\nMedia Inquiries:\nCharles Barrett\nMedia Coordinator\nOctober 22, 2024\nDesign for Sam Houston’s Elliott T. Bowers Stadium Approved\nOctober 7, 2024\nPage Launches Scout Strategy, Offering Personalized Advisory Services\nApril 11, 2024\nPage's New Austin Office to Help Industry's Fastest-Growing Firm with Workplace Strategy and Curating Office Culture\nNovember 1, 2023\nPage and Davis Brody Bond Join Forces Expanding New York City Presence\nOctober 11, 2023\nPage Acquires Texas Structural Firm — DB Structures of Austin\nOctober 2, 2023\nPage-Designed Seacrest Studio Opens  at Northwell Health’s Cohen Children’s Medical Center\nSeptember 20, 2023\nPage Names David Enríquez as Boston Lead Design Architect\nSeptember 14, 2023\nDesign for Impact: 2023 environmental & social responsibility report\nJuly 11, 2023\nImproving Cancer Care in Northern New Mexico\nJune 13, 2023\nPage Completes\nEYP\nIntegration\nJune 7, 2023\nRecognized by the Global M&A Network\nMay 23, 2023\nNew Leadership: 2023 Promotions\n1\n2\nNext page\nNext\nTop\nof the page\nThink what’s possible\nSearch Keywords\nInstagram\nLinkedIn\nFacebook\nTwitter\nYouTube\nFooter menu\nMarkets\nPractice Areas\nArticles\nPeople\nOffices\nAbout\nCareers\n©2024 Page\nPrivacy policy\n|\nCompliance",
    "http://eypae.com/news/recognition": "Recognition | pagethink.com\nMarkets\nAcademic\nAcademic Innovation\nCampus Planning\nHealth / Medical Education\nPK-12\nScience / Engineering / Discovery\nStudent Life\nTechnical / Community Colleges\nAdvanced Manufacturing\nManufacturing\nSemiconductor\nAviation\nCivic / Community / Culture\nCivic\nCommunity\nCulture\nGovernment\nArts / Culture\nCivilian Agencies\nDefense / Intelligence\nDiplomatic\nFederal Healthcare\nJustice\nLab / Research\nHealthcare\nHealth Forward\nAcademic Medical Centers\nAcute Care\nAmbulatory Care\nBehavioral Health\nCancer Care\nChildrens Health\nFederal Healthcare\nSpecialty Care\nHospitality\nMission Critical\nAerospace\nData Centers\nEnergy\nMultifamily Residential\nOffice\nRetail / Mixed Use\nScience / Technology\nAcademic\nCommercial Life Sciences\nCorporate\nGovernment\nHealth\nInnovation Districts\nWorkplace\nPractice Areas\nArchitecture\nBranding / Experiential Graphic Design\nCommissioning\nDesign Exchange\nEngineering\nInteriors\nLab Design / Planning\nLandscape Architecture\nPlanning / Urban Design\nPreservation / Modernization\nStrategy / Analytics\nTesting / Adjusting / Balancing\nPeople\nNews\nIn The Media\nInsights\nNews Releases\nRecognition\nThe Good Room Podcast\nOffices\nAbout\nCareers\nHealthcare Fellowships\nAll News\nRecognition\nMedia Inquiries\nCharles Barrett\nMedia Coordinator\nDecember 17, 2024\nPage Featured in Top 180 University Building Architecture Firms for 2024\n}\nBuilding Design + Construction\nDecember 12, 2024\nJohn A. Paulson Center + Children’s Hospital New Orleans Honored with American Architecture Awards in 2024\nNovember 19, 2024\nPage’s Boston Office Shines at IIDANE Fashion Show with \"The World Is Your Oyster\" Design Concept\nNovember 12, 2024\nIndeed Tower Wins 2024 Austin Green Design Award\nOctober 31, 2024\nPage Wins 2024 IIDA Healthcare Design Awards\nOctober 16, 2024\nCarleton College Wins Sustainable Lab Award - Excellence in Decarbonization + Building Reuse\nOctober 10, 2024\nAlbuquerque Office Wins AIA Design & Honor Award\n}\nAIA\nOctober 9, 2024\nCarleton College's Evelyn M. Anderson Hall Winus BSA Award\n}\nRead More\nSeptember 27, 2024\nRosedale School Wins Texas Awards\nSeptember 26, 2024\nSeattle U Sinegal Center Wins Higher Ed Design Award from IIDA NE\nSeptember 17, 2024\nZero Irving wins ULI Award\n}\nULI New York\nSeptember 12, 2024\nOrlando Health Jewett Orthopedic Institute Wins 2024 Southeast Regional “Best Project” award in Healthcare\n1\n2\n3\n4\nNext page\nNext\nTop\nof the page\nThink what’s possible\nSearch Keywords\nInstagram\nLinkedIn\nFacebook\nTwitter\nYouTube\nFooter menu\nMarkets\nPractice Areas\nArticles\nPeople\nOffices\nAbout\nCareers\n©2024 Page\nPrivacy policy\n|\nCompliance"
  },
  "doc_id": "194610ef-a20d-56cb-b296-e91521041eb9"
}