{
  "url": "http://fivestarcu.com",
  "timestamp": 1735126840.9461553,
  "text_by_page_url": {
    "http://fivestarcu.com/business/business-solutions": "Business Solutions | AL & GA Payroll, HR & Autobooks | Five Star\nHome\nSkip to main content\nSkip to footer\nDownload Acrobat Reader 5.0 or higher to view .pdf files.\nFive Star Credit Union\nToggle navigation\nClose navigation\nSearch\nLogin\nLoans\nHome Mortgages\nApply for a Mortgage\nConsumer\nApply for a Loan\nManufactured Homes\nBusiness Loans\nAll Loans\nPersonal\nChecking\nPlatinum Visa Credit Card\nSavings\nOnline & Mobile Banking\nDirect Deposit\nDigital Wallet\nAll Personal Services\nBusiness\nBusiness Loans\nBusiness Solutions\nBusiness Visa Credit Card\nBusiness Checking\nBusiness Savings\nResources\nMember Benefits\nDeposit Rates\nFinancial Focus\nAccount Finder\nFinancial Calculators\nConnect\nContact Us\nLocations & Hours\nCareers\nAbout Five Star\nHistory\nOur Blog\nFive Star Foundation\nClose search dialog\nSearch Five Star\nEnter keywords\nStart Site Search\nQuick Links\nAuto Loans\nMortgage\nManufactured Home Loans\nShare Certificate Rates\nBusiness Loans\nBusiness Checking\nJobs at Five Star\nRouting Number\nClose login dialog\nSign Into Your Account\nEnter User ID\nSign In\nEnroll Now\nForgot Password?\nBusiness Solutions\nLet Five Star help take your efficiency to the next level\nYou and your leadership team might be ultra-efficient, providing basic administrative services for your business. It can be time-consuming and divert resources away from your core mission. Five Star can simplify these tasks by providing - at affordable\nrates\n- specialized financial services and everyday solutions designed to keep everything on track.\nPayment Services\nUpdate and streamline your business's payment systems with customized technology that can also help generate increased revenues. Our hardware and software include point-of-sale systems and online payment solutions for retail outlets, restaurants, medical offices, non-profit agencies and more. We're so sure we can help that we're offering businesses a $500 sign-on payment.\nStart Growing\nAutobooks\nAn ideal solution for businesses without storefronts. Businesses can use access Autobooks through our\nmobile banking app\nand use it to create invoices and then send them out via text or email. Customers enjoy a number of easy online payment options, with funds moving directly into your business\nchecking\nand\nsavings\naccount.\nWant to learn more about Five Star’s business banking services?\nContact us\nor visit one of our Alabama and Georgia\nfinancial centers\n.\nFive Star Credit Union is a full-service financial institution with\nlocations\nin Alabama and Georgia, serving members nationwide.\nBack to the top\nFacebook\nX (Twitter)\nYouTube\nLinkedIn\nConnect\nContact Us\nLocations & Hours\nResources\nRouting #261272046\nTruth in Savings\nSitemap\nLegal\nPrivacy Policy\nExcessive or Luxury Expenditures Policy\nElectronic Funds Transfer\nDisclaimer of Warranties\nFederal Financial Regulations D, Z, and E\n©\nFive Star Credit Union.",
    "http://fivestarcu.com/resources/member-benefits": "Member Benefits | AL & GA Life Insurance | Five Star Credit Union\nHome\nSkip to main content\nSkip to footer\nDownload Acrobat Reader 5.0 or higher to view .pdf files.\nFive Star Credit Union\nToggle navigation\nClose navigation\nSearch\nLogin\nLoans\nHome Mortgages\nApply for a Mortgage\nConsumer\nApply for a Loan\nManufactured Homes\nBusiness Loans\nAll Loans\nPersonal\nChecking\nPlatinum Visa Credit Card\nSavings\nOnline & Mobile Banking\nDirect Deposit\nDigital Wallet\nAll Personal Services\nBusiness\nBusiness Loans\nBusiness Solutions\nBusiness Visa Credit Card\nBusiness Checking\nBusiness Savings\nResources\nMember Benefits\nDeposit Rates\nFinancial Focus\nAccount Finder\nFinancial Calculators\nConnect\nContact Us\nLocations & Hours\nCareers\nAbout Five Star\nHistory\nOur Blog\nFive Star Foundation\nClose search dialog\nSearch Five Star\nEnter keywords\nStart Site Search\nQuick Links\nAuto Loans\nMortgage\nManufactured Home Loans\nShare Certificate Rates\nBusiness Loans\nBusiness Checking\nJobs at Five Star\nRouting Number\nClose login dialog\nSign Into Your Account\nEnter User ID\nSign In\nEnroll Now\nForgot Password?\nMember Benefits\nBeing fully prepared is always the best policy\nIt's impossible to tell what the future holds. So it's always best to expect the unexpected. One way to protect you, your family and your finances from life's twists and turns is with insurance polices through Five Star's partners at the Franklin Madison Group, TruStage Insurance Company, and Dollar And.\nFranklin Madison AD&D coverage\nAccidental Death & Dismemberment policies can provide funds that help a family move forward if a wage earner passes away or suffers a serious injury.\nGet $1,000 of AD&D coverage at no cost with your Five Star membership, if you are 18 or older\nPolicies underwritten by Minnesota Life Insurance Company\nGet additional AD&D coverage at group rates\nOur members are pre-authorized for up to $300,000 in added coverage\nYour acceptance is guaranteed – no medical exams or health questions\nAll coverage reduces by 50% at age 70 and older, regardless of age at enrollment\nIt's easy to enroll or consult with Robert Dudacek, licensed insurance agent #972576-TN\nEnroll Today\nTruStage Insurance Options\nFor decades, TruStage has been a trusted insurer for credit union members across the country. Five Star members may qualify for discounts on auto, home, life, health and hospital accident policies.\nWith auto insurance, you receive 24-hour claim service (even on holidays), quick appraisals, and guaranteed auto repairs (as long as you own the vehicle)\nWith home insurance, you receive guaranteed home repairs, quick claim service, hassle-free personal item replacement, and temporary living assistance\nHaving life insurance can help your family move forward when you're no long there to provide for them.\nTruStage helps you compare whole and term insurance, and explore affordable options so you can make a good decision today for your family\nClick below to get started or call 855.612.7909\nGet Started with TruStage\nErase Medical Debt\nA medical crisis should not mean a financial crisis. That’s why Five Star is partnering with Dollar For, a national non-profit, to help patients reduce or eliminate their hospital bills.\nMost hospitals in the U.S. have financial assistance programs called charity care\nThe law requires them to have the program, however they don’t make it easy to find or use these programs\nOver 100 million people in the US could qualify for financial assistance\nDollar For’s simple five-question form will tell you if you qualify\nThis service is free for Five Star members\nIf you qualify, Dollar For will guide you through the financial assistance process and crush that bill. They have already erased over $26 million for nearly 1,500 patients nationwide. Let’s make you one of them.\nApply Today\nFive Star Credit Union is a full-service financial institution with\nlocations\nin Alabama and Georgia, serving members nationwide.\nBack to the top\nFacebook\nX (Twitter)\nYouTube\nLinkedIn\nConnect\nContact Us\nLocations & Hours\nResources\nRouting #261272046\nTruth in Savings\nSitemap\nLegal\nPrivacy Policy\nExcessive or Luxury Expenditures Policy\nElectronic Funds Transfer\nDisclaimer of Warranties\nFederal Financial Regulations D, Z, and E\n©\nFive Star Credit Union.",
    "http://fivestarcu.com/resources/deposit-rates": "Deposit Rates | AL, GA Checking & Savings Rates | Five Star\nHome\nSkip to main content\nSkip to footer\nDownload Acrobat Reader 5.0 or higher to view .pdf files.\nFive Star Credit Union\nToggle navigation\nClose navigation\nSearch\nLogin\nLoans\nHome Mortgages\nApply for a Mortgage\nConsumer\nApply for a Loan\nManufactured Homes\nBusiness Loans\nAll Loans\nPersonal\nChecking\nPlatinum Visa Credit Card\nSavings\nOnline & Mobile Banking\nDirect Deposit\nDigital Wallet\nAll Personal Services\nBusiness\nBusiness Loans\nBusiness Solutions\nBusiness Visa Credit Card\nBusiness Checking\nBusiness Savings\nResources\nMember Benefits\nDeposit Rates\nFinancial Focus\nAccount Finder\nFinancial Calculators\nConnect\nContact Us\nLocations & Hours\nCareers\nAbout Five Star\nHistory\nOur Blog\nFive Star Foundation\nClose search dialog\nSearch Five Star\nEnter keywords\nStart Site Search\nQuick Links\nAuto Loans\nMortgage\nManufactured Home Loans\nShare Certificate Rates\nBusiness Loans\nBusiness Checking\nJobs at Five Star\nRouting Number\nClose login dialog\nSign Into Your Account\nEnter User ID\nSign In\nEnroll Now\nForgot Password?\nDeposit Rates\nOne of the perks of being a Five Star member is lower loan rates, higher deposit rates, and fewer fees. We are able to do this for our members because we are a not-for-profit financial institution.  That’s the Five Star difference.\nIf you are not a member, you can join online or stop by your\nlocal financial center\n. If you need assistance on your account or to add a share certificate account, call the Five Star Member Care Center at 888.619.1711 (Option 7).\nOpen Your Account\nSavings, Checking, IRA & Club Accounts\n(Rates effective November 1, 2024)\nType\nAnnual Dividend Rate\nAPY*\nSavings (Share) Account\n0.05%\n0.05%\nChecking Account\nSee Checking Options\n0.05%\nClub Accounts (Vacation, Christmas; etc.)\n0.35%\n0.35%\nIRA Savings (Non-Certificate)\n0.50%\n0.50%\nYouth Savings\n0.85%\n0.85%\n*APY is Annual Percentage Yield. Variable rates subject to change. Fees, if incurred, may reduce earnings.\nYouth (Rising Star) accounts have a special rate. See Youth Accounts under \"Products and Services\" for more information.\nShare Certificate, IRA Certificate & APYs ($500 Minimum*)\nType\nAnnual Dividend Rate\nAPY*\n6 Months\n4.55%\n4.65%\n12 Months\n4.17%\n4.25%\n24 Months\n4.03%\n4.10%\n36 Months\n3.98%\n4.05%\n48 Months\n3.93%\n4.00%\n60 Months\n3.83%\n3.90%\n*APY is Annual Percentage Yield. Variable rates subject to change. Fees, if incurred, may reduce earnings.\nPremier Growth Money Market Rates ($2,000 Minimum To Open)\nMoney Market Accounts With Less Than $2,000 Earn Savings Account Base Rate.\nBalance\nAnnual Dividend Rate\nAPY*\n$2,000 - $49,999.99\n1.30%\n1.31%\n$50,000 - $99,999.99\n1.50%\n1.51%\n$100,000 or greater\n1.75%\n1.76%\nBusiness Money Market Rates & APYs ($25,000 Minimum*)\nType\nAnnual Dividend Rate\nAPY*\n$25,000 - $99,999.99\n0.25%\n0.25%\n$100,000 - $249,999.99\n0.50%\n0.50%\n$250,000 or greater\n0.75%\n0.75%\n*APY is Annual Percentage Yield. Variable rates subject to change. Fees, if incurred, may reduce earnings.\nAll rates are subject to change and subject to other applicable terms and conditions.\nFive Star Credit Union is a full-service financial institution with\nlocations\nin Alabama and Georgia, serving members nationwide.\nBack to the top\nFacebook\nX (Twitter)\nYouTube\nLinkedIn\nConnect\nContact Us\nLocations & Hours\nResources\nRouting #261272046\nTruth in Savings\nSitemap\nLegal\nPrivacy Policy\nExcessive or Luxury Expenditures Policy\nElectronic Funds Transfer\nDisclaimer of Warranties\nFederal Financial Regulations D, Z, and E\n©\nFive Star Credit Union.",
    "http://fivestarcu.com/resources/financial-focus": "Online Financial Course | AL & GA Financial Education | Five Star\nHome\nSkip to main content\nSkip to footer\nDownload Acrobat Reader 5.0 or higher to view .pdf files.\nFive Star Credit Union\nToggle navigation\nClose navigation\nSearch\nLogin\nLoans\nHome Mortgages\nApply for a Mortgage\nConsumer\nApply for a Loan\nManufactured Homes\nBusiness Loans\nAll Loans\nPersonal\nChecking\nPlatinum Visa Credit Card\nSavings\nOnline & Mobile Banking\nDirect Deposit\nDigital Wallet\nAll Personal Services\nBusiness\nBusiness Loans\nBusiness Solutions\nBusiness Visa Credit Card\nBusiness Checking\nBusiness Savings\nResources\nMember Benefits\nDeposit Rates\nFinancial Focus\nAccount Finder\nFinancial Calculators\nConnect\nContact Us\nLocations & Hours\nCareers\nAbout Five Star\nHistory\nOur Blog\nFive Star Foundation\nClose search dialog\nSearch Five Star\nEnter keywords\nStart Site Search\nQuick Links\nAuto Loans\nMortgage\nManufactured Home Loans\nShare Certificate Rates\nBusiness Loans\nBusiness Checking\nJobs at Five Star\nRouting Number\nClose login dialog\nSign Into Your Account\nEnter User ID\nSign In\nEnroll Now\nForgot Password?\nFinancial Focus\nOur mini-courses offer really big value\nManaging your day-to-day finances can be tough. Some simple tips will make a huge difference. At Five Star, we offer bite-sized online courses through Financial Focus that deliver information on a wide range of personal finance topics. There's no diploma available, but there's plenty of payoff in dollars and common sense.\nFinancial education courses are free for Five Star members\nEach course takes less than 10 minutes to complete\nTopics include raising your credit score, financing a home, buying a car and more\nChoose your own course of study, according to your interests\nMake a playlist and share with friends\nStart Your Course\nIn-School Financial Education\nLike most life skills, young people are quick to pick up on financial concepts. So Five Star has worked hard to develop money-oriented lessons for middle and high schools in the 42 counties we serve. If your school  is interested in helping students turn into smart savers and debt-conscious consumers,\ncontact us\nabout these age-appropriate financial education offerings.\nFinancial Education Program\nFive Star Credit Union is a full-service financial institution with\nlocations\nin Alabama and Georgia, serving members nationwide.\nBack to the top\nFacebook\nX (Twitter)\nYouTube\nLinkedIn\nConnect\nContact Us\nLocations & Hours\nResources\nRouting #261272046\nTruth in Savings\nSitemap\nLegal\nPrivacy Policy\nExcessive or Luxury Expenditures Policy\nElectronic Funds Transfer\nDisclaimer of Warranties\nFederal Financial Regulations D, Z, and E\n©\nFive Star Credit Union.",
    "http://fivestarcu.com/resources/account-finder": "Account Finder | AL & GA Online Banking | Five Star Credit Union\nHome\nSkip to main content\nSkip to footer\nDownload Acrobat Reader 5.0 or higher to view .pdf files.\nFive Star Credit Union\nToggle navigation\nClose navigation\nSearch\nLogin\nLoans\nHome Mortgages\nApply for a Mortgage\nConsumer\nApply for a Loan\nManufactured Homes\nBusiness Loans\nAll Loans\nPersonal\nChecking\nPlatinum Visa Credit Card\nSavings\nOnline & Mobile Banking\nDirect Deposit\nDigital Wallet\nAll Personal Services\nBusiness\nBusiness Loans\nBusiness Solutions\nBusiness Visa Credit Card\nBusiness Checking\nBusiness Savings\nResources\nMember Benefits\nDeposit Rates\nFinancial Focus\nAccount Finder\nFinancial Calculators\nConnect\nContact Us\nLocations & Hours\nCareers\nAbout Five Star\nHistory\nOur Blog\nFive Star Foundation\nClose search dialog\nSearch Five Star\nEnter keywords\nStart Site Search\nQuick Links\nAuto Loans\nMortgage\nManufactured Home Loans\nShare Certificate Rates\nBusiness Loans\nBusiness Checking\nJobs at Five Star\nRouting Number\nClose login dialog\nSign Into Your Account\nEnter User ID\nSign In\nEnroll Now\nForgot Password?\nAccount Finder\nLet's Find the Account That Fits Your Lifestyle\nWe have three simple questions below. Answer them so we can get you the account you need. All Five Star accounts come with a mobile app, online banking, and more than 30,000 ATMs and Interactive Tellers.\nDo You Want an Easy Account that You Manage from Your Phone?\nView back of card #1\nYour Free Checking\nView front of card #1\nDo You Want to Write Checks on a Regular Basis?\nView back of card #2\nYour Five Star Checking\nYour Fabulous 50 Checking\nView front of card #2\nDo You Want to Earn interest on Checking?\nView back of card #3\nYour Five Star Checking\nYour Fabulous 50 Checking\nView front of card #3\nFive Star Credit Union is a full-service financial institution with\nlocations\nin Alabama and Georgia, serving members nationwide.\nBack to the top\nFacebook\nX (Twitter)\nYouTube\nLinkedIn\nConnect\nContact Us\nLocations & Hours\nResources\nRouting #261272046\nTruth in Savings\nSitemap\nLegal\nPrivacy Policy\nExcessive or Luxury Expenditures Policy\nElectronic Funds Transfer\nDisclaimer of Warranties\nFederal Financial Regulations D, Z, and E\n©\nFive Star Credit Union.",
    "http://fivestarcu.com/resources/financial-calculators": "Financial Calculators | Debt Management | Five Star Credit Union\nHome\nSkip to main content\nSkip to footer\nDownload Acrobat Reader 5.0 or higher to view .pdf files.\nFive Star Credit Union\nToggle navigation\nClose navigation\nSearch\nLogin\nLoans\nHome Mortgages\nApply for a Mortgage\nConsumer\nApply for a Loan\nManufactured Homes\nBusiness Loans\nAll Loans\nPersonal\nChecking\nPlatinum Visa Credit Card\nSavings\nOnline & Mobile Banking\nDirect Deposit\nDigital Wallet\nAll Personal Services\nBusiness\nBusiness Loans\nBusiness Solutions\nBusiness Visa Credit Card\nBusiness Checking\nBusiness Savings\nResources\nMember Benefits\nDeposit Rates\nFinancial Focus\nAccount Finder\nFinancial Calculators\nConnect\nContact Us\nLocations & Hours\nCareers\nAbout Five Star\nHistory\nOur Blog\nFive Star Foundation\nClose search dialog\nSearch Five Star\nEnter keywords\nStart Site Search\nQuick Links\nAuto Loans\nMortgage\nManufactured Home Loans\nShare Certificate Rates\nBusiness Loans\nBusiness Checking\nJobs at Five Star\nRouting Number\nClose login dialog\nSign Into Your Account\nEnter User ID\nSign In\nEnroll Now\nForgot Password?\nFinancial Calculators\nAuto\nAuto Rebate vs. Low Interest Financing\nCredit Card & Debt\nManaging Debt\nStudent Loan Consolidation & Payoff\nPersonal Debt Consolidation\nCredit Card Payoff\nInsurance\nHSA Goals\nHSA Contributions\nHSA Savings\nHSA vs. Traditional Health Plan\nLife Insurance\nDisability Insurance\nLoans\nLoan & Credit Line Tax Savings\nAmortizing Loan\nLoan & Credit Line Payment\nLoan Comparison\nLine of Credit Payoff\nAlternative Payment Frequencies\nEnhanced Loan Options\nDebt Consolidation\nHome Equity Line of Credit\nExisting Loan Analysis\nMortgage\nBi-Weekly Payment\nMortgage Loan\nMortgage Tax\nAdjustable Rate Mortgage\nMortgage APR\nReverse Mortgage\nMortgage Payoff\nMortgage Points\nMortgage Qualifier\nMortgage Refinance\nRent vs. Buy\nRefinance Savings\nMortgage Comparison\nPersonal Finance\nCredit Assessment\nNet Worth\nCheckbook\nHome Budget\nRetirement\nRoth IRA\nRoth Conversion\n401k Savings\nTraditional IRA\nSocial Security\nRetirement Plan\nSavings\nCompound Interest\nCollege Savings\nCertificate of Deposit\nCD Ladder\nSpend Less\nAccumulate Savings\nSave a Million\nSavings Goals\nEmergency Savings\nLunch Savings\nSavings, Taxes, & Inflation\nTaxes\n1040 Tax\nMarginal Tax Rate\n1040EZ Tax\nFive Star Credit Union is a full-service financial institution with\nlocations\nin Alabama and Georgia, serving members nationwide.\nBack to the top\nFacebook\nX (Twitter)\nYouTube\nLinkedIn\nConnect\nContact Us\nLocations & Hours\nResources\nRouting #261272046\nTruth in Savings\nSitemap\nLegal\nPrivacy Policy\nExcessive or Luxury Expenditures Policy\nElectronic Funds Transfer\nDisclaimer of Warranties\nFederal Financial Regulations D, Z, and E\n©\nFive Star Credit Union.",
    "http://fivestarcu.com/connect/contact-us": "Contact Us | AL & GA Credit Union Branch Phone Number | Five Star\nHome\nSkip to main content\nSkip to footer\nDownload Acrobat Reader 5.0 or higher to view .pdf files.\nFive Star Credit Union\nToggle navigation\nClose navigation\nSearch\nLogin\nLoans\nHome Mortgages\nApply for a Mortgage\nConsumer\nApply for a Loan\nManufactured Homes\nBusiness Loans\nAll Loans\nPersonal\nChecking\nPlatinum Visa Credit Card\nSavings\nOnline & Mobile Banking\nDirect Deposit\nDigital Wallet\nAll Personal Services\nBusiness\nBusiness Loans\nBusiness Solutions\nBusiness Visa Credit Card\nBusiness Checking\nBusiness Savings\nResources\nMember Benefits\nDeposit Rates\nFinancial Focus\nAccount Finder\nFinancial Calculators\nConnect\nContact Us\nLocations & Hours\nCareers\nAbout Five Star\nHistory\nOur Blog\nFive Star Foundation\nClose search dialog\nSearch Five Star\nEnter keywords\nStart Site Search\nQuick Links\nAuto Loans\nMortgage\nManufactured Home Loans\nShare Certificate Rates\nBusiness Loans\nBusiness Checking\nJobs at Five Star\nRouting Number\nClose login dialog\nSign Into Your Account\nEnter User ID\nSign In\nEnroll Now\nForgot Password?\nContact Us\nWe want to hear from you!\nFive Star offers various ways to get in touch. You can email, phone, text, or message us. Let us know what we can do to better serve your needs.\nHow Can We Help?\nFill out the contact form below and we will get back to you as soon as we can.\n*\nRequired\nFirst Name\n*\nLast Name\n*\nPhone\n*\nEmail\n*\nComments\nEnter the characters you see\n*\nPlay Audio\nDownload Audio\nEnter the characters you hear\n*\nAudio Captcha\nRefresh\nImage Captcha\nRefresh\nCaptcha Answer\nSend Message\nvia Contact Us Form\nThere was an error submitting the form.\nNotice\nThis form requires Javascript be turned on for it to work. Please turn on Javascript and refresh the page if you would like to submit an online form. If you cannot turn on Javascript, we encourage you to contact your nearest branch location.\nThank you for your submission!\nWe will be in touch with you soon.\nAdditional Ways to Contact Five Star.\nWe want to hear from you. Here are some ways to get in touch that might be more convenient.\nPhone Us\nFive Star Phone Number:\n888-619-1711, option 7\nMessage Us\nIn the Five Star app, look for \"message\" on the front page of the app. Also, in your account menu, click on \"attach to a conversation.\"\nEmail Us\nEmail Five Star\nText Us\nText Five Star at\n334-778-7400 for an auto loan\n334-778-7401 for a mortgage\n334-778-7402 for a manufactured home\n334-778-7403 for a business loan\nLost or Stolen Card\nFor a lost or stolen Five Star debit or credit card, call 855-847-2023. This number is open 24 hours a day. In the Five Star app, go to your checking account menu, look for \"card management,\" click on your card and click \"report card lost/stolen.\"\nLet's Connect\nHere's some ways to connect with Five Star and get more out of  your membership.\nSocial Media\nEngage with Five Star through its social media channels. Like, follow, and subscribe to our various channels. if you have a problem, send us a message on Facebook. We look forward to hearing from you.\nCareers\nFind a new career at Five Star Credit Union. We offer great benefits, PTO, sick time, a career path, and lots of internal promotion opportunities. Check out the open jobs and join a fun, progressive team.\nFind Your Job\nFive Star Foundation\nThe Five Star Credit Union Foundation was formed in 2020 to provide opportunities for students to further their  education. In two years, the foundation has provided $80,000 in scholarships to help more than 25 students go to college tuition free their freshman year. Learn more about the foundation below.\nFive Star Credit Union Foundation\nErase Medical Debt\nFive Star is partnering with Dollar For, a national non-profit, to help patients reduce or eliminate their hospital bills. Members have access to a questionnaire to asses their eligibility. Dollar For will work with members throughout the entire process.\nGet Started\nBack to the top\nFacebook\nX (Twitter)\nYouTube\nLinkedIn\nConnect\nContact Us\nLocations & Hours\nResources\nRouting #261272046\nTruth in Savings\nSitemap\nLegal\nPrivacy Policy\nExcessive or Luxury Expenditures Policy\nElectronic Funds Transfer\nDisclaimer of Warranties\nFederal Financial Regulations D, Z, and E\n©\nFive Star Credit Union.",
    "http://fivestarcu.com/connect/locations-and-hours": "Locations & Hours | AL & GA Credit Union Near Me | Five Star\nHome\nSkip to main content\nSkip to footer\nDownload Acrobat Reader 5.0 or higher to view .pdf files.\nFive Star Credit Union\nToggle navigation\nClose navigation\nSearch\nLogin\nLoans\nHome Mortgages\nApply for a Mortgage\nConsumer\nApply for a Loan\nManufactured Homes\nBusiness Loans\nAll Loans\nPersonal\nChecking\nPlatinum Visa Credit Card\nSavings\nOnline & Mobile Banking\nDirect Deposit\nDigital Wallet\nAll Personal Services\nBusiness\nBusiness Loans\nBusiness Solutions\nBusiness Visa Credit Card\nBusiness Checking\nBusiness Savings\nResources\nMember Benefits\nDeposit Rates\nFinancial Focus\nAccount Finder\nFinancial Calculators\nConnect\nContact Us\nLocations & Hours\nCareers\nAbout Five Star\nHistory\nOur Blog\nFive Star Foundation\nClose search dialog\nSearch Five Star\nEnter keywords\nStart Site Search\nQuick Links\nAuto Loans\nMortgage\nManufactured Home Loans\nShare Certificate Rates\nBusiness Loans\nBusiness Checking\nJobs at Five Star\nRouting Number\nClose login dialog\nSign Into Your Account\nEnter User ID\nSign In\nEnroll Now\nForgot Password?\nLocations & Hours\nLet Us Brighten Your Future\nFive Star has many opportunities to serve you. There are financial centers across lower Alabama and Georgia. There are also more than 30,000 ATMs in America that you can use surcharge free. Below there is a search engine for financial centers and ATMs. Five Star is part of the Shazam and CO-OP ATM network across the country. Click the box on what you are searching for and find a location near you.\nLocation Search\nEnter a location (Example:\n)\nFind\nProximity\nWithin 5 miles\nWithin 10 miles\nWithin 15 miles\nWithin 20 miles\nWithin 25 miles\nWithin 50 miles\nWithin 100 miles\nWithin 250 miles\nWithin 500 miles\nOffices\nView Map\nShowing results in\nNo results yet\nSearch results\nQuick Links\nHere are a few links that might help you get your business done quicker.\nRouting Number\nThe Five Star routing number is:\n261272046\nLink Direct Deposit\nFive Star has two easy ways for you to link your direct deposit to your account. You can link it in the app or online banking. Go to the\ndirect deposit page\nfor instructions. It takes just a couple of clicks.\nFive Star Mobile App\nThe Five Star mobile app allows you to do almost all of the transactions you need right on your phone or tablet. You can pay on Five Star loans, including using another card or account, transfer money to another member, add an account or share certificate. Download today and keep your account with you.\nDownload here.\nDigital Wallet\nAdd your debit and credit cards to the Five Star Digital Wallet. This makes your transactions more secure since it's all done electronically. Many online retailers offer Apple Pay and that will take straight from your digital wallet making your online transactions more secure.\nGet started with the Five Star Digital Wallet.\nAccount Finder\nFinding the correct account can be difficult. The Five Star Account Finder asks you a couple of questions then suggests the best account. It helps you narrow down exactly how you want to manage your account.\nGo to Account Finder\nand get started.\nMap Key\nBack to the top\nFacebook\nX (Twitter)\nYouTube\nLinkedIn\nConnect\nContact Us\nLocations & Hours\nResources\nRouting #261272046\nTruth in Savings\nSitemap\nLegal\nPrivacy Policy\nExcessive or Luxury Expenditures Policy\nElectronic Funds Transfer\nDisclaimer of Warranties\nFederal Financial Regulations D, Z, and E\n©\nFive Star Credit Union.",
    "http://fivestarcu.com/connect/about-five-star": "About Us | AL & GA Credit Union Careers, News, Blog | Five Star\nHome\nSkip to main content\nSkip to footer\nDownload Acrobat Reader 5.0 or higher to view .pdf files.\nFive Star Credit Union\nToggle navigation\nClose navigation\nSearch\nLogin\nLoans\nHome Mortgages\nApply for a Mortgage\nConsumer\nApply for a Loan\nManufactured Homes\nBusiness Loans\nAll Loans\nPersonal\nChecking\nPlatinum Visa Credit Card\nSavings\nOnline & Mobile Banking\nDirect Deposit\nDigital Wallet\nAll Personal Services\nBusiness\nBusiness Loans\nBusiness Solutions\nBusiness Visa Credit Card\nBusiness Checking\nBusiness Savings\nResources\nMember Benefits\nDeposit Rates\nFinancial Focus\nAccount Finder\nFinancial Calculators\nConnect\nContact Us\nLocations & Hours\nCareers\nAbout Five Star\nHistory\nOur Blog\nFive Star Foundation\nClose search dialog\nSearch Five Star\nEnter keywords\nStart Site Search\nQuick Links\nAuto Loans\nMortgage\nManufactured Home Loans\nShare Certificate Rates\nBusiness Loans\nBusiness Checking\nJobs at Five Star\nRouting Number\nClose login dialog\nSign Into Your Account\nEnter User ID\nSign In\nEnroll Now\nForgot Password?\nAbout Five Star\n42 counties. 68,000 members.\nOne goal - building bright futures.\nLet's start with the basics. Five Star has been around since 1964. Five Star is a not-for-profit financial cooperative run by its members, not a bank. That's an important difference. Banks are in the profit-making business. We also have an educational focus that shows up in everything from in-school courses to a quarterly newsletter. Finally, we're a major employer in the region, and we invite you to scout out our current openings. Want to know more about each of these topics? Keep reading.\nWhy Become a Member of Five Star Credit Union?\nA credit union is a not-for-profit, member-owned, financial cooperative that serves its members' needs. The earnings of credit unions are returned to its members in the form of lower loan rates and fewer fees. Credit unions do not have shareholders that are looking for a profit every year. Credit unions are formed from the seven cooperative principles that many cooperative still use today.\nOpen Your Account\nHistory\nFive Star’s history grew from the trees of Alabama and Georgia. We were founded in 1964 in Cedar Springs, GA, as the Cedar Springs Federal Credit Union and chartered to serve employees of the Great Southern Paper Company. Today Five Star serves 42 counties in Alabama and Georgia.\nRead Our History\nGeography\nOur 28 financial centers serve 42 counties in Alabama and Georgia. If you live, work, or worship in the following Alabama counties, you can join: Barbour, Coffee, Dale, Geneva, Henry, Houston, Pike, and Russell. If you live, work, or attend school in the following Georgia counties, you can join: Ben Hill, Bibb, Calhoun, Chattahoochee, Crisp, Decatur, Dodge, Dooly, Dougherty, Early, Glynn, Grady, Harris, Houston, Irwin, Lee, Macon, Miller, Mitchell, Monroe, Muscogee, Seminole, Stewart, Sumter, Talbot, Taylor, Telfair, Terrell, Tift, Turner, Webster, Wilcox, Worth, and Quitman.\nOpen Your Account\nFinancial Education Program\nFive Star partners with Banzai and Everfi, two well-respected financial education programs, to offer teachers, students, and adults free financial education tools. Banzai is offered in 27 schools. Adults have access to quick Everfi online courses that focus on different aspects of personal finance, from reducing debt to buying a home. The courses take less than 10 minutes.\nGet Started\nCareers\nFive Star is the perfect place to work when you want a fun, challenging, and passionate career. Five Star offers job opportunities in its Alabama and Georgia locations. The majority of internal hires are promotions. Five Star offers health benefits, 401k, career pathing, paid time off, and much more.\nFind Your Job\nBlog\nOn a regular basis, Five Star has a blog that offers its members free advice on how to handle their finances. You will find entries on how to manage your credit score, how to save for a home, how to manage a checking account, and many more. Stop in regularly to get free, expert advice.\nRead Our Blog\nNewsletters\nEach quarter, Five Star provides a member newsletter that keeps you up to date on Five Star news and great information to help you manage your finances. The newsletter is mailed, or emailed, with the Five Star statements each quarter. If you miss an issue, you can find them quickly on the app or here.\n2025\nFirst Quarter Newsletter\n2024\nFirst Quarter Newsletter\nSecond Quarter Newsletter\nThird Quarter Newsletter\nFourth Quarter Newsletter\nHoliday Schedule\nOur hard-working team needs to take an occasional break. Five Star offices are\nclosed on federal holidays\n, our Online Banking services, mobile app and ATMs are always available to serve you.\n2024\nDate\nHoliday\nJanuary 1\nNew Year's Day (Monday)\nJanuary 15\nMartin Luther King, Jr. Day\nFebruary 19\nPresidents Day\nMay 27\nMemorial Day\nJune 19\nJuneteenth National Independence Day\nJuly 4\nIndependence Day\nSeptember 2\nLabor Day\nOctober 14\nColumbus Day\nNovember 11\nVeteran's Day\nNovember 28\nThanksgiving\nDecember 25\nChristmas Day\nFive Star Credit Union is a full-service financial institution with\nlocations\nin Alabama and Georgia, serving members nationwide.\nBack to the top\nFacebook\nX (Twitter)\nYouTube\nLinkedIn\nConnect\nContact Us\nLocations & Hours\nResources\nRouting #261272046\nTruth in Savings\nSitemap\nLegal\nPrivacy Policy\nExcessive or Luxury Expenditures Policy\nElectronic Funds Transfer\nDisclaimer of Warranties\nFederal Financial Regulations D, Z, and E\n©\nFive Star Credit Union.",
    "http://fivestarcu.com/connect/our-blog": "Credit Union Blog | AL, GA Financial & Budget Tips | Five Star\nHome\nSkip to main content\nSkip to footer\nDownload Acrobat Reader 5.0 or higher to view .pdf files.\nFive Star Credit Union\nToggle navigation\nClose navigation\nSearch\nLogin\nLoans\nHome Mortgages\nApply for a Mortgage\nConsumer\nApply for a Loan\nManufactured Homes\nBusiness Loans\nAll Loans\nPersonal\nChecking\nPlatinum Visa Credit Card\nSavings\nOnline & Mobile Banking\nDirect Deposit\nDigital Wallet\nAll Personal Services\nBusiness\nBusiness Loans\nBusiness Solutions\nBusiness Visa Credit Card\nBusiness Checking\nBusiness Savings\nResources\nMember Benefits\nDeposit Rates\nFinancial Focus\nAccount Finder\nFinancial Calculators\nConnect\nContact Us\nLocations & Hours\nCareers\nAbout Five Star\nHistory\nOur Blog\nFive Star Foundation\nClose search dialog\nSearch Five Star\nEnter keywords\nStart Site Search\nQuick Links\nAuto Loans\nMortgage\nManufactured Home Loans\nShare Certificate Rates\nBusiness Loans\nBusiness Checking\nJobs at Five Star\nRouting Number\nClose login dialog\nSign Into Your Account\nEnter User ID\nSign In\nEnroll Now\nForgot Password?\nOur Blog\nFive Star Blog\nWe're here for you.\nThe Five Star blog is a resource to help our members succeed. The blog will have practical financial applications to apply to every part of the financial journey. Members can check back to see how to put together a simple budget so they know where their money is going each month. Other tips include how to easily put together a financial plan, improve your credit score, and how to purchase at the best time of the year to save the most money. By committing to reading the blog, our members can see real savings each month and be working toward financial freedom.\n07/05/2023\nThe Benefits of Goal-Based Financial Planning\n“Save and invest. Invest and save.” That’s been the rallying cry for the financially savvy since the rise of professional financial planning in America.\nRead the full \"Benefits\" article\n07/06/2023\nHow Credit Scores are Calculated\nIf you’ve applied for a car loan or a mortgage lately, you’ve probably heard someone mention your credit score.\nRead the full \"Credit Scores\" article\n07/07/2023\nHow to Create a Simple Budget\nIf you’re like most people, you work hard for your money. While much of that income goes toward meeting\nRead the full \"Budget\" article\n12/12/2024\nMoney Saving Tips at the Grocery Store\nHere's some advice from the experts on how to save on groceries right now.\nRead the full article\nbuild your credit score\nFive Star Platinum Visa\nA Five Star Platinum Visa card can help raise your credit score. Use it to pay bills, make purchases, and long-term purchases. The more you use it and pay it off each month, the higher you'll see your credit score.\nGet Your Card\nBlog Resources\nFive Star offers many opportunities to help you with your finances. The blog has good advice. Below are some calculators that can help you better manage your account, save, and see the costs for a loan.\nChecking Account Calculator\nThis calculator will help you mange your checking account like you would a checkbook. It will show all of the money coming in to your account and where it goes.\nCheckbook Calculator\nAuto Loan Calculator\nThis calculator helps to see how much you can afford with a new or used auto purchase. It helps with everything from a no money down, money down, or great rate purchase. Use this calculator to see how much you can afford.\nGet a New Auto Calculator\nBudget Calculator\nStaying on a budget is a great way to control your money and see where it's going each month. This calculator will take the hard work out and help you start to save real money each month.\nBudget Calculator\nMortgage Calculator\nKnowing how much home we can afford is sometimes the hardest part of house hunting. The Five Star Mortgage calculator will answer many of those questions. It's a good resource to use before you begin your house search.\nMortgage Calculator\nRent or Buy Calculator\nWhen thinking about purchasing a new home, it can be difficult to know the best time to buy. There are so many factors that go into a mortgage. The Five Star Rent or Buy calculator will help answer many of your questions.\nRent or Buy?\nSavings Calculator\nSometimes the hardest step to saving money is the actual first month of putting money away. Every little bit adds up over time. The Five Star Savings calculator puts all of your income and bills in perspective to show you where there is room to save.\nSavings Calculator\nQuick Financial Education\nTake a Five Minute Course\nFive Star offers free online financial education that will help you understand how to  manage your account, the steps needed to purchase a new home or auto, and save for retirement. Once you get started you can make your own playlist.\nStart Your Course\nPut Your Money to Work\nStart Saving for Fun Things\nNow that you are thinking about saving and watching your money grow, check out our great rates to begin saving for the fun things in life like a dream vacation.\nGet a Great Rate\nBack to the top\nFacebook\nX (Twitter)\nYouTube\nLinkedIn\nConnect\nContact Us\nLocations & Hours\nResources\nRouting #261272046\nTruth in Savings\nSitemap\nLegal\nPrivacy Policy\nExcessive or Luxury Expenditures Policy\nElectronic Funds Transfer\nDisclaimer of Warranties\nFederal Financial Regulations D, Z, and E\n©\nFive Star Credit Union.",
    "http://fivestarcu.com/loans/mortgage-team": "Mortgage Team | AL & GA Home Loan | Mortgage Lenders | Five Star\nHome\nSkip to main content\nSkip to footer\nDownload Acrobat Reader 5.0 or higher to view .pdf files.\nFive Star Credit Union\nToggle navigation\nClose navigation\nSearch\nLogin\nLoans\nHome Mortgages\nApply for a Mortgage\nConsumer\nApply for a Loan\nManufactured Homes\nBusiness Loans\nAll Loans\nPersonal\nChecking\nPlatinum Visa Credit Card\nSavings\nOnline & Mobile Banking\nDirect Deposit\nDigital Wallet\nAll Personal Services\nBusiness\nBusiness Loans\nBusiness Solutions\nBusiness Visa Credit Card\nBusiness Checking\nBusiness Savings\nResources\nMember Benefits\nDeposit Rates\nFinancial Focus\nAccount Finder\nFinancial Calculators\nConnect\nContact Us\nLocations & Hours\nCareers\nAbout Five Star\nHistory\nOur Blog\nFive Star Foundation\nClose search dialog\nSearch Five Star\nEnter keywords\nStart Site Search\nQuick Links\nAuto Loans\nMortgage\nManufactured Home Loans\nShare Certificate Rates\nBusiness Loans\nBusiness Checking\nJobs at Five Star\nRouting Number\nClose login dialog\nSign Into Your Account\nEnter User ID\nSign In\nEnroll Now\nForgot Password?\nMortgage Team\nMeet The Team\nCandice White\nS\nr. Loan Originator\nNMLS # 512185\nContact Candice\nSherry Skipper\nLoan Originator\nNMLS # 2014773\nContact Sherry\nKarla Fiveash\nLoan Originator\nNMLS #998132\nContact Karla\nBeth Combs\nLoan Originator\nNMLS #679604\nContact Beth\nBack to the top\nFacebook\nX (Twitter)\nYouTube\nLinkedIn\nConnect\nContact Us\nLocations & Hours\nResources\nRouting #261272046\nTruth in Savings\nSitemap\nLegal\nPrivacy Policy\nExcessive or Luxury Expenditures Policy\nElectronic Funds Transfer\nDisclaimer of Warranties\nFederal Financial Regulations D, Z, and E\n©\nFive Star Credit Union.\nCandice White\nS\nr. Loan Originator\nNMLS # 512185\nEmail:\nwhiteca@fivestarcu.com\nPhone: (888) 619-1711 ext. 1133\nCell: (334) 648-1018\nFax: (334) 836-2043\nSherry Skipper\nLoan Originator\nNMLS # 2014773\nEmail:\nskippers@fivestarcu.com\nPhone: (888) 619-1711 ext. 1167\nCell: (334) 798-2258\nFax: (334) 836-2043\nChance Giddens\nLoan Originator\nNMLS #2079306\nEmail:\ngiddensc@fivestarcu.com\nPhone: (888) 619-1711 ext. 1167\nCell: (229) 425-0022\nFax: (334) 836-2043\nKarla Fiveash\nLoan Originator\nNMLS #998132\nEmail:\nfiveashk@fivestarcu.com\nPhone: (888) 619-1711 ext. 1167\nCell: (229) 326-6876\nFax: (334) 836-2043\nBeth Combs\nLoan Originator\nNMLS #679604\nEmail:\ncombsb@fivestarcu.com\nPhone: (888) 619-1711 ext. 1167\nCell: (478) 960-4317\nFax: (334) 836-2043",
    "http://fivestarcu.com/loans/manufactured-lending-team": "Manufactured Lending Team | AL & GA Home Loans | Five Star CU\nHome\nSkip to main content\nSkip to footer\nDownload Acrobat Reader 5.0 or higher to view .pdf files.\nFive Star Credit Union\nToggle navigation\nClose navigation\nSearch\nLogin\nLoans\nHome Mortgages\nApply for a Mortgage\nConsumer\nApply for a Loan\nManufactured Homes\nBusiness Loans\nAll Loans\nPersonal\nChecking\nPlatinum Visa Credit Card\nSavings\nOnline & Mobile Banking\nDirect Deposit\nDigital Wallet\nAll Personal Services\nBusiness\nBusiness Loans\nBusiness Solutions\nBusiness Visa Credit Card\nBusiness Checking\nBusiness Savings\nResources\nMember Benefits\nDeposit Rates\nFinancial Focus\nAccount Finder\nFinancial Calculators\nConnect\nContact Us\nLocations & Hours\nCareers\nAbout Five Star\nHistory\nOur Blog\nFive Star Foundation\nClose search dialog\nSearch Five Star\nEnter keywords\nStart Site Search\nQuick Links\nAuto Loans\nMortgage\nManufactured Home Loans\nShare Certificate Rates\nBusiness Loans\nBusiness Checking\nJobs at Five Star\nRouting Number\nClose login dialog\nSign Into Your Account\nEnter User ID\nSign In\nEnroll Now\nForgot Password?\nManufactured Lending Team\nMeet Our Team\nKindra Trawick - Loan Originator\nNMLS #2472108\nEmail: trawickk@fivestarcu.com\nPhone: (888) 619-1711 ext. 1188\nFax: (334) 686-1751\nMike Nagy - Lending Manager\nNMLS #1970158\nEmail: nagym@fivestarcu.com\nPhone: (888) 619-1711 ext. 1163\nFax: (334) 686-1751\nBack to the top\nFacebook\nX (Twitter)\nYouTube\nLinkedIn\nConnect\nContact Us\nLocations & Hours\nResources\nRouting #261272046\nTruth in Savings\nSitemap\nLegal\nPrivacy Policy\nExcessive or Luxury Expenditures Policy\nElectronic Funds Transfer\nDisclaimer of Warranties\nFederal Financial Regulations D, Z, and E\n©\nFive Star Credit Union."
  },
  "doc_id": "cd7f3861-7530-5ca7-b32e-d40e3ad3864b"
}