{
  "url": "http://fullscoperms.com",
  "timestamp": 1734716155.4877603,
  "text_by_page_url": {
    "http://fullscoperms.com/en/newsroom/": "Newsroom | Fullscope RMS\nSkip to content\nSkip to footer\nNewsroom\nCareers\nContact us\nProducts and Services\nProducts and services\nProducts and services\nAbsence Management\nGroup Disability and Life\nStop-Loss Insurance\nSupplemental Health\nAbout us\nEvents and insights\nSkip to content\nSkip to footer\nNavigation Menu\nAbout Us\nProducts and services\nBack\nProducts and services\nProducts and services\nAbsence Management\nGroup Disability and Life\nStop-Loss Insurance\nSupplemental Health\nEvents and insights\nNewsroom\nBack\nNewsroom\nNewsroom\nNews releases\nCareers\nContact us\nPrivacy\nLegal\nSecurity\nMOVEit cyber incident - FullscopeRMS\nNewsroom\nMedia contact\nDevon Fernald\ndevon.portney.fernald@sunlife.com\nNotices\nMOVEit cyber incident\nNews releases\nJune 28, 2021\nFullscopeRMS appoints Ryan Bohrer to lead expanded Supplemental Health business\nJune 28, 2021\nSun Life donates $825,000 to the Foundation for Black Communities\nDecember 15, 2020\nSun Life and Portland Foreside break ground on new Portland waterfront development\nMarch 09, 2020\nFullscopeRMS enhances employer stop-loss offering for health plan administrators\nDecember 16, 2019\nFullscopeRMS launches integrated absence management solution for industry partners\nAll news releases\nStreet address\nFullscopeRMS\n110 Thames St.\nPortland, ME 04101\nMailing address\nFullscopeRMS\nP.O. Box 9757\nPortland, ME 04104\nLegal\nPrivacy\nSecurity",
    "http://fullscoperms.com/en/contact-us/": "Contact us | Fullscope RMS\nSkip to content\nSkip to footer\nNewsroom\nCareers\nContact us\nProducts and Services\nProducts and services\nProducts and services\nAbsence Management\nGroup Disability and Life\nStop-Loss Insurance\nSupplemental Health\nAbout us\nEvents and insights\nSkip to content\nSkip to footer\nNavigation Menu\nAbout Us\nProducts and services\nBack\nProducts and services\nProducts and services\nAbsence Management\nGroup Disability and Life\nStop-Loss Insurance\nSupplemental Health\nEvents and insights\nNewsroom\nBack\nNewsroom\nNewsroom\nNews releases\nCareers\nContact us\nPrivacy\nLegal\nSecurity\nMOVEit cyber incident - FullscopeRMS\nContact us\n*All fields are required\nAlternate Phone Number*\nAlternate Email*\nFirst Name\nLast Name\nEmail\nPhone\nCompany\nMessage\nSubmit\nMedia contact\nDevon Fernald\nEmail\nStreet address\nFullscopeRMS\n110 Thames St.\nPortland, ME 04101\nMailing address\nFullscopeRMS\nP.O. Box 9757\nPortland, ME 04104\nStreet address\nFullscopeRMS\n110 Thames St.\nPortland, ME 04101\nMailing address\nFullscopeRMS\nP.O. Box 9757\nPortland, ME 04104\nLegal\nPrivacy\nSecurity",
    "http://fullscoperms.com/en/products-and-services/": "Products and services | Fullscope RMS\nSkip to content\nSkip to footer\nNewsroom\nCareers\nContact us\nProducts and Services\nProducts and services\nProducts and services\nAbsence Management\nGroup Disability and Life\nStop-Loss Insurance\nSupplemental Health\nAbout us\nEvents and insights\nSkip to content\nSkip to footer\nNavigation Menu\nAbout Us\nProducts and services\nBack\nProducts and services\nProducts and services\nAbsence Management\nGroup Disability and Life\nStop-Loss Insurance\nSupplemental Health\nEvents and insights\nNewsroom\nBack\nNewsroom\nNewsroom\nNews releases\nCareers\nContact us\nPrivacy\nLegal\nSecurity\nMOVEit cyber incident - FullscopeRMS\nProducts and services\nGroup Disability and Life\nWe have extensive expertise in managing a full spectrum of group disability and group life insurance products. Our customized solutions for claims management, underwriting, actuarial and policy administration can be implemented as part of an administrative service or consulting agreement.\nGroup Disability and Life\nAbsence Management\nWe offer a flexible portfolio of solutions to help your clients handle every aspect of absence management. The advantages of our integrated process include high-touch service for clients, absence technology that aids in compliance. Our experienced, knowledgeable case specialists and in-house medical, vocational, and compliance experts ensure the correct outcomes.\nAbsence Management\nMedical Stop-Loss\nPartner with us to bring your new stop-loss products to market or enhance and grow your current offerings. We design traditional stop-loss and level-funded products tailored to meet your needs in your market.\nMedical Stop-Loss\nSupplemental Health\nWe offer accident, critical illness and hospital indemnity solutions. We will guide our partners on best practices in distribution strategy, and we share risk for long-term success. Our partnership provides all the capabilities to compete with traditional competitors and national health plans.\nSupplemental Health\nStreet address\nFullscopeRMS\n110 Thames St.\nPortland, ME 04101\nMailing address\nFullscopeRMS\nP.O. Box 9757\nPortland, ME 04104\nLegal\nPrivacy\nSecurity",
    "http://fullscoperms.com/en/products-and-services/absence-management/": "Absence Management\nSkip to content\nSkip to footer\nNewsroom\nCareers\nContact us\nProducts and Services\nProducts and services\nProducts and services\nAbsence Management\nGroup Disability and Life\nStop-Loss Insurance\nSupplemental Health\nAbout us\nEvents and insights\nSkip to content\nSkip to footer\nNavigation Menu\nAbout Us\nProducts and services\nBack\nProducts and services\nProducts and services\nAbsence Management\nGroup Disability and Life\nStop-Loss Insurance\nSupplemental Health\nEvents and insights\nNewsroom\nBack\nNewsroom\nNewsroom\nNews releases\nCareers\nContact us\nPrivacy\nLegal\nSecurity\nMOVEit cyber incident - FullscopeRMS\nAbsence Management\nWe offer a flexible portfolio of solutions to help your clients handle every aspect of absence management\nThe advantages of our integrated process include high-touch service for clients, absence technology that aids in compliance. Our experienced, knowledgeable case specialists and in-house medical, vocational, and compliance experts ensure the correct outcomes.\nPortfolio of solutions\nWe offer a flexible portfolio of solutions to help your clients handle every aspect of absence management, including:\nFMLA\nSTD & LTD\nPFL/PFML\nCompany Leaves\nState Leaves\nADAAA\nStay at Work\nCheck-cutting and Advice to Pay options\nOur integrated process\nIntegrated intake for Leave and STD\nCustomized integrated communication, email, reporting\nOnline access via Portal to intake, status, reporting\nIntegrated medical certification, telephonic outreach to provider\nSingle Case Specialist handling all leaves and STD\nCount on our expertise to serve your clients\nFullscopeRMS provides everything you need for flexible and full-service absence management services.\nHigh touch service for clients\nCase Specialist contacts employee within 2 business days to provide next steps and their direct extension\nWe approve claims within 3 days once information is provided by health care provider\nWe explain the decision to employee over the phone and in writing\nOur appropriate caseloads allow Case Specialists ample time to provide needed support\nAbsence technology aids in Compliance\nAutomated identification of applicable leave types\nOnline self-service portal available 24 hours including via mobile device\nAutomated emails and texting with claim status\nRobust, flexible, real time integrated reporting capabilities\nOne click access to Federal and State regulations\nSystem alerts when intermittent leave is outside of approved frequency & duration\nExpertise ensures correct outcomes\nExperienced, knowledgeable Case Specialists\nIn-house medical, vocational, and compliance experts\nImplementation guidance and support to build eligibility file, provide history and takeover data, understand leave preferences, provide best practices, identify customization needs, and provide leave process and Portal training\nOngoing account support and proactive claims management\nStreet address\nFullscopeRMS\n110 Thames St.\nPortland, ME 04101\nMailing address\nFullscopeRMS\nP.O. Box 9757\nPortland, ME 04104\nLegal\nPrivacy\nSecurity",
    "http://fullscoperms.com/en/products-and-services/disability-insurance/": "Group Disability and Life\nSkip to content\nSkip to footer\nNewsroom\nCareers\nContact us\nProducts and Services\nProducts and services\nProducts and services\nAbsence Management\nGroup Disability and Life\nStop-Loss Insurance\nSupplemental Health\nAbout us\nEvents and insights\nSkip to content\nSkip to footer\nNavigation Menu\nAbout Us\nProducts and services\nBack\nProducts and services\nProducts and services\nAbsence Management\nGroup Disability and Life\nStop-Loss Insurance\nSupplemental Health\nEvents and insights\nNewsroom\nBack\nNewsroom\nNewsroom\nNews releases\nCareers\nContact us\nPrivacy\nLegal\nSecurity\nMOVEit cyber incident - FullscopeRMS\nGroup Disability and Life\nWe’ve been providing group life and disability solutions since 1993\nWe started as Disability RMS almost 30 years ago. Today, with over $350 million in premium and over 40,000 claims under management, you can use our expertise to help you meet your goals. We have extensive expertise in managing a full spectrum of group disability and group life insurance products.\nWe offer customized solutions for claims management, underwriting, actuarial and policy administration.\nUnderwriting\nWe provide underwriting services for short-term disability and long-term disability on either a traditional or voluntary basis. Our services include:\nPricing and underwriting assistance\nCase trend analysis\nMulti-product guidelines\nSegment analysis\nIndustry assessment tools\nPerformance measures\nFacultative pricing options\nClaims\nOur claims management team includes experienced managed disability analysts and on-site physicians and nurses. Our integrated claims management systems and approach ensure a seamless claims process from STD to LTD. Our claims services are tailored to your needs and include:\nFull third-party administration services\nOrganizational assessment\nClaims systems assessment\nVendor network\nBlock segmentation and analysis\nActuarial\nCombined with our flexibility and creativity, we calculate rates that are financially sound and competitive. Our reinsurance pools allow us to collect invaluable pricing and product data — more information than you could gather on your own. Our full-service package keeps your needs at the forefront:\nReserve calculations\nCash flow projections\nRate filings\nBlock analysis\nContractual state filing\nRate development and analysis\nCompliance\nYou can trust us to help you comply with the complex, ever-changing regulations in the marketplace. Our experienced compliance team will work with you to file a product tailored to your needs. Services provided include:\nRegulatory support\nFiling assistance\nProduct impact assessment\nCustomized contract drafting\nPolicy updating\nProduct research\nContract comparison\nCompliance\nYou can trust us to help you comply with the complex, ever-changing regulations in the marketplace. Our experienced compliance team will work with you to file a product tailored to your needs. Services provided include:\nRegulatory support\nFiling assistance\nProduct impact assessment\nCustomized contract drafting\nPolicy updating\nProduct research\nContract comparison\nStreet address\nFullscopeRMS\n110 Thames St.\nPortland, ME 04101\nMailing address\nFullscopeRMS\nP.O. Box 9757\nPortland, ME 04104\nLegal\nPrivacy\nSecurity",
    "http://fullscoperms.com/en/products-and-services/stop-loss-insurance/": "Stop-Loss Insurance | FullscopeRMS\nSkip to content\nSkip to footer\nNewsroom\nCareers\nContact us\nProducts and Services\nProducts and services\nProducts and services\nAbsence Management\nGroup Disability and Life\nStop-Loss Insurance\nSupplemental Health\nAbout us\nEvents and insights\nSkip to content\nSkip to footer\nNavigation Menu\nAbout Us\nProducts and services\nBack\nProducts and services\nProducts and services\nAbsence Management\nGroup Disability and Life\nStop-Loss Insurance\nSupplemental Health\nEvents and insights\nNewsroom\nBack\nNewsroom\nNewsroom\nNews releases\nCareers\nContact us\nPrivacy\nLegal\nSecurity\nMOVEit cyber incident - FullscopeRMS\nMedical Stop-Loss\nPartner with us to bring your new stop-loss products to market or enhance and grow your current offerings\nWe design traditional stop-loss and level-funded products tailored to meet your needs in your market. Built on a solid platform designed for growth, our solutions offer you:\nScope\nWe offer a full range of services, including product filing, compliance, pricing, underwriting, claims management, and distribution and marketing support.\nExpertise\nOur management and our parent company have decades of experience in serving the group market. We provide deep knowledge, expert talent and the specialized systems required to offer to employers.\nPartnership\nWe offer a true partnership quota-share arrangement with our partners, which helps to align incentives for both entities.\nInsightful data\nWe can leverage data and insights from our parent company while maintaining rigorous protocols to wall off your sensitive information.\nScale and financial strength\nWe have the scale to write and manage risk directly since our parent is a large, diversified, highly rated insurer.\nHow it works\nFullscopeRMS partners with health plans and insurance carriers, providing behind-the-scenes expertise from prelaunch to ongoing support.\nBetter partnership through our quota-share arrangement\nFewer entities involved\nLess coordination and lower expenses\nAligned incentives with two companies sharing in all the risk\nStreet address\nFullscopeRMS\n110 Thames St.\nPortland, ME 04101\nMailing address\nFullscopeRMS\nP.O. Box 9757\nPortland, ME 04104\nLegal\nPrivacy\nSecurity",
    "http://fullscoperms.com/en/products-and-services/supplemental-health/": "Supplemental Health | FullscopeRMS\nSkip to content\nSkip to footer\nNewsroom\nCareers\nContact us\nProducts and Services\nProducts and services\nProducts and services\nAbsence Management\nGroup Disability and Life\nStop-Loss Insurance\nSupplemental Health\nAbout us\nEvents and insights\nSkip to content\nSkip to footer\nNavigation Menu\nAbout Us\nProducts and services\nBack\nProducts and services\nProducts and services\nAbsence Management\nGroup Disability and Life\nStop-Loss Insurance\nSupplemental Health\nEvents and insights\nNewsroom\nBack\nNewsroom\nNewsroom\nNews releases\nCareers\nContact us\nPrivacy\nLegal\nSecurity\nMOVEit cyber incident - FullscopeRMS\nSupplemental Health\nWe offer accident, critical illness and hospital indemnity solutions.\nOur deep experience with all aspects of launching a successful supplemental health business allows us to provide a full suite of services from product, pricing, and underwriting to enrollment. We will guide our partners on best practices in distribution strategy, and we share risk for long-term success. Our partnership provides all the capabilities to compete with traditional competitors and national health plans.\nWe have\ndeep experience\nin what is required to gain traction with Supplemental Health products\nA\nfull suite of services\nfrom pricing and underwriting to enrollment and distribution strategy\nWe\nshare risk\nfor long-term success with our carrier partners\nThe tools you need for success\nCount on us to provide everything you need for a successful supplemental health plan offering, including distribution expertise, enrollment resources, and an administration platform.\nStreet address\nFullscopeRMS\n110 Thames St.\nPortland, ME 04101\nMailing address\nFullscopeRMS\nP.O. Box 9757\nPortland, ME 04104\nLegal\nPrivacy\nSecurity",
    "http://fullscoperms.com/en/about-us/": "About Us\nSkip to content\nSkip to footer\nNewsroom\nCareers\nContact us\nProducts and Services\nProducts and services\nProducts and services\nAbsence Management\nGroup Disability and Life\nStop-Loss Insurance\nSupplemental Health\nAbout us\nEvents and insights\nSkip to content\nSkip to footer\nNavigation Menu\nAbout Us\nProducts and services\nBack\nProducts and services\nProducts and services\nAbsence Management\nGroup Disability and Life\nStop-Loss Insurance\nSupplemental Health\nEvents and insights\nNewsroom\nBack\nNewsroom\nNewsroom\nNews releases\nCareers\nContact us\nPrivacy\nLegal\nSecurity\nMOVEit cyber incident - FullscopeRMS\nAbout Us\nOur core values: A trusted partner\nWe offer a full scope of risk management solutions, serving a diverse mix of 20+ clients who trust us to protect their brand, including four Fortune 500 companies and five of the top 30 disability & life carriers in the U.S.\nExpertise\nOur employees have the specialized product knowledge and service skills required to succeed in today's complex risk protection market. The cohesiveness, experience and dedication of our team enables us to provide the highest levels of service and innovation in the industry.\nPerformance\nWe take a collaborative approach to designing solutions that will reach your goals for sales and profitability.\nBrand protection\nWe protect your brand and treat it as if it is our own, through our commitment to service and the highest ethical standards.\nStreet address\nFullscopeRMS\n110 Thames St.\nPortland, ME 04101\nMailing address\nFullscopeRMS\nP.O. Box 9757\nPortland, ME 04104\nLegal\nPrivacy\nSecurity",
    "http://fullscoperms.com/en/events-and-insights/": "Events and insights | Fullscope RMS\nSkip to content\nSkip to footer\nNewsroom\nCareers\nContact us\nProducts and Services\nProducts and services\nProducts and services\nAbsence Management\nGroup Disability and Life\nStop-Loss Insurance\nSupplemental Health\nAbout us\nEvents and insights\nSkip to content\nSkip to footer\nNavigation Menu\nAbout Us\nProducts and services\nBack\nProducts and services\nProducts and services\nAbsence Management\nGroup Disability and Life\nStop-Loss Insurance\nSupplemental Health\nEvents and insights\nNewsroom\nBack\nNewsroom\nNewsroom\nNews releases\nCareers\nContact us\nPrivacy\nLegal\nSecurity\nMOVEit cyber incident - FullscopeRMS\nEvents and insights\nFilter content by type:\nPick a category\nAll\nVideo\nReport\nSort results by:\nPublish date\nTitle\nSorry, no results were found.\nSearch suggestions:\nCheck your spelling.\nTry narrowing your results by selecting the content type using the select menu to the left of the search box.\nReport\nState of the States\nPaid family and medical leave (PFML) overview\nNovember 2024\nReport\nState of the States\nPFML overview for Q3 2024\nSeptember 2024\nReport\nState of the States\nPaid family and medical leave (PFML) overview\nMay 2024\nReport\nState of the States\nPaid family and medical leave (PFML) overview\nFebruary 2024\nReport\nState of the States\nOur final PFML overview of 2023\nNovember 2023\n53:42\nWebinar\nNovember 20223 Legislative Update\nJames Slotnick, VP, Government Relations & Sustainability, Sun Life U.S.,\ncovers the latest state and federal regulations that are affecting group benefits products, the likely legislative trends going forward, as well as a preview of the 2024 elections and what that can mean for our industry\nNovember 2023\nReport\nState of the States\nMaine added to our Q3 2023 PFML overview\nOctober 2023\nReport\nState of the States\nMinnesota added to our Q2 2023 PFML overview\nAugust 2023\nReport\nState of the States\nDE and VT added to our Q1 2023 PFML overview\nApril 2023\n49:49\nWebinar\nLevel-Funding Overview The Basics and Keys to Success\nDavid Stefanski, AVP, Stop-Loss Risk Management Solutions, and Jeremy Benson, AVP, Financial Planning & Analysis, Health and Risk Solutions, discuss the important considerations for designing a level-funded stop-loss product with a focus on setting up clients for success.\nMarch 2023\nReport\nState of the States\nOver one-quarter of U.S. states have enacted statutory disability or PFML programs. Many of these programs are already in place while others will be rolled out over the next few years.\nJanuary 2023\n53:05\nWebinar\nTop Trends in Group Ancillary Benefits: What you need to know in a post-pandemic world\nThe latest trends across our industry as carriers adapt to the pandemic.\nNovember 2022\nReport\nState of the States\nOur overview of state-mandated disability insurance and paid family leave programs (PFML). Updated quarterly.\nSeptember 2022\n1:03:13\nWebinar\n2022 High-cost claims and injectable drug trends analysis\nEvery year, our parent company--Sun Life-- produces an annual report on high cost claims. In this webinar, our colleagues will discuss the latest findings, including the top claim conditions, million-dollar claims, injectable drugs, and trends we are seeing since the COVID-19 pandemic began.\nWebinar:\nSlide deck\nWhitepaper:\nResearch report\nJuly 2022\n46:41\nWebinar\nThe Long Haul of COVID: Trends, lessons and predictions\nA discussion with our claims and actuarial experts who will talk about what we have seen at FullscopeRMS in terms of statistical trends, case studies and thoughts on where we are headed.\nMarch 2022\nReport\n2021 Report on COVID-related claims\nAs a leading provider of turn-key disability products, FullscopeRMS has the unique opportunity to aggregate claims data across many companies, with a wide diversity of demographics, geographic locations, and industries. We put together this report on our findings on COVID-related claims, to help our partners better understand current trends.\nDecember 2021\n57:00\nWebinar\nEverything else that happened in healthcare when we were focused on the pandemic\nIn this dynamic session, Usama Fayyad, Executive Director of the Institute for Experiential Artificial Intelligence at Northeastern University, explores the future of artificial intelligence and data in the insurance industry. Topics include how successful organizations make data work as an enterprise asset, why machine learning is so dependent on data, and where humans fit into the AI story.\nNovember 2021\n52:00\nWebinar\nEverything else that happened in healthcare when we were focused on the pandemic\nSam Glick, Partner, Life and Health Sciences, Oliver Wyman leads this thought-provoking session and talks about important health care trends that we may not be paying attention to during the COVID-19 pandemic.\nMay 2021\n58:00\nWebinar\nKeys to Success in the Level-Funded Market\nRenee Shiller, Head of Stop-Loss, and Wendolyn Broadrick, Director, Stop-Loss Pricing & Underwriting discuss the important considerations for designing a level-funded stop-loss product with a focus on setting up clients for success.\nMarch 2021\n56:00\nWebinar\nThe Biden Administration's Impact On The Employee Benefits Industry\nJames Slotnick, Assistant Vice President of Government Relations at Sun Life, held an in-depth conversation about the priorities of the Biden administration and how those could affect employee benefits..\nJanuary 2021\nModal body..\nModal body..\nStreet address\nFullscopeRMS\n110 Thames St.\nPortland, ME 04101\nMailing address\nFullscopeRMS\nP.O. Box 9757\nPortland, ME 04104\nLegal\nPrivacy\nSecurity",
    "http://fullscoperms.com/en/newsroom/news-releases/": "News releases | Fullscope RMS\nSkip to content\nSkip to footer\nNewsroom\nCareers\nContact us\nProducts and Services\nProducts and services\nProducts and services\nAbsence Management\nGroup Disability and Life\nStop-Loss Insurance\nSupplemental Health\nAbout us\nEvents and insights\nSkip to content\nSkip to footer\nNavigation Menu\nAbout Us\nProducts and services\nBack\nProducts and services\nProducts and services\nAbsence Management\nGroup Disability and Life\nStop-Loss Insurance\nSupplemental Health\nEvents and insights\nNewsroom\nBack\nNewsroom\nNewsroom\nNews releases\nCareers\nContact us\nPrivacy\nLegal\nSecurity\nMOVEit cyber incident - FullscopeRMS\nNews releases\n2021\n2020\n2019\n2021\nJune 28, 2021\nFullscopeRMS appoints Ryan Bohrer to lead expanded Supplemental Health business\nSOUTH PORTLAND, Maine. (June 28, 2021) – FullscopeRMS announced today that it has appointed Ryan Bohrer as head of Supplemental Health, overseeing the company’s newly expanded portfolio that...\nJune 28, 2021\nSun Life donates $825,000 to the Foundation for Black Communities\nSun Life is announcing an $825,000 donation, over three years, to the Foundation for Black Communities. This funding will support Black-led non-profit and charitable organizations serving Black...\n2020\n2019\nMedia contact\nDevon Fernald\nEmail\nStreet address\nFullscopeRMS\n110 Thames St.\nPortland, ME 04101\nMailing address\nFullscopeRMS\nP.O. Box 9757\nPortland, ME 04104\nStreet address\nFullscopeRMS\n110 Thames St.\nPortland, ME 04101\nMailing address\nFullscopeRMS\nP.O. Box 9757\nPortland, ME 04104\nLegal\nPrivacy\nSecurity",
    "http://fullscoperms.com/en/careers/": "Careers | Fullscope RMS\nSkip to content\nSkip to footer\nNewsroom\nCareers\nContact us\nProducts and Services\nProducts and services\nProducts and services\nAbsence Management\nGroup Disability and Life\nStop-Loss Insurance\nSupplemental Health\nAbout us\nEvents and insights\nSkip to content\nSkip to footer\nNavigation Menu\nAbout Us\nProducts and services\nBack\nProducts and services\nProducts and services\nAbsence Management\nGroup Disability and Life\nStop-Loss Insurance\nSupplemental Health\nEvents and insights\nNewsroom\nBack\nNewsroom\nNewsroom\nNews releases\nCareers\nContact us\nPrivacy\nLegal\nSecurity\nMOVEit cyber incident - FullscopeRMS\nCareers\nGrow with us!\nJoing our talented, diverse workforce and launch a rewarding career. Whether you're a student, a recent graduate, or an experienced professional seeking a brighter opportunity. Fullscope RMS will support you with the tools to excel.\nOur benefits\nOur benefits\nOur benefits\nFraud alert: Job scams\nStreet address\nFullscopeRMS\n110 Thames St.\nPortland, ME 04101\nMailing address\nFullscopeRMS\nP.O. Box 9757\nPortland, ME 04104\nLegal\nPrivacy\nSecurity",
    "http://fullscoperms.com/en/newsroom/news-releases/announcement/fullscoperms-appoints-ryan-bohrer-to-lead-expanded-supplemental-health-business/123570/": "Announcement\nSkip to content\nSkip to footer\nNewsroom\nCareers\nContact us\nProducts and Services\nProducts and services\nProducts and services\nAbsence Management\nGroup Disability and Life\nStop-Loss Insurance\nSupplemental Health\nAbout us\nEvents and insights\nSkip to content\nSkip to footer\nNavigation Menu\nAbout Us\nProducts and services\nBack\nProducts and services\nProducts and services\nAbsence Management\nGroup Disability and Life\nStop-Loss Insurance\nSupplemental Health\nEvents and insights\nNewsroom\nBack\nNewsroom\nNewsroom\nNews releases\nCareers\nContact us\nPrivacy\nLegal\nSecurity\nMOVEit cyber incident - FullscopeRMS\nNews\nJune 28, 2021\nFullscopeRMS appoints Ryan Bohrer to lead expanded Supplemental Health business\nSOUTH PORTLAND, Maine. (June 28, 2021) – FullscopeRMS\nannounced today that it has appointed Ryan Bohrer as head of Supplemental Health, overseeing the company’s newly expanded portfolio that includes critical illness, accident, and hospital indemnity products. FullscopeRMS provides turnkey reinsurance products and solutions to insurance providers, offering disability, absence management, stop-loss, and supplemental health, which helps people cover health insurance deductibles and other out-of-pocket expenses.\n“We are thrilled to welcome Ryan to the FullscopeRMS team, where his leadership and expertise will help strategically grow our supplemental health offerings,” said Scott Beliveau, president, FullscopeRMS. “Ryan’s experience with voluntary benefits brings effective insights and management to our newly expanded portfolio, which will help insurance providers and members complement health benefits to protect their finances.”\nBohrer will be responsible for driving growth, directing development of client-facing administration capabilities, and developing risk-management practices and strategies for FullscopeRMS’s supplemental health offerings. He started his career with Assurant Employee Benefits (AEB) and joined Sun Life when the company acquired AEB in 2016. Since then he has overseen supplemental health pricing for Sun Life’s group benefits business and has been a key contributor on the voluntary leadership team. He transitioned to FullscopeRMS in June 2021.\n“I am looking forward to bringing my product and pricing expertise to FullscopeRMS, where we help insurers develop and offer meaningful products and services for their clients,” said Bohrer. “Interest in supplemental health and voluntary benefits is growing rapidly, and FullscopeRMS’s expertise in product design and execution supports a thriving market.”\nBohrer has over 15 years of experience in group pricing across multiple product lines. He holds a Bachelor of Science in statistics and business administration from the University of Missouri-Columbia, and is a Fellow of the Society of Actuaries.\nAbout FullscopeRMS\nFullscopeRMS delivers risk management expertise, performance and brand protection to partners in the insurance industry by helping them bring new products to market and expanding their current business. FullscopeRMS provides its clients – including 25+ insurance carriers and health plans –with the deep knowledge, expert talent and the specialized systems required to offer full disability, absence management, life, stop-loss, and supplemental health to employers. For more information, please visit\nhttp://www.fullscoperms.com\n.\nFullscopeRMS is a standalone company in the Sun Life U.S. group of businesses.\nMedia contact:\nDevon Fernald\nFullscopeRMS\n781-416-7151\nDevon.portney.fernald@sunlife.com\nMedia contact\nDevon Fernald\nEmail\nStreet address\nFullscopeRMS\n110 Thames St.\nPortland, ME 04101\nMailing address\nFullscopeRMS\nP.O. Box 9757\nPortland, ME 04104\nStreet address\nFullscopeRMS\n110 Thames St.\nPortland, ME 04101\nMailing address\nFullscopeRMS\nP.O. Box 9757\nPortland, ME 04104\nLegal\nPrivacy\nSecurity",
    "http://fullscoperms.com/en/newsroom/news-releases/announcement/sun-life-donates-825000-to-the-foundation-for-black-communities/123548/": "Announcement\nSkip to content\nSkip to footer\nNewsroom\nCareers\nContact us\nProducts and Services\nProducts and services\nProducts and services\nAbsence Management\nGroup Disability and Life\nStop-Loss Insurance\nSupplemental Health\nAbout us\nEvents and insights\nSkip to content\nSkip to footer\nNavigation Menu\nAbout Us\nProducts and services\nBack\nProducts and services\nProducts and services\nAbsence Management\nGroup Disability and Life\nStop-Loss Insurance\nSupplemental Health\nEvents and insights\nNewsroom\nBack\nNewsroom\nNewsroom\nNews releases\nCareers\nContact us\nPrivacy\nLegal\nSecurity\nMOVEit cyber incident - FullscopeRMS\nNews\nJune 28, 2021\nSun Life donates $825,000 to the Foundation for Black Communities\nFunding to support mental health and physical activity programs\nTORONTO, June 28, 2021 /CNW/ - Sun Life is announcing an $825,000 donation, over three years, to the Foundation for Black Communities. This funding will support Black-led non-profit and charitable organizations serving Black communities across Canada. Many of these community-based organizations face barriers to funding because they are not registered charities.\nSun Life's donation aligns to these priority initiatives:\nMental health programs that teach coping skills and resilience to youth.\nPhysical activity programs for youth that encourage healthy and active lifestyles. One of the areas this will support is diabetes prevention.\nThese areas are priority concerns for Black communities in Canada, according to the Foundation for Black Communities. They align to Sun Life's focus on helping all Canadians live healthier lives. Underrepresented communities see a greater risk of diabetes and mental health challenges. Funding Black-led community organizations that plan to address these health inequities will support lasting, sustainable change.\n\"Our communities thrive when they are equitable. We know that Black communities are seeing greater impacts as a result of the pandemic, while also being historically underserved,\" said Jacques Goulet, President, Sun Life Canada. \"This donation will enable Black-led community organizations to access the resources they need to create change. This is one way Sun Life is building diverse and equitable communities.\"\nThe Foundation for Black Communities is Canada's first-ever Black-led, Black-mandated philanthropic foundation. It exists to ensure every Black person in Canada can thrive and define their own future.\nThey will invest in Black-led, Black-serving organizations helping Black communities across Canada access support to build healthy lifestyles.\n\"Black communities and community organizations have been chronically underfunded. While this partnership begins to address the underinvestment, it also represents a new approach to philanthropy that acknowledges Black communities' agency in directing and determining where those investments should be aimed,\" said Liban Abokor, working group member for the Foundation for Black Communities. \"Sun Life's donation will have a real and meaningful impact across the country. As the first insurer in Canada to sign on, we are thrilled to have their support.\"\nAs a global leader committed to sustainability and building healthy, diverse communities, Sun Life is taking actionable steps to remove systemic barriers for Clients, advisors, employees and communities. This exciting new partnership with the Foundation for Black Communities marks a significant step forward in our commitment to be a leader in our communities and industry in the battle against anti-Black racism and to help remove systemic barriers that negatively affect Black Canadians.\nTo learn more about how Sun Life is making a difference in the community, read their\n2020 Sustainability Report\n.\nSun Life in the community\nAt Sun Life, we are committed to building sustainable, healthier communities for life. Community wellness is an important part of our sustainability commitment and we believe that by actively supporting the communities in which we live and work, we can help build a positive environment for our Clients, employees, advisors and shareholders. Our philanthropic support focuses on health, with an emphasis on diabetes awareness, prevention, and care initiatives; and mental health, supporting programs and organizations with a focus on building resilience and coping skills.\nWe also partner with sports properties in key markets to further our commitment to healthy and active living. Our employees and advisors take great pride in volunteering close to 12,000 hours each year and contribute to making life brighter for individuals and families across Canada.\nLearn more about Sun Life in the community\n.\nAbout Foundation For Black Communities\n‍\nFoundation for Black Communities exists to ensure every Black person in Canada can thrive and all Black communities have agency in defining their own future. We will invest in change making, working with Canadian philanthropic, political and business partners to ensure that Black-led and Black-serving organizations have the sustained resources they need to make a meaningful impact. The Foundation for Black Communities is being stewarded by a working group of Black professionals within the non-profit, charitable, philanthropic and community development sectors. The working group is supported by a growing network of Black and ally leaders from across Canada. Visit\nforblackcommunities.org\nfor more information and follow @Fdnblkcomm on\nTwitter\n,\nInstagram\nand\nFacebook\n.\nNote to editors: All figures in Canadian dollars\nMedia Relations Contact:\nMeredith Mundick\nManager, Corporate Communications\nT. 416.979.4048\nmeredith.mundick@sunlife.com\nLiban Abokor\nFoundation for Black Communities\nT. 416.407.1540\nliban@forblackcommunities.org\nMedia contact\nDevon Fernald\nEmail\nStreet address\nFullscopeRMS\n110 Thames St.\nPortland, ME 04101\nMailing address\nFullscopeRMS\nP.O. Box 9757\nPortland, ME 04104\nStreet address\nFullscopeRMS\n110 Thames St.\nPortland, ME 04101\nMailing address\nFullscopeRMS\nP.O. Box 9757\nPortland, ME 04104\nLegal\nPrivacy\nSecurity",
    "http://fullscoperms.com/en/newsroom/news-releases/announcement/sun-life-and-portland-foreside-break-ground-on-new-portland-waterfront-development/123571/": "Announcement\nSkip to content\nSkip to footer\nNewsroom\nCareers\nContact us\nProducts and Services\nProducts and services\nProducts and services\nAbsence Management\nGroup Disability and Life\nStop-Loss Insurance\nSupplemental Health\nAbout us\nEvents and insights\nSkip to content\nSkip to footer\nNavigation Menu\nAbout Us\nProducts and services\nBack\nProducts and services\nProducts and services\nAbsence Management\nGroup Disability and Life\nStop-Loss Insurance\nSupplemental Health\nEvents and insights\nNewsroom\nBack\nNewsroom\nNewsroom\nNews releases\nCareers\nContact us\nPrivacy\nLegal\nSecurity\nMOVEit cyber incident - FullscopeRMS\nNews\nDecember 15, 2020\nSun Life and Portland Foreside break ground on new Portland waterfront development\nWELLESLEY, Mass. and PORTLAND, Maine, Dec. 15, 2020 –/\nPRNewswire\n/ --\nConstruction at the future site of the new Sun Life U.S. downtown Portland office has officially begun. Sun Life and subsidiary FullscopeRMS will occupy 77,000 square feet, the largest office space in what will be a new, bay-facing building that will also house other office and retail space. Portland Foreside Development Company is leading the project, which was\nannounced last fall\nand is on track for completion in 2022.\n\"Based on what we've learned over the past nine months, we are evolving our approach to the future of work, and with it our vision for the use of our new state-of-the-art office space,\" said Dan Fishbein, M.D., president of Sun Life U.S. \"We are excited to see the new space begin to come together as construction moves forward. This new office will be a terrific space for those who choose to be office-based, provide a collaborative environment for teams to come together for projects and events, and provide a great site for us to showcase our capabilities to clients and business partners.\"\nSun Life's Portland campus will include a Center for Healthy Work, which demonstrates the company's Work is Healthy or WisH philosophy – the belief that working is healthier for the individual, their family and society. The Center's Client Path offers a live view of Sun Life's innovative approach to helping members with disabling conditions return to work and wellness. Sun Life's Portland-area employees deliver employee benefits plans and help members across the country with disabling illnesses or injuries stay at work or return to gainful employment through vocational rehabilitation and workplace accommodations. The teams at FullscopeRMS offer customized, turnkey insurance and risk-management capabilities for disability, life, voluntary and medical stop-loss products to more than two dozen insurance and health plan partners.\nSun Life has already made commitments to working with the growing pool of talent in Portland, including a recently\nannounced\npartnership with Northeastern University's Roux Institute, to train and recruit employees in data science, and apply these skills to actuarial sciences and other areas of the insurance industry.\n\"We are looking forward to working with local education partners to develop new talent, while also tapping into the Portland area's disability insurance cluster to add to our existing team,\" added Fishbein.\nThe development area at 58 Fore Street will also include dining, hospitality and entertainment venues, and a feature never before available to the city – direct access to the waterfront through scenic public park plazas via a grand stairway, which can be seen in the virtual groundbreaking\nvideo\n, along with messages of support from Governor Janet Mills, Senator Angus King, Senator Susan Collins and Portland Mayor Kate Snyder.\n\"Our vision for this area has been a long time coming, and we're thrilled to get underway and create a destination location for Portland residents and tourists alike,\" said Casey Prentice, managing partner at Portland Foreside. \"Having a major business presence and employer like Sun Life as our first resident shows the potential of this great location.\"\n\"Portland continues to grow as a hub for business, drawing students and professionals with diverse backgrounds from all over the country,\" said Jon Jennings, Portland City Manager. \"With a long-standing presence in Greater Portland, I'm excited to see Sun Life establishing a new office right in the heart of the city, supporting an area in which people will want to work, shop and live.\"\nSun Life area offices are currently in Scarborough and South Portland. SunLife and FullscopeRMS employees have been working from their homes since pandemic limitations began in March, and returning to any office will initially be voluntary when offices reopen.\nAbout Sun Life\nSun Life is a leading international financial services organization providing insurance, wealth and asset management solutions to individual and corporate Clients. Sun Life has operations in a number of markets worldwide, including Canada, the United States, the United Kingdom, Ireland, Hong Kong, the Philippines, Japan, Indonesia, India, China, Australia, Singapore, Vietnam, Malaysia and Bermuda. As of September 30, 2020, Sun Life had total assets under management of C$1,186 billion. For more information, please visit\nwww.sunlife.com\n.\nSun Life Financial Inc. trades on the Toronto (TSX), New York (NYSE) and Philippine (PSE) stock exchanges under the ticker symbol SLF.\nIn the United States, Sun Life is one of the largest group benefits providers, serving more than 60,000 employers in small, medium and large workplaces across the country. Sun Life's broad portfolio of insurance products and services in the U.S. includes disability, absence management, life, dental, vision, voluntary and medical stop-loss. Sun Life and its affiliates in asset management businesses in the U.S. employ approximately 5,500 people. Group insurance policies are issued by Sun Life Assurance Company of Canada (Wellesley Hills, Mass.), except in New York, where policies are issued by Sun Life and Health Insurance Company (U.S.) (Lansing, Mich.). For more information, please visit\nwww.sunlife.com/us\n.\nAbout FullscopeRMS\nFullscopeRMS delivers risk management expertise, performance and brand protection to partners in the insurance industry by helping them bring new products to market and expanding their current business. FullscopeRMS provides its clients – including 25+ insurance carriers and health plans –with the deep knowledge, expert talent and the specialized systems required to offer full disability, absence management, life, stop-loss, and supplemental health to employers.  For more information, please visit http://www.fullscoperms.com.\nFullscopeRMS is a standalone company in the Sun Life U.S. group of businesses.\nAbout Portland Foreside Development Company\nPortland Foreside Development Company (PFDC) is a real estate development firm headquartered Portland, ME focused on the development and management of complex, urban mixed-use projects and adaptive reuse of historic structures. PFDC has in-house expertise in hospitality operating businesses, real estate investment and development, corporate finance, civil engineering, large-scale construction, urban planning and community development. Focused on developing spaces for the community to celebrate and thrive, PFDC's redevelopment of the 58 Fore Street site will connect the adjacent neighborhoods to the water and bring new life and enjoyment to the historically significant former Portland Company site.\nMedia contact:\nDevon Fernald\nFullscopeRMS\n781-416-7151\nDevon.portney.fernald@sunlife.com\nMedia contact\nDevon Fernald\nEmail\nStreet address\nFullscopeRMS\n110 Thames St.\nPortland, ME 04101\nMailing address\nFullscopeRMS\nP.O. Box 9757\nPortland, ME 04104\nStreet address\nFullscopeRMS\n110 Thames St.\nPortland, ME 04101\nMailing address\nFullscopeRMS\nP.O. Box 9757\nPortland, ME 04104\nLegal\nPrivacy\nSecurity",
    "http://fullscoperms.com/en/newsroom/news-releases/announcement/fullscoperms-enhances-employer-stop-loss-offering-for-health-plan-administrators/123572/": "Announcement\nSkip to content\nSkip to footer\nNewsroom\nCareers\nContact us\nProducts and Services\nProducts and services\nProducts and services\nAbsence Management\nGroup Disability and Life\nStop-Loss Insurance\nSupplemental Health\nAbout us\nEvents and insights\nSkip to content\nSkip to footer\nNavigation Menu\nAbout Us\nProducts and services\nBack\nProducts and services\nProducts and services\nAbsence Management\nGroup Disability and Life\nStop-Loss Insurance\nSupplemental Health\nEvents and insights\nNewsroom\nBack\nNewsroom\nNewsroom\nNews releases\nCareers\nContact us\nPrivacy\nLegal\nSecurity\nMOVEit cyber incident - FullscopeRMS\nNews\nMarch 09, 2020\nFullscopeRMS enhances employer stop-loss offering for health plan administrators\nSouth Portland, Maine (March 9, 2020) –\nFullscopeRMS\nannounced today it has enhanced its turnkey stop-loss reinsurance solution. FullscopeRMS is now offering its health insurance partners the option to distribute stop-loss coverage issued by its highly rated insurer, Independence Life and Annuity Company, which now has filed and approved stop-loss policies in several states. Independence Life has a financial strength rating of A- (Excellent) by\nAM Best\n.\n“By adding Independence Life paper to our stop-loss suite, FullscopeRMS can now give health insurers the option to add a stop-loss product to their existing administrative capabilities without having to invest the significant capital to establish their own underwriting company,” said Renee Shiller, head of Stop-Loss Solutions for FullscopeRMS. “This allows our partners to expand their health plan portfolios and grow their client base.”\nShiller joined FullscopeRMS at the beginning of the year from parent company Sun Life. She has more than 20 years of experience primarily in the insurance industry in actuarial, pricing and data analytics roles across nearly all product lines including Sun Life’s medical stop-loss business, the largest independent U.S. stop-loss provider*. Renee is a member of the American Academy of Actuaries (MAAA) and a Fellow of the Society of Actuaries (FSA). She has a bachelor’s degree from Yale in mathematics and architecture.\n“Renee’s deep actuarial and analytic experience, combined with her strategic thinking, makes her the ideal leader for our Stop-Loss Solutions business,” said Scott Beliveau, president of FullscopeRMS. “Our employer stop-loss offering for health plans and insurers has the combined expertise of our full-service, customized offering from product development to claims administration with the financial stability of a long-standing underwriting company and a leader from the top independent stop-loss company in the U.S.”\nInsurers that serve as health plan administrators for self-funded employers can market the stop-loss coverage to help protect their employer clients from excessive financial losses caused by high-cost medical claims.\nIndependence Life, founded in 1945, is part of the Sun Life U.S. group of companies. The employer stop-loss offering is supported by decades of experience in both the traditional and level-funded stop-loss businesses.\nIn addition to employer stop-loss, the FullscopeRMS portfolio offers turnkey solutions for disability, life, absence management and supplemental health products, with a suite of capabilities and solutions for insurance carriers including, underwriting services, claims administration, product development, actuarial, and policy administration.\n*Ranking compiled by Sun Life based on data contained in the 2018 NAIC Accident and Health Experience report. An independent stop-loss carrier is defined as a stop-loss carrier that does not also sell medical claim administrative services.\nAbout FullscopeRMS\nFullscopeRMS delivers risk management expertise, performance and brand protection to partners in the insurance industry by helping them bring new products to market and expanding their current business. FullscopeRMS provides its clients – including 25+ insurance carriers and health plans –with the deep knowledge, expert talent and the specialized systems required to offer full disability, absence management, life, stop-loss, and supplemental health to employers.  For more information, please visit\nhttp://www.fullscoperms.com\n.\nFullscopeRMS is a standalone company in the Sun Life U.S. group of businesses.\nMedia contact:\nDevon Fernald\nFullscopeRMS\n781-416-7151\nDevon.portney.fernald@sunlife.com\nMedia contact\nDevon Fernald\nEmail\nStreet address\nFullscopeRMS\n110 Thames St.\nPortland, ME 04101\nMailing address\nFullscopeRMS\nP.O. Box 9757\nPortland, ME 04104\nStreet address\nFullscopeRMS\n110 Thames St.\nPortland, ME 04101\nMailing address\nFullscopeRMS\nP.O. Box 9757\nPortland, ME 04104\nLegal\nPrivacy\nSecurity",
    "http://fullscoperms.com/en/newsroom/news-releases/announcement/fullscoperms-launches-integrated-absence-management-solution-for-industry-partners/123573/": "Announcement\nSkip to content\nSkip to footer\nNewsroom\nCareers\nContact us\nProducts and Services\nProducts and services\nProducts and services\nAbsence Management\nGroup Disability and Life\nStop-Loss Insurance\nSupplemental Health\nAbout us\nEvents and insights\nSkip to content\nSkip to footer\nNavigation Menu\nAbout Us\nProducts and services\nBack\nProducts and services\nProducts and services\nAbsence Management\nGroup Disability and Life\nStop-Loss Insurance\nSupplemental Health\nEvents and insights\nNewsroom\nBack\nNewsroom\nNewsroom\nNews releases\nCareers\nContact us\nPrivacy\nLegal\nSecurity\nMOVEit cyber incident - FullscopeRMS\nNews\nDecember 16, 2019\nFullscopeRMS launches integrated absence management solution for industry partners\nNew offering adds to Disability RMS portfolio and seamlessly coordinates claims for paid and unpaid leaves\nWELLESLEY, Mass. (December 16, 2019) –\nFullscopeRMS\nannounced today that it has added a turnkey integrated absence management solution to its Disability RMS suite of products for its insurance carrier partners to market to their clients. With this new offering, Disability RMS will integrate short-term disability with compliance and administration of paid and unpaid claims for employees who take leave from their employers for personal medical or family reasons.\nBuilding on more than 25 years of disability risk management expertise, the capabilities are fully integrated into the systems of Disability RMS and enabled by a new platform from\nClaimVantage\n. The offering coordinates employee claims related to short- and long-term disability, state paid family and medical leave laws, federal laws such as the Family and Medical Leave Act and the Americans with Disabilities Act, and employers’ own leave programs.\n“Employers are looking for a seamless, integrated experience for employees as well as help in managing the complexity of federal and state laws related to employee absences. And our industry partners are looking for solutions to offer them,” said Scott Beliveau, president of FullscopeRMS. “Our new turnkey absence product will allow our partners to deliver an integrated solution that manages both paid and unpaid employee leaves without having to build the capabilities from the ground up. Our claims team will ensure a smooth experience so employees can take care of themselves or their families before returning to work, which will ultimately boost productivity for employers.” Beliveau added, “The absence offering joins the expanding suite of solutions for FullscopeRMS and follows the launch of our medical stop-loss product that is gaining traction in the health plan market. We will continue to build on our expertise in group benefits and healthcare to bring more services to our industry clients.”\nA cloud-based platform from ClaimVantage that manages all leave types in one central location will enhance the expertise developed over decades by the Disability RMS team. The\nClaimVantage absence management solution\nadds federal and state regulations into the platform as they change and expand to ensure regulatory compliance, giving the team more time to focus on risk management. With Massachusetts paid family and medical leave going into effect on January 1, 2021, ClaimVantage will provide customers with a six-month lead time to ensure they are confident in their administration.\n“We’re delighted to partner with Disability RMS to strengthen its market position further, providing the team with an advanced absence management solution to streamline their integrated claims process,” said ClaimVantage CEO Leo Corcoran. “Our platform continues to evolve, incorporating regulatory changes and technology enhancements, providing Disability RMS with a future-proofed solution that will support its business.”\nIn addition to integrated absence management, the FullscopeRMS portfolio offers turnkey solutions for disability, life, stop-loss, and supplemental health products, with a suite of capabilities and solutions for insurance carriers including, underwriting services, claims administration, product development, actuarial, and policy administration.\nAbout FullscopeRMS\nFullscopeRMS delivers risk management expertise, performance and brand protection to partners in the insurance industry by helping them bring new products to market and expanding their current business. FullscopeRMS provides its clients – including 25+ insurance carriers and health plans –with the deep knowledge, expert talent and the specialized systems required to offer full disability, absence management, life, stop-loss, and supplemental health to employers.  For more information, please visit\nhttp://www.fullscoperms.com\n.\nFullscopeRMS is a standalone company in the Sun Life U.S. group of businesses.\nAbout ClaimVantage\nClaimVantage offers industry-leading life, health, and absence claim management software solutions for insurance carriers, Third-Party Administrators (TPAs), and large employers. ClaimVantage provides cloud-based, automated claims processing solutions that drive efficiency, accuracy, and productivity, helping its customers to deliver superior customer service.\nWith its North American headquarters in Portland, Maine, and European headquarters in Dublin, Ireland, ClaimVantage also has teams in EMEA and APAC. For more information about ClaimVantage, visit\nwww.claimvantage.com\n.\nDevon Fernald\nFullscopeRMS\n781-416-7151\nDevon.portney.fernald@sunlife.com\nSarah Courtney\nClaimVantage\n207-221-0560\nSarahcourtney@claimvantage.com\nMedia contact\nDevon Fernald\nEmail\nStreet address\nFullscopeRMS\n110 Thames St.\nPortland, ME 04101\nMailing address\nFullscopeRMS\nP.O. Box 9757\nPortland, ME 04104\nStreet address\nFullscopeRMS\n110 Thames St.\nPortland, ME 04101\nMailing address\nFullscopeRMS\nP.O. Box 9757\nPortland, ME 04104\nLegal\nPrivacy\nSecurity",
    "http://fullscoperms.com/en/newsroom/news-releases/2021/": "News releases | Fullscope RMS\nSkip to content\nSkip to footer\nNewsroom\nCareers\nContact us\nProducts and Services\nProducts and services\nProducts and services\nAbsence Management\nGroup Disability and Life\nStop-Loss Insurance\nSupplemental Health\nAbout us\nEvents and insights\nSkip to content\nSkip to footer\nNavigation Menu\nAbout Us\nProducts and services\nBack\nProducts and services\nProducts and services\nAbsence Management\nGroup Disability and Life\nStop-Loss Insurance\nSupplemental Health\nEvents and insights\nNewsroom\nBack\nNewsroom\nNewsroom\nNews releases\nCareers\nContact us\nPrivacy\nLegal\nSecurity\nMOVEit cyber incident - FullscopeRMS\nNews releases\n2021\n2020\n2019\n2021\nJune 28, 2021\nFullscopeRMS appoints Ryan Bohrer to lead expanded Supplemental Health business\nSOUTH PORTLAND, Maine. (June 28, 2021) – FullscopeRMS announced today that it has appointed Ryan Bohrer as head of Supplemental Health, overseeing the company’s newly expanded portfolio that...\nJune 28, 2021\nSun Life donates $825,000 to the Foundation for Black Communities\nSun Life is announcing an $825,000 donation, over three years, to the Foundation for Black Communities. This funding will support Black-led non-profit and charitable organizations serving Black...\n2020\n2019\nMedia contact\nDevon Fernald\nEmail\nStreet address\nFullscopeRMS\n110 Thames St.\nPortland, ME 04101\nMailing address\nFullscopeRMS\nP.O. Box 9757\nPortland, ME 04104\nStreet address\nFullscopeRMS\n110 Thames St.\nPortland, ME 04101\nMailing address\nFullscopeRMS\nP.O. Box 9757\nPortland, ME 04104\nLegal\nPrivacy\nSecurity",
    "http://fullscoperms.com/en/newsroom/news-releases/2020/": "News releases | Fullscope RMS\nSkip to content\nSkip to footer\nNewsroom\nCareers\nContact us\nProducts and Services\nProducts and services\nProducts and services\nAbsence Management\nGroup Disability and Life\nStop-Loss Insurance\nSupplemental Health\nAbout us\nEvents and insights\nSkip to content\nSkip to footer\nNavigation Menu\nAbout Us\nProducts and services\nBack\nProducts and services\nProducts and services\nAbsence Management\nGroup Disability and Life\nStop-Loss Insurance\nSupplemental Health\nEvents and insights\nNewsroom\nBack\nNewsroom\nNewsroom\nNews releases\nCareers\nContact us\nPrivacy\nLegal\nSecurity\nMOVEit cyber incident - FullscopeRMS\nNews releases\n2021\n2020\n2019\n2021\n2020\nDecember 15, 2020\nSun Life and Portland Foreside break ground on new Portland waterfront development\nConstruction at the future site of the new Sun Life U.S. downtown Portland office has officially begun. Sun Life and subsidiary FullscopeRMS will occupy 77,000 square feet, the largest office...\nMarch 09, 2020\nFullscopeRMS enhances employer stop-loss offering for health plan administrators\nSouth Portland, Maine (March 9, 2020) – FullscopeRMS announced today it has enhanced its turnkey stop-loss reinsurance solution. FullscopeRMS is now offering its health insurance partners the...\n2019\nMedia contact\nDevon Fernald\nEmail\nStreet address\nFullscopeRMS\n110 Thames St.\nPortland, ME 04101\nMailing address\nFullscopeRMS\nP.O. Box 9757\nPortland, ME 04104\nStreet address\nFullscopeRMS\n110 Thames St.\nPortland, ME 04101\nMailing address\nFullscopeRMS\nP.O. Box 9757\nPortland, ME 04104\nLegal\nPrivacy\nSecurity",
    "http://fullscoperms.com/en/newsroom/news-releases/2019/": "News releases | Fullscope RMS\nSkip to content\nSkip to footer\nNewsroom\nCareers\nContact us\nProducts and Services\nProducts and services\nProducts and services\nAbsence Management\nGroup Disability and Life\nStop-Loss Insurance\nSupplemental Health\nAbout us\nEvents and insights\nSkip to content\nSkip to footer\nNavigation Menu\nAbout Us\nProducts and services\nBack\nProducts and services\nProducts and services\nAbsence Management\nGroup Disability and Life\nStop-Loss Insurance\nSupplemental Health\nEvents and insights\nNewsroom\nBack\nNewsroom\nNewsroom\nNews releases\nCareers\nContact us\nPrivacy\nLegal\nSecurity\nMOVEit cyber incident - FullscopeRMS\nNews releases\n2021\n2020\n2019\n2021\n2020\n2019\nDecember 16, 2019\nFullscopeRMS launches integrated absence management solution for industry partners\nNew offering adds to Disability RMS portfolio and seamlessly coordinates claims for paid and unpaid leaves WELLESLEY, Mass. (December 16, 2019) – FullscopeRMS announced today that it has added a...\nMedia contact\nDevon Fernald\nEmail\nStreet address\nFullscopeRMS\n110 Thames St.\nPortland, ME 04101\nMailing address\nFullscopeRMS\nP.O. Box 9757\nPortland, ME 04104\nStreet address\nFullscopeRMS\n110 Thames St.\nPortland, ME 04101\nMailing address\nFullscopeRMS\nP.O. Box 9757\nPortland, ME 04104\nLegal\nPrivacy\nSecurity"
  },
  "doc_id": "bb2c555b-16d6-5127-a382-74cee56b10d3"
}