{
  "url": "http://gotolee.com",
  "timestamp": 1735409719.8271236,
  "text_by_page_url": {
    "https://www.gotolee.com/locations": "Where to Buy from Lee Supply | Lee Supply\n0\n(800) 873-1103\nQuick Order\nLocations\nContact Us\nSCAN\nLOG IN\nREGISTER\n0\nProducts\nLee Outlet\nSafety/PPE Equipment\nAppliances\nBrass Fittings & Nipples\nCopper Fittings\nWater Heaters\nWater Softeners & Accessories\nPlumbing\nMalleable Iron\nHVAC\nElectrical\nMilwaukee\nHardware\nTools\nClearance\nShowroom\nWater Heaters\nPro Press 1/2\nPro Press 3/4\nManufacturers\nVestil\n3M\nAdvanced Drainage Systems\nAirmax\nAlmo\nAmcraft\nAmerican Granby\nAqua Systems\nArc\nArmacell\nArterior Homes\nAtco\nB&K Products\nBackstop Thermal Expansions\nBasco\nBemis\nBest\nBlack Swan\nBlanco\nBluestar\nBoshart\nBow\nBradford White\nBrass Craft\nBrasstech\nBRCRFT\nBriggs\nBroan\nC&S Mfg.\nCambridge-Lee\nCapital Lighting\nCash Acme\nCharlotte Pipe\nChicago Faucet\nChicago Fittings\nCifial\nClarion Bathware\nCMI\nContinental Industries\nCresline\nDacor\nDanco Faucet Parts\nDearborn Products\nDelta Faucet\nDelta Prefabs\nDiablo\nDistinctive\nDiversitech\nDundee\nEatons\nElectrolux\nElkay\nElkhart\nEZ-FLO\nFanimation\nFast CW\nFastenal\nFeiss Lighting\nFernco\nFisher & Paykel\nFluidmaster\nFluidyne\nGeneral Electric\nGerber\nGM Lighting\nGolden Lihgting\nGrinnell\nHalco\nHansgrohe\nHardcast\nHarris Products\nHaviland Drainage Products\nHoneywell\nICP Equipment\nICP Fast Parts\nJacuzzi\nJohn Guest\nJomar\nJones Stephens\nKnauf Insulation\nKohler\nLasco\nLegend\nLegrand\nLenox\nLixil\nLuminance\nMaax\nMansfield\nMasco\nMatco\nMatteo Lighting\nMaxim Lighting\nMaxitrol\nMiele\nMilestone\nMIlwaukee\nMoen\nMTI Tubs\nMueller\nMulti Fittings\nMustee\nMyers Pump\nNavien\nNeoperl\nNora Lighting\nOasis Bathing\nOatey\nOmega Flex\nPentair\nPeter Mason\nPHD Manufacturing\nPorteous\nPrecisionaire\nProgress Lighting\nQuoizel\nRed-White Valve\nRobern\nSealtite\nShurtape\nSimply Soft\nSioux Chief\nSloan\nSpeed Queen\nSterling Fiberglass\nStormPro\nStudor\nSub-Zero/Wolf\nSwan\nSymmons\nT&S Brass\nThermo\nThomas Lighting\nTruaire\nTrue Residential\nTurbo Torch\nUniweld\nViega\nViking\nWard Mfg.\nWesco\nWestinghouse Lighting\nWhirlpool\nWirsbo/Uponor\nWisconsin\nWoodford Mfg. Co.\nWorthington\nZ-Lite Lighting\nZurn\nZoeller Pumps\nKitchen\nKitchen Faucets\nKitchen Sinks\nDisposals\nCountertop Appliances\nCooktops\nBar Faucets\nBar Sinks\nSoap Dispeners\nSink Grids\nCutting Boards\nBathroom\nToilets\nBathroom Faucets\nDrain Assembly\nPedestal Sinks\nBath Tubs\nShowers\nShower Walls & Sets\nTub & Showers\nShower Bases\nShower Heads\nVanities\nAppliances\nRefrigerators\nRange/Ovens\nCooktops\nDishwashers\nMicrowaves\nCountertop Appliances\nLaundry\nWashers\nDryers\nWall Ovens\nBeverage/Wine Storage\nChest Freezers\nGrills\nLighting\nPlumbing\nWater Heaters & Parts\nPumps & Accessories\nPEX\nPress Fittings\nPVC Pipe & Accessories\nCPVC/PVC Fittings & Accessories\nPVC/CPVC Cements, Primers & Cleaners\nSteel Pipe & Fittings\nCopper Tubing/Fittings\nBrass Fittings & Nipples\nDrains, Flashing & Carriers\nWater Softeners & Accessories\nBoilers and Parts\nWell Storage Tanks\nWater Coolers\nChemical & Rubber Goods\nSafety/PPE Equipment\nHVAC\nAES Indiana Rebate\nI&M Power Rebate\nHEIL\nGE Air\nOxbox\nBosch\nAprilAire\nMiller\nGree\nHVAC Equipment & Accessories\nRoof Top Units\nGas Leak Detectors\nRegisters & Grilles\nAir Cleaners & Filters\nFlex Duct, Duct Board & Accessories\nDuct Pipe & Fittings\nRefrigeration & A/C Specialties\nInsulation Products\nGas/Oil Burners & Accessories\nSafety/PPE Equipment\nTools\nMilwaukee\nTool Bits\nBlades\nSaws\nHangers, Suppports, Bolts, Nuts & Screws\nBatteries\nElectrical Wire & Cable\nElectrical Products\nGloves\nPower Cords\nPanel Boxes & Breakers\nConduit & Fittings\nGas Tanks & Accessories\nDoor, Window & Closet Products\nFire Extinguishers\nPaint Supplies\nLocksets\nLumber & Hardware\nSafety/PPE Equipment\nDiv. 10\nOur Services\nClosets & Shelving\nShower Doors: Framed or Custom\nSafety/PPE Equipment\nRestock Kits\nOutlet\nShop Online - Lee Supply\nWhere to Buy from Lee Supply\nWhere to Buy from Lee Supply\nFor full functionality of this site it is necessary to enable JavaScript.\r\n         Here are the\ninstructions how to enable JavaScript in your web browser\n.\nLee Supply is located throughout Indiana to help Hoosiers all around the state get the Plumbing and HVAC products they need quickly. We have also opened a branch to help supply our Buckeye neighbors. Below is a list of our locations. Click the branch link or scroll down for phone numbers, directions, contacts and hours.   Click the Map for Directions or if you're on your mobile you can click Phone Number to Call!\nPage Loading...\nEnter Address or Postal Code:\nSubmit\nSign up and get the latest deals and news!\nCorporate Office\n6610 Guion Road\nIndianapolis, IN 46268\n(800) 873-1103\nCustomer Service\nContact Us\nNews\nWarranties & Returns\nAccount\nRegister\nLogin\nMy Account\nSales Resource\nPay Invoice Online\nAbout Us\nOur Story\nContact Us\nIndustries We Serve\nEmployment Application\nCareers\nLee Supply Staff\nResources\nFind Your Lee Branch\nProduct Training\nVendor Lists\nFind a Heil Elite Dealer\nUtility Rebate Submission\nCredit Application\nBuild Your Own Shower Door\nFinancing\nNews & Resources\nBuying Guides\n©\n2024 Lee Supply |\nPrivacy Policy\n| Site powered by\nBilltrust eCommerce",
    "https://www.gotolee.com/contactus": "Contact Us | Lee Supply\n0\n(800) 873-1103\nQuick Order\nLocations\nContact Us\nSCAN\nLOG IN\nREGISTER\n0\nProducts\nLee Outlet\nSafety/PPE Equipment\nAppliances\nBrass Fittings & Nipples\nCopper Fittings\nWater Heaters\nWater Softeners & Accessories\nPlumbing\nMalleable Iron\nHVAC\nElectrical\nMilwaukee\nHardware\nTools\nClearance\nShowroom\nWater Heaters\nPro Press 1/2\nPro Press 3/4\nManufacturers\nVestil\n3M\nAdvanced Drainage Systems\nAirmax\nAlmo\nAmcraft\nAmerican Granby\nAqua Systems\nArc\nArmacell\nArterior Homes\nAtco\nB&K Products\nBackstop Thermal Expansions\nBasco\nBemis\nBest\nBlack Swan\nBlanco\nBluestar\nBoshart\nBow\nBradford White\nBrass Craft\nBrasstech\nBRCRFT\nBriggs\nBroan\nC&S Mfg.\nCambridge-Lee\nCapital Lighting\nCash Acme\nCharlotte Pipe\nChicago Faucet\nChicago Fittings\nCifial\nClarion Bathware\nCMI\nContinental Industries\nCresline\nDacor\nDanco Faucet Parts\nDearborn Products\nDelta Faucet\nDelta Prefabs\nDiablo\nDistinctive\nDiversitech\nDundee\nEatons\nElectrolux\nElkay\nElkhart\nEZ-FLO\nFanimation\nFast CW\nFastenal\nFeiss Lighting\nFernco\nFisher & Paykel\nFluidmaster\nFluidyne\nGeneral Electric\nGerber\nGM Lighting\nGolden Lihgting\nGrinnell\nHalco\nHansgrohe\nHardcast\nHarris Products\nHaviland Drainage Products\nHoneywell\nICP Equipment\nICP Fast Parts\nJacuzzi\nJohn Guest\nJomar\nJones Stephens\nKnauf Insulation\nKohler\nLasco\nLegend\nLegrand\nLenox\nLixil\nLuminance\nMaax\nMansfield\nMasco\nMatco\nMatteo Lighting\nMaxim Lighting\nMaxitrol\nMiele\nMilestone\nMIlwaukee\nMoen\nMTI Tubs\nMueller\nMulti Fittings\nMustee\nMyers Pump\nNavien\nNeoperl\nNora Lighting\nOasis Bathing\nOatey\nOmega Flex\nPentair\nPeter Mason\nPHD Manufacturing\nPorteous\nPrecisionaire\nProgress Lighting\nQuoizel\nRed-White Valve\nRobern\nSealtite\nShurtape\nSimply Soft\nSioux Chief\nSloan\nSpeed Queen\nSterling Fiberglass\nStormPro\nStudor\nSub-Zero/Wolf\nSwan\nSymmons\nT&S Brass\nThermo\nThomas Lighting\nTruaire\nTrue Residential\nTurbo Torch\nUniweld\nViega\nViking\nWard Mfg.\nWesco\nWestinghouse Lighting\nWhirlpool\nWirsbo/Uponor\nWisconsin\nWoodford Mfg. Co.\nWorthington\nZ-Lite Lighting\nZurn\nZoeller Pumps\nKitchen\nKitchen Faucets\nKitchen Sinks\nDisposals\nCountertop Appliances\nCooktops\nBar Faucets\nBar Sinks\nSoap Dispeners\nSink Grids\nCutting Boards\nBathroom\nToilets\nBathroom Faucets\nDrain Assembly\nPedestal Sinks\nBath Tubs\nShowers\nShower Walls & Sets\nTub & Showers\nShower Bases\nShower Heads\nVanities\nAppliances\nRefrigerators\nRange/Ovens\nCooktops\nDishwashers\nMicrowaves\nCountertop Appliances\nLaundry\nWashers\nDryers\nWall Ovens\nBeverage/Wine Storage\nChest Freezers\nGrills\nLighting\nPlumbing\nWater Heaters & Parts\nPumps & Accessories\nPEX\nPress Fittings\nPVC Pipe & Accessories\nCPVC/PVC Fittings & Accessories\nPVC/CPVC Cements, Primers & Cleaners\nSteel Pipe & Fittings\nCopper Tubing/Fittings\nBrass Fittings & Nipples\nDrains, Flashing & Carriers\nWater Softeners & Accessories\nBoilers and Parts\nWell Storage Tanks\nWater Coolers\nChemical & Rubber Goods\nSafety/PPE Equipment\nHVAC\nAES Indiana Rebate\nI&M Power Rebate\nHEIL\nGE Air\nOxbox\nBosch\nAprilAire\nMiller\nGree\nHVAC Equipment & Accessories\nRoof Top Units\nGas Leak Detectors\nRegisters & Grilles\nAir Cleaners & Filters\nFlex Duct, Duct Board & Accessories\nDuct Pipe & Fittings\nRefrigeration & A/C Specialties\nInsulation Products\nGas/Oil Burners & Accessories\nSafety/PPE Equipment\nTools\nMilwaukee\nTool Bits\nBlades\nSaws\nHangers, Suppports, Bolts, Nuts & Screws\nBatteries\nElectrical Wire & Cable\nElectrical Products\nGloves\nPower Cords\nPanel Boxes & Breakers\nConduit & Fittings\nGas Tanks & Accessories\nDoor, Window & Closet Products\nFire Extinguishers\nPaint Supplies\nLocksets\nLumber & Hardware\nSafety/PPE Equipment\nDiv. 10\nOur Services\nClosets & Shelving\nShower Doors: Framed or Custom\nSafety/PPE Equipment\nRestock Kits\nOutlet\nShop Online - Lee Supply\nContact Us\nContact Us\nFor full functionality of this site it is necessary to enable JavaScript.\r\n         Here are the\ninstructions how to enable JavaScript in your web browser\n.\nNeed a commercial quote?\nLee Can Help!\nFor all other questions contact us below for more information on our products and services!\nPage Loading...\nIf you would like to contact us, please fill out the form below.\n*\nRequired Field\nSorry, but your browser does not support scripts. The advanced capability of this service requires scripting. You may want to change your browser settings if scripting is currently turned off.\nTo contact us for specific answers to your questions, please fill out this contact form. Add additional details in the comments box.\nEnter your inquiry information\nArea(s) of Interest\n(Multiple selections allowed)\nOpen Account\nProduct Information\nCredit / Accounting Inquiry\nOther\nQuestions or Comments\nEnter your contact information\nYour Name\nPhone Number\nEmail\nCompany Name\nAddress\nCity, State, Zip\nTime Zone\nCommunication Preference\nEmail\nPhone\nYour information will be kept confidential and will only be used by Lee Supply for our internal purposes of serving you.\nThank you for your interest!\nSign up and get the latest deals and news!\nCorporate Office\n6610 Guion Road\nIndianapolis, IN 46268\n(800) 873-1103\nCustomer Service\nContact Us\nNews\nWarranties & Returns\nAccount\nRegister\nLogin\nMy Account\nSales Resource\nPay Invoice Online\nAbout Us\nOur Story\nContact Us\nIndustries We Serve\nEmployment Application\nCareers\nLee Supply Staff\nResources\nFind Your Lee Branch\nProduct Training\nVendor Lists\nFind a Heil Elite Dealer\nUtility Rebate Submission\nCredit Application\nBuild Your Own Shower Door\nFinancing\nNews & Resources\nBuying Guides\n©\n2024 Lee Supply |\nPrivacy Policy\n| Site powered by\nBilltrust eCommerce",
    "https://www.gotolee.com/products": "Product Categories | Lee Supply\n0\n(800) 873-1103\nQuick Order\nLocations\nContact Us\nSCAN\nLOG IN\nREGISTER\n0\nProducts\nLee Outlet\nSafety/PPE Equipment\nAppliances\nBrass Fittings & Nipples\nCopper Fittings\nWater Heaters\nWater Softeners & Accessories\nPlumbing\nMalleable Iron\nHVAC\nElectrical\nMilwaukee\nHardware\nTools\nClearance\nShowroom\nWater Heaters\nPro Press 1/2\nPro Press 3/4\nManufacturers\nVestil\n3M\nAdvanced Drainage Systems\nAirmax\nAlmo\nAmcraft\nAmerican Granby\nAqua Systems\nArc\nArmacell\nArterior Homes\nAtco\nB&K Products\nBackstop Thermal Expansions\nBasco\nBemis\nBest\nBlack Swan\nBlanco\nBluestar\nBoshart\nBow\nBradford White\nBrass Craft\nBrasstech\nBRCRFT\nBriggs\nBroan\nC&S Mfg.\nCambridge-Lee\nCapital Lighting\nCash Acme\nCharlotte Pipe\nChicago Faucet\nChicago Fittings\nCifial\nClarion Bathware\nCMI\nContinental Industries\nCresline\nDacor\nDanco Faucet Parts\nDearborn Products\nDelta Faucet\nDelta Prefabs\nDiablo\nDistinctive\nDiversitech\nDundee\nEatons\nElectrolux\nElkay\nElkhart\nEZ-FLO\nFanimation\nFast CW\nFastenal\nFeiss Lighting\nFernco\nFisher & Paykel\nFluidmaster\nFluidyne\nGeneral Electric\nGerber\nGM Lighting\nGolden Lihgting\nGrinnell\nHalco\nHansgrohe\nHardcast\nHarris Products\nHaviland Drainage Products\nHoneywell\nICP Equipment\nICP Fast Parts\nJacuzzi\nJohn Guest\nJomar\nJones Stephens\nKnauf Insulation\nKohler\nLasco\nLegend\nLegrand\nLenox\nLixil\nLuminance\nMaax\nMansfield\nMasco\nMatco\nMatteo Lighting\nMaxim Lighting\nMaxitrol\nMiele\nMilestone\nMIlwaukee\nMoen\nMTI Tubs\nMueller\nMulti Fittings\nMustee\nMyers Pump\nNavien\nNeoperl\nNora Lighting\nOasis Bathing\nOatey\nOmega Flex\nPentair\nPeter Mason\nPHD Manufacturing\nPorteous\nPrecisionaire\nProgress Lighting\nQuoizel\nRed-White Valve\nRobern\nSealtite\nShurtape\nSimply Soft\nSioux Chief\nSloan\nSpeed Queen\nSterling Fiberglass\nStormPro\nStudor\nSub-Zero/Wolf\nSwan\nSymmons\nT&S Brass\nThermo\nThomas Lighting\nTruaire\nTrue Residential\nTurbo Torch\nUniweld\nViega\nViking\nWard Mfg.\nWesco\nWestinghouse Lighting\nWhirlpool\nWirsbo/Uponor\nWisconsin\nWoodford Mfg. Co.\nWorthington\nZ-Lite Lighting\nZurn\nZoeller Pumps\nKitchen\nKitchen Faucets\nKitchen Sinks\nDisposals\nCountertop Appliances\nCooktops\nBar Faucets\nBar Sinks\nSoap Dispeners\nSink Grids\nCutting Boards\nBathroom\nToilets\nBathroom Faucets\nDrain Assembly\nPedestal Sinks\nBath Tubs\nShowers\nShower Walls & Sets\nTub & Showers\nShower Bases\nShower Heads\nVanities\nAppliances\nRefrigerators\nRange/Ovens\nCooktops\nDishwashers\nMicrowaves\nCountertop Appliances\nLaundry\nWashers\nDryers\nWall Ovens\nBeverage/Wine Storage\nChest Freezers\nGrills\nLighting\nPlumbing\nWater Heaters & Parts\nPumps & Accessories\nPEX\nPress Fittings\nPVC Pipe & Accessories\nCPVC/PVC Fittings & Accessories\nPVC/CPVC Cements, Primers & Cleaners\nSteel Pipe & Fittings\nCopper Tubing/Fittings\nBrass Fittings & Nipples\nDrains, Flashing & Carriers\nWater Softeners & Accessories\nBoilers and Parts\nWell Storage Tanks\nWater Coolers\nChemical & Rubber Goods\nSafety/PPE Equipment\nHVAC\nAES Indiana Rebate\nI&M Power Rebate\nHEIL\nGE Air\nOxbox\nBosch\nAprilAire\nMiller\nGree\nHVAC Equipment & Accessories\nRoof Top Units\nGas Leak Detectors\nRegisters & Grilles\nAir Cleaners & Filters\nFlex Duct, Duct Board & Accessories\nDuct Pipe & Fittings\nRefrigeration & A/C Specialties\nInsulation Products\nGas/Oil Burners & Accessories\nSafety/PPE Equipment\nTools\nMilwaukee\nTool Bits\nBlades\nSaws\nHangers, Suppports, Bolts, Nuts & Screws\nBatteries\nElectrical Wire & Cable\nElectrical Products\nGloves\nPower Cords\nPanel Boxes & Breakers\nConduit & Fittings\nGas Tanks & Accessories\nDoor, Window & Closet Products\nFire Extinguishers\nPaint Supplies\nLocksets\nLumber & Hardware\nSafety/PPE Equipment\nDiv. 10\nOur Services\nClosets & Shelving\nShower Doors: Framed or Custom\nSafety/PPE Equipment\nRestock Kits\nOutlet\nProduct Categories\nFor full functionality of this site it is necessary to enable JavaScript.\r\n         Here are the\ninstructions how to enable JavaScript in your web browser\n.\nPage Loading...\nLee Outlet (25)\nSafety/PPE Equipment (+)\nAppliances (+)\nBrass Fittings & Nipples (154)\nCopper Fittings (+)\nWater Heaters (+)\nWater Softeners & Accessories (+)\nPlumbing (+)\nMalleable Iron (64)\nHVAC (+)\nElectrical (+)\nMilwaukee (3943)\nHardware (+)\nTools (+)\nClearance (+)\nShowroom (25964)\nWater Heaters (+)\nPro Press 1/2 (32)\nPro Press 3/4 (34)\nSign up and get the latest deals and news!\nCorporate Office\n6610 Guion Road\nIndianapolis, IN 46268\n(800) 873-1103\nCustomer Service\nContact Us\nNews\nWarranties & Returns\nAccount\nRegister\nLogin\nMy Account\nSales Resource\nPay Invoice Online\nAbout Us\nOur Story\nContact Us\nIndustries We Serve\nEmployment Application\nCareers\nLee Supply Staff\nResources\nFind Your Lee Branch\nProduct Training\nVendor Lists\nFind a Heil Elite Dealer\nUtility Rebate Submission\nCredit Application\nBuild Your Own Shower Door\nFinancing\nNews & Resources\nBuying Guides\n©\n2024 Lee Supply |\nPrivacy Policy\n| Site powered by\nBilltrust eCommerce",
    "https://www.gotolee.com/catalog/products/Safety-PPE-Equipment/dept-9RX": "Safety/PPE Equipment | Lee Supply\n0\n(800) 873-1103\nQuick Order\nLocations\nContact Us\nSCAN\nLOG IN\nREGISTER\n0\nProducts\nLee Outlet\nSafety/PPE Equipment\nAppliances\nBrass Fittings & Nipples\nCopper Fittings\nWater Heaters\nWater Softeners & Accessories\nPlumbing\nMalleable Iron\nHVAC\nElectrical\nMilwaukee\nHardware\nTools\nClearance\nShowroom\nWater Heaters\nPro Press 1/2\nPro Press 3/4\nManufacturers\nVestil\n3M\nAdvanced Drainage Systems\nAirmax\nAlmo\nAmcraft\nAmerican Granby\nAqua Systems\nArc\nArmacell\nArterior Homes\nAtco\nB&K Products\nBackstop Thermal Expansions\nBasco\nBemis\nBest\nBlack Swan\nBlanco\nBluestar\nBoshart\nBow\nBradford White\nBrass Craft\nBrasstech\nBRCRFT\nBriggs\nBroan\nC&S Mfg.\nCambridge-Lee\nCapital Lighting\nCash Acme\nCharlotte Pipe\nChicago Faucet\nChicago Fittings\nCifial\nClarion Bathware\nCMI\nContinental Industries\nCresline\nDacor\nDanco Faucet Parts\nDearborn Products\nDelta Faucet\nDelta Prefabs\nDiablo\nDistinctive\nDiversitech\nDundee\nEatons\nElectrolux\nElkay\nElkhart\nEZ-FLO\nFanimation\nFast CW\nFastenal\nFeiss Lighting\nFernco\nFisher & Paykel\nFluidmaster\nFluidyne\nGeneral Electric\nGerber\nGM Lighting\nGolden Lihgting\nGrinnell\nHalco\nHansgrohe\nHardcast\nHarris Products\nHaviland Drainage Products\nHoneywell\nICP Equipment\nICP Fast Parts\nJacuzzi\nJohn Guest\nJomar\nJones Stephens\nKnauf Insulation\nKohler\nLasco\nLegend\nLegrand\nLenox\nLixil\nLuminance\nMaax\nMansfield\nMasco\nMatco\nMatteo Lighting\nMaxim Lighting\nMaxitrol\nMiele\nMilestone\nMIlwaukee\nMoen\nMTI Tubs\nMueller\nMulti Fittings\nMustee\nMyers Pump\nNavien\nNeoperl\nNora Lighting\nOasis Bathing\nOatey\nOmega Flex\nPentair\nPeter Mason\nPHD Manufacturing\nPorteous\nPrecisionaire\nProgress Lighting\nQuoizel\nRed-White Valve\nRobern\nSealtite\nShurtape\nSimply Soft\nSioux Chief\nSloan\nSpeed Queen\nSterling Fiberglass\nStormPro\nStudor\nSub-Zero/Wolf\nSwan\nSymmons\nT&S Brass\nThermo\nThomas Lighting\nTruaire\nTrue Residential\nTurbo Torch\nUniweld\nViega\nViking\nWard Mfg.\nWesco\nWestinghouse Lighting\nWhirlpool\nWirsbo/Uponor\nWisconsin\nWoodford Mfg. Co.\nWorthington\nZ-Lite Lighting\nZurn\nZoeller Pumps\nKitchen\nKitchen Faucets\nKitchen Sinks\nDisposals\nCountertop Appliances\nCooktops\nBar Faucets\nBar Sinks\nSoap Dispeners\nSink Grids\nCutting Boards\nBathroom\nToilets\nBathroom Faucets\nDrain Assembly\nPedestal Sinks\nBath Tubs\nShowers\nShower Walls & Sets\nTub & Showers\nShower Bases\nShower Heads\nVanities\nAppliances\nRefrigerators\nRange/Ovens\nCooktops\nDishwashers\nMicrowaves\nCountertop Appliances\nLaundry\nWashers\nDryers\nWall Ovens\nBeverage/Wine Storage\nChest Freezers\nGrills\nLighting\nPlumbing\nWater Heaters & Parts\nPumps & Accessories\nPEX\nPress Fittings\nPVC Pipe & Accessories\nCPVC/PVC Fittings & Accessories\nPVC/CPVC Cements, Primers & Cleaners\nSteel Pipe & Fittings\nCopper Tubing/Fittings\nBrass Fittings & Nipples\nDrains, Flashing & Carriers\nWater Softeners & Accessories\nBoilers and Parts\nWell Storage Tanks\nWater Coolers\nChemical & Rubber Goods\nSafety/PPE Equipment\nHVAC\nAES Indiana Rebate\nI&M Power Rebate\nHEIL\nGE Air\nOxbox\nBosch\nAprilAire\nMiller\nGree\nHVAC Equipment & Accessories\nRoof Top Units\nGas Leak Detectors\nRegisters & Grilles\nAir Cleaners & Filters\nFlex Duct, Duct Board & Accessories\nDuct Pipe & Fittings\nRefrigeration & A/C Specialties\nInsulation Products\nGas/Oil Burners & Accessories\nSafety/PPE Equipment\nTools\nMilwaukee\nTool Bits\nBlades\nSaws\nHangers, Suppports, Bolts, Nuts & Screws\nBatteries\nElectrical Wire & Cable\nElectrical Products\nGloves\nPower Cords\nPanel Boxes & Breakers\nConduit & Fittings\nGas Tanks & Accessories\nDoor, Window & Closet Products\nFire Extinguishers\nPaint Supplies\nLocksets\nLumber & Hardware\nSafety/PPE Equipment\nDiv. 10\nOur Services\nClosets & Shelving\nShower Doors: Framed or Custom\nSafety/PPE Equipment\nRestock Kits\nOutlet\nSafety/PPE Equipment\nSafety/PPE Equipment\nFor full functionality of this site it is necessary to enable JavaScript.\r\n         Here are the\ninstructions how to enable JavaScript in your web browser\n.\nPage Loading...\nBody Protection (1)\nMasks (3)\nEye Protection (2)\nHand Sanitizer/Cleaners (5)\nHand Protection (7)\nHearing Protection (1)\nShoe Covers (1)\nSign up and get the latest deals and news!\nCorporate Office\n6610 Guion Road\nIndianapolis, IN 46268\n(800) 873-1103\nCustomer Service\nContact Us\nNews\nWarranties & Returns\nAccount\nRegister\nLogin\nMy Account\nSales Resource\nPay Invoice Online\nAbout Us\nOur Story\nContact Us\nIndustries We Serve\nEmployment Application\nCareers\nLee Supply Staff\nResources\nFind Your Lee Branch\nProduct Training\nVendor Lists\nFind a Heil Elite Dealer\nUtility Rebate Submission\nCredit Application\nBuild Your Own Shower Door\nFinancing\nNews & Resources\nBuying Guides\n©\n2024 Lee Supply |\nPrivacy Policy\n| Site powered by\nBilltrust eCommerce",
    "https://www.gotolee.com/catalog/products/Appliances/dept-9S5": "Appliances | Lee Supply\n0\n(800) 873-1103\nQuick Order\nLocations\nContact Us\nSCAN\nLOG IN\nREGISTER\n0\nProducts\nLee Outlet\nSafety/PPE Equipment\nAppliances\nBrass Fittings & Nipples\nCopper Fittings\nWater Heaters\nWater Softeners & Accessories\nPlumbing\nMalleable Iron\nHVAC\nElectrical\nMilwaukee\nHardware\nTools\nClearance\nShowroom\nWater Heaters\nPro Press 1/2\nPro Press 3/4\nManufacturers\nVestil\n3M\nAdvanced Drainage Systems\nAirmax\nAlmo\nAmcraft\nAmerican Granby\nAqua Systems\nArc\nArmacell\nArterior Homes\nAtco\nB&K Products\nBackstop Thermal Expansions\nBasco\nBemis\nBest\nBlack Swan\nBlanco\nBluestar\nBoshart\nBow\nBradford White\nBrass Craft\nBrasstech\nBRCRFT\nBriggs\nBroan\nC&S Mfg.\nCambridge-Lee\nCapital Lighting\nCash Acme\nCharlotte Pipe\nChicago Faucet\nChicago Fittings\nCifial\nClarion Bathware\nCMI\nContinental Industries\nCresline\nDacor\nDanco Faucet Parts\nDearborn Products\nDelta Faucet\nDelta Prefabs\nDiablo\nDistinctive\nDiversitech\nDundee\nEatons\nElectrolux\nElkay\nElkhart\nEZ-FLO\nFanimation\nFast CW\nFastenal\nFeiss Lighting\nFernco\nFisher & Paykel\nFluidmaster\nFluidyne\nGeneral Electric\nGerber\nGM Lighting\nGolden Lihgting\nGrinnell\nHalco\nHansgrohe\nHardcast\nHarris Products\nHaviland Drainage Products\nHoneywell\nICP Equipment\nICP Fast Parts\nJacuzzi\nJohn Guest\nJomar\nJones Stephens\nKnauf Insulation\nKohler\nLasco\nLegend\nLegrand\nLenox\nLixil\nLuminance\nMaax\nMansfield\nMasco\nMatco\nMatteo Lighting\nMaxim Lighting\nMaxitrol\nMiele\nMilestone\nMIlwaukee\nMoen\nMTI Tubs\nMueller\nMulti Fittings\nMustee\nMyers Pump\nNavien\nNeoperl\nNora Lighting\nOasis Bathing\nOatey\nOmega Flex\nPentair\nPeter Mason\nPHD Manufacturing\nPorteous\nPrecisionaire\nProgress Lighting\nQuoizel\nRed-White Valve\nRobern\nSealtite\nShurtape\nSimply Soft\nSioux Chief\nSloan\nSpeed Queen\nSterling Fiberglass\nStormPro\nStudor\nSub-Zero/Wolf\nSwan\nSymmons\nT&S Brass\nThermo\nThomas Lighting\nTruaire\nTrue Residential\nTurbo Torch\nUniweld\nViega\nViking\nWard Mfg.\nWesco\nWestinghouse Lighting\nWhirlpool\nWirsbo/Uponor\nWisconsin\nWoodford Mfg. Co.\nWorthington\nZ-Lite Lighting\nZurn\nZoeller Pumps\nKitchen\nKitchen Faucets\nKitchen Sinks\nDisposals\nCountertop Appliances\nCooktops\nBar Faucets\nBar Sinks\nSoap Dispeners\nSink Grids\nCutting Boards\nBathroom\nToilets\nBathroom Faucets\nDrain Assembly\nPedestal Sinks\nBath Tubs\nShowers\nShower Walls & Sets\nTub & Showers\nShower Bases\nShower Heads\nVanities\nAppliances\nRefrigerators\nRange/Ovens\nCooktops\nDishwashers\nMicrowaves\nCountertop Appliances\nLaundry\nWashers\nDryers\nWall Ovens\nBeverage/Wine Storage\nChest Freezers\nGrills\nLighting\nPlumbing\nWater Heaters & Parts\nPumps & Accessories\nPEX\nPress Fittings\nPVC Pipe & Accessories\nCPVC/PVC Fittings & Accessories\nPVC/CPVC Cements, Primers & Cleaners\nSteel Pipe & Fittings\nCopper Tubing/Fittings\nBrass Fittings & Nipples\nDrains, Flashing & Carriers\nWater Softeners & Accessories\nBoilers and Parts\nWell Storage Tanks\nWater Coolers\nChemical & Rubber Goods\nSafety/PPE Equipment\nHVAC\nAES Indiana Rebate\nI&M Power Rebate\nHEIL\nGE Air\nOxbox\nBosch\nAprilAire\nMiller\nGree\nHVAC Equipment & Accessories\nRoof Top Units\nGas Leak Detectors\nRegisters & Grilles\nAir Cleaners & Filters\nFlex Duct, Duct Board & Accessories\nDuct Pipe & Fittings\nRefrigeration & A/C Specialties\nInsulation Products\nGas/Oil Burners & Accessories\nSafety/PPE Equipment\nTools\nMilwaukee\nTool Bits\nBlades\nSaws\nHangers, Suppports, Bolts, Nuts & Screws\nBatteries\nElectrical Wire & Cable\nElectrical Products\nGloves\nPower Cords\nPanel Boxes & Breakers\nConduit & Fittings\nGas Tanks & Accessories\nDoor, Window & Closet Products\nFire Extinguishers\nPaint Supplies\nLocksets\nLumber & Hardware\nSafety/PPE Equipment\nDiv. 10\nOur Services\nClosets & Shelving\nShower Doors: Framed or Custom\nSafety/PPE Equipment\nRestock Kits\nOutlet\nAppliances\nAppliances\nFor full functionality of this site it is necessary to enable JavaScript.\r\n         Here are the\ninstructions how to enable JavaScript in your web browser\n.\nPage Loading...\nAppliance Parts (+)\nAmana (+)\nAmerican Range US (+)\nBest (+)\nBest/Broan (+)\nBlomberg US (+)\nBlue Star (+)\nCapital (+)\nDacor (+)\nElectrolux/Frigidaire (+)\nFaber Dishwashers (5)\nFaber Ventilation (5)\nFhiaba US (+)\nFisher & Paykel (+)\nGeneral Electric (+)\nHotpoint (+)\nIlve (+)\nKitchenaid (+)\nLG Appliances (3)\nLiebherr (+)\nLynx (+)\nMaytag (+)\nMiele (+)\nPrimo Grills (+)\nRange Hoods (+)\nSamsung Appliances (+)\nScotsman (4)\nSharp Appliances (6)\nShowroom Displays (1)\nSubzero (+)\nSummit Appliances (2)\nTrue residential Refrigeration (+)\nUline Appliances (+)\nVent A Hood (+)\nVerona (+)\nViking Appliances (+)\nWhirlpool (+)\nWolf (+)\nZephyr (+)\nSign up and get the latest deals and news!\nCorporate Office\n6610 Guion Road\nIndianapolis, IN 46268\n(800) 873-1103\nCustomer Service\nContact Us\nNews\nWarranties & Returns\nAccount\nRegister\nLogin\nMy Account\nSales Resource\nPay Invoice Online\nAbout Us\nOur Story\nContact Us\nIndustries We Serve\nEmployment Application\nCareers\nLee Supply Staff\nResources\nFind Your Lee Branch\nProduct Training\nVendor Lists\nFind a Heil Elite Dealer\nUtility Rebate Submission\nCredit Application\nBuild Your Own Shower Door\nFinancing\nNews & Resources\nBuying Guides\n©\n2024 Lee Supply |\nPrivacy Policy\n| Site powered by\nBilltrust eCommerce",
    "https://www.gotolee.com/catalog/products/Water-Heaters/dept-9WW": "Water Heaters | Lee Supply\n0\n(800) 873-1103\nQuick Order\nLocations\nContact Us\nSCAN\nLOG IN\nREGISTER\n0\nProducts\nLee Outlet\nSafety/PPE Equipment\nAppliances\nBrass Fittings & Nipples\nCopper Fittings\nWater Heaters\nWater Softeners & Accessories\nPlumbing\nMalleable Iron\nHVAC\nElectrical\nMilwaukee\nHardware\nTools\nClearance\nShowroom\nWater Heaters\nPro Press 1/2\nPro Press 3/4\nManufacturers\nVestil\n3M\nAdvanced Drainage Systems\nAirmax\nAlmo\nAmcraft\nAmerican Granby\nAqua Systems\nArc\nArmacell\nArterior Homes\nAtco\nB&K Products\nBackstop Thermal Expansions\nBasco\nBemis\nBest\nBlack Swan\nBlanco\nBluestar\nBoshart\nBow\nBradford White\nBrass Craft\nBrasstech\nBRCRFT\nBriggs\nBroan\nC&S Mfg.\nCambridge-Lee\nCapital Lighting\nCash Acme\nCharlotte Pipe\nChicago Faucet\nChicago Fittings\nCifial\nClarion Bathware\nCMI\nContinental Industries\nCresline\nDacor\nDanco Faucet Parts\nDearborn Products\nDelta Faucet\nDelta Prefabs\nDiablo\nDistinctive\nDiversitech\nDundee\nEatons\nElectrolux\nElkay\nElkhart\nEZ-FLO\nFanimation\nFast CW\nFastenal\nFeiss Lighting\nFernco\nFisher & Paykel\nFluidmaster\nFluidyne\nGeneral Electric\nGerber\nGM Lighting\nGolden Lihgting\nGrinnell\nHalco\nHansgrohe\nHardcast\nHarris Products\nHaviland Drainage Products\nHoneywell\nICP Equipment\nICP Fast Parts\nJacuzzi\nJohn Guest\nJomar\nJones Stephens\nKnauf Insulation\nKohler\nLasco\nLegend\nLegrand\nLenox\nLixil\nLuminance\nMaax\nMansfield\nMasco\nMatco\nMatteo Lighting\nMaxim Lighting\nMaxitrol\nMiele\nMilestone\nMIlwaukee\nMoen\nMTI Tubs\nMueller\nMulti Fittings\nMustee\nMyers Pump\nNavien\nNeoperl\nNora Lighting\nOasis Bathing\nOatey\nOmega Flex\nPentair\nPeter Mason\nPHD Manufacturing\nPorteous\nPrecisionaire\nProgress Lighting\nQuoizel\nRed-White Valve\nRobern\nSealtite\nShurtape\nSimply Soft\nSioux Chief\nSloan\nSpeed Queen\nSterling Fiberglass\nStormPro\nStudor\nSub-Zero/Wolf\nSwan\nSymmons\nT&S Brass\nThermo\nThomas Lighting\nTruaire\nTrue Residential\nTurbo Torch\nUniweld\nViega\nViking\nWard Mfg.\nWesco\nWestinghouse Lighting\nWhirlpool\nWirsbo/Uponor\nWisconsin\nWoodford Mfg. Co.\nWorthington\nZ-Lite Lighting\nZurn\nZoeller Pumps\nKitchen\nKitchen Faucets\nKitchen Sinks\nDisposals\nCountertop Appliances\nCooktops\nBar Faucets\nBar Sinks\nSoap Dispeners\nSink Grids\nCutting Boards\nBathroom\nToilets\nBathroom Faucets\nDrain Assembly\nPedestal Sinks\nBath Tubs\nShowers\nShower Walls & Sets\nTub & Showers\nShower Bases\nShower Heads\nVanities\nAppliances\nRefrigerators\nRange/Ovens\nCooktops\nDishwashers\nMicrowaves\nCountertop Appliances\nLaundry\nWashers\nDryers\nWall Ovens\nBeverage/Wine Storage\nChest Freezers\nGrills\nLighting\nPlumbing\nWater Heaters & Parts\nPumps & Accessories\nPEX\nPress Fittings\nPVC Pipe & Accessories\nCPVC/PVC Fittings & Accessories\nPVC/CPVC Cements, Primers & Cleaners\nSteel Pipe & Fittings\nCopper Tubing/Fittings\nBrass Fittings & Nipples\nDrains, Flashing & Carriers\nWater Softeners & Accessories\nBoilers and Parts\nWell Storage Tanks\nWater Coolers\nChemical & Rubber Goods\nSafety/PPE Equipment\nHVAC\nAES Indiana Rebate\nI&M Power Rebate\nHEIL\nGE Air\nOxbox\nBosch\nAprilAire\nMiller\nGree\nHVAC Equipment & Accessories\nRoof Top Units\nGas Leak Detectors\nRegisters & Grilles\nAir Cleaners & Filters\nFlex Duct, Duct Board & Accessories\nDuct Pipe & Fittings\nRefrigeration & A/C Specialties\nInsulation Products\nGas/Oil Burners & Accessories\nSafety/PPE Equipment\nTools\nMilwaukee\nTool Bits\nBlades\nSaws\nHangers, Suppports, Bolts, Nuts & Screws\nBatteries\nElectrical Wire & Cable\nElectrical Products\nGloves\nPower Cords\nPanel Boxes & Breakers\nConduit & Fittings\nGas Tanks & Accessories\nDoor, Window & Closet Products\nFire Extinguishers\nPaint Supplies\nLocksets\nLumber & Hardware\nSafety/PPE Equipment\nDiv. 10\nOur Services\nClosets & Shelving\nShower Doors: Framed or Custom\nSafety/PPE Equipment\nRestock Kits\nOutlet\nWater Heaters\nWater Heaters\nFor full functionality of this site it is necessary to enable JavaScript.\r\n         Here are the\ninstructions how to enable JavaScript in your web browser\n.\nPage Loading...\nMost Popular\nBRADFORD WHITE - 50 GALLON TALL GAS WATER HEA...\nQty\nPrice:\n$0.00 ea\nAdd to Cart\nBRADFORD WHITE - 50 GALLON ELECTRIC TALL RESI...\nQty\nPrice:\n$0.00 ea\nAdd to Cart\nProduct Categories\nBradford White (+)\nCommercial Water Heater Parts (56)\nEemax Tankless Water Heaters (4)\nNavien Tankless Water Heaters (78)\nSign up and get the latest deals and news!\nCorporate Office\n6610 Guion Road\nIndianapolis, IN 46268\n(800) 873-1103\nCustomer Service\nContact Us\nNews\nWarranties & Returns\nAccount\nRegister\nLogin\nMy Account\nSales Resource\nPay Invoice Online\nAbout Us\nOur Story\nContact Us\nIndustries We Serve\nEmployment Application\nCareers\nLee Supply Staff\nResources\nFind Your Lee Branch\nProduct Training\nVendor Lists\nFind a Heil Elite Dealer\nUtility Rebate Submission\nCredit Application\nBuild Your Own Shower Door\nFinancing\nNews & Resources\nBuying Guides\n©\n2024 Lee Supply |\nPrivacy Policy\n| Site powered by\nBilltrust eCommerce",
    "https://www.gotolee.com/catalog/products/Plumbing/dept-9X8": "Plumbing | Lee Supply\n0\n(800) 873-1103\nQuick Order\nLocations\nContact Us\nSCAN\nLOG IN\nREGISTER\n0\nProducts\nLee Outlet\nSafety/PPE Equipment\nAppliances\nBrass Fittings & Nipples\nCopper Fittings\nWater Heaters\nWater Softeners & Accessories\nPlumbing\nMalleable Iron\nHVAC\nElectrical\nMilwaukee\nHardware\nTools\nClearance\nShowroom\nWater Heaters\nPro Press 1/2\nPro Press 3/4\nManufacturers\nVestil\n3M\nAdvanced Drainage Systems\nAirmax\nAlmo\nAmcraft\nAmerican Granby\nAqua Systems\nArc\nArmacell\nArterior Homes\nAtco\nB&K Products\nBackstop Thermal Expansions\nBasco\nBemis\nBest\nBlack Swan\nBlanco\nBluestar\nBoshart\nBow\nBradford White\nBrass Craft\nBrasstech\nBRCRFT\nBriggs\nBroan\nC&S Mfg.\nCambridge-Lee\nCapital Lighting\nCash Acme\nCharlotte Pipe\nChicago Faucet\nChicago Fittings\nCifial\nClarion Bathware\nCMI\nContinental Industries\nCresline\nDacor\nDanco Faucet Parts\nDearborn Products\nDelta Faucet\nDelta Prefabs\nDiablo\nDistinctive\nDiversitech\nDundee\nEatons\nElectrolux\nElkay\nElkhart\nEZ-FLO\nFanimation\nFast CW\nFastenal\nFeiss Lighting\nFernco\nFisher & Paykel\nFluidmaster\nFluidyne\nGeneral Electric\nGerber\nGM Lighting\nGolden Lihgting\nGrinnell\nHalco\nHansgrohe\nHardcast\nHarris Products\nHaviland Drainage Products\nHoneywell\nICP Equipment\nICP Fast Parts\nJacuzzi\nJohn Guest\nJomar\nJones Stephens\nKnauf Insulation\nKohler\nLasco\nLegend\nLegrand\nLenox\nLixil\nLuminance\nMaax\nMansfield\nMasco\nMatco\nMatteo Lighting\nMaxim Lighting\nMaxitrol\nMiele\nMilestone\nMIlwaukee\nMoen\nMTI Tubs\nMueller\nMulti Fittings\nMustee\nMyers Pump\nNavien\nNeoperl\nNora Lighting\nOasis Bathing\nOatey\nOmega Flex\nPentair\nPeter Mason\nPHD Manufacturing\nPorteous\nPrecisionaire\nProgress Lighting\nQuoizel\nRed-White Valve\nRobern\nSealtite\nShurtape\nSimply Soft\nSioux Chief\nSloan\nSpeed Queen\nSterling Fiberglass\nStormPro\nStudor\nSub-Zero/Wolf\nSwan\nSymmons\nT&S Brass\nThermo\nThomas Lighting\nTruaire\nTrue Residential\nTurbo Torch\nUniweld\nViega\nViking\nWard Mfg.\nWesco\nWestinghouse Lighting\nWhirlpool\nWirsbo/Uponor\nWisconsin\nWoodford Mfg. Co.\nWorthington\nZ-Lite Lighting\nZurn\nZoeller Pumps\nKitchen\nKitchen Faucets\nKitchen Sinks\nDisposals\nCountertop Appliances\nCooktops\nBar Faucets\nBar Sinks\nSoap Dispeners\nSink Grids\nCutting Boards\nBathroom\nToilets\nBathroom Faucets\nDrain Assembly\nPedestal Sinks\nBath Tubs\nShowers\nShower Walls & Sets\nTub & Showers\nShower Bases\nShower Heads\nVanities\nAppliances\nRefrigerators\nRange/Ovens\nCooktops\nDishwashers\nMicrowaves\nCountertop Appliances\nLaundry\nWashers\nDryers\nWall Ovens\nBeverage/Wine Storage\nChest Freezers\nGrills\nLighting\nPlumbing\nWater Heaters & Parts\nPumps & Accessories\nPEX\nPress Fittings\nPVC Pipe & Accessories\nCPVC/PVC Fittings & Accessories\nPVC/CPVC Cements, Primers & Cleaners\nSteel Pipe & Fittings\nCopper Tubing/Fittings\nBrass Fittings & Nipples\nDrains, Flashing & Carriers\nWater Softeners & Accessories\nBoilers and Parts\nWell Storage Tanks\nWater Coolers\nChemical & Rubber Goods\nSafety/PPE Equipment\nHVAC\nAES Indiana Rebate\nI&M Power Rebate\nHEIL\nGE Air\nOxbox\nBosch\nAprilAire\nMiller\nGree\nHVAC Equipment & Accessories\nRoof Top Units\nGas Leak Detectors\nRegisters & Grilles\nAir Cleaners & Filters\nFlex Duct, Duct Board & Accessories\nDuct Pipe & Fittings\nRefrigeration & A/C Specialties\nInsulation Products\nGas/Oil Burners & Accessories\nSafety/PPE Equipment\nTools\nMilwaukee\nTool Bits\nBlades\nSaws\nHangers, Suppports, Bolts, Nuts & Screws\nBatteries\nElectrical Wire & Cable\nElectrical Products\nGloves\nPower Cords\nPanel Boxes & Breakers\nConduit & Fittings\nGas Tanks & Accessories\nDoor, Window & Closet Products\nFire Extinguishers\nPaint Supplies\nLocksets\nLumber & Hardware\nSafety/PPE Equipment\nDiv. 10\nOur Services\nClosets & Shelving\nShower Doors: Framed or Custom\nSafety/PPE Equipment\nRestock Kits\nOutlet\nPlumbing\nPlumbing\nFor full functionality of this site it is necessary to enable JavaScript.\r\n         Here are the\ninstructions how to enable JavaScript in your web browser\n.\nPage Loading...\nChemical & Rubber Goods (+)\nCopper Tubing & Fittings (+)\nDisposals (+)\nDrains, Leads, Solders & Flashings (+)\nFaucets, Valves & Parts (+)\nHot Water & Steam Specialties (+)\nPlastic Pipe, Fittings & Accessories (+)\nPlumbing Fixtures (+)\nPumps, Pits, Lids & Accessories (+)\nSoil Pipe & fittings (+)\nSteel, Malleable, Cast Iron, Brass Fittings & Nipples (+)\nTops, Bases & Closet Seats (+)\nTraining Materials (+)\nTubular, Flexibles, Brass & Plumbing Specialties (+)\nValves (+)\nWater Coolers (+)\nWater Heaters & Parts (+)\nWater Softeners & Accessories (+)\nSign up and get the latest deals and news!\nCorporate Office\n6610 Guion Road\nIndianapolis, IN 46268\n(800) 873-1103\nCustomer Service\nContact Us\nNews\nWarranties & Returns\nAccount\nRegister\nLogin\nMy Account\nSales Resource\nPay Invoice Online\nAbout Us\nOur Story\nContact Us\nIndustries We Serve\nEmployment Application\nCareers\nLee Supply Staff\nResources\nFind Your Lee Branch\nProduct Training\nVendor Lists\nFind a Heil Elite Dealer\nUtility Rebate Submission\nCredit Application\nBuild Your Own Shower Door\nFinancing\nNews & Resources\nBuying Guides\n©\n2024 Lee Supply |\nPrivacy Policy\n| Site powered by\nBilltrust eCommerce",
    "https://www.gotolee.com/catalog/products/HVAC/dept-B3R": "HVAC | Lee Supply\n0\n(800) 873-1103\nQuick Order\nLocations\nContact Us\nSCAN\nLOG IN\nREGISTER\n0\nProducts\nLee Outlet\nSafety/PPE Equipment\nAppliances\nBrass Fittings & Nipples\nCopper Fittings\nWater Heaters\nWater Softeners & Accessories\nPlumbing\nMalleable Iron\nHVAC\nElectrical\nMilwaukee\nHardware\nTools\nClearance\nShowroom\nWater Heaters\nPro Press 1/2\nPro Press 3/4\nManufacturers\nVestil\n3M\nAdvanced Drainage Systems\nAirmax\nAlmo\nAmcraft\nAmerican Granby\nAqua Systems\nArc\nArmacell\nArterior Homes\nAtco\nB&K Products\nBackstop Thermal Expansions\nBasco\nBemis\nBest\nBlack Swan\nBlanco\nBluestar\nBoshart\nBow\nBradford White\nBrass Craft\nBrasstech\nBRCRFT\nBriggs\nBroan\nC&S Mfg.\nCambridge-Lee\nCapital Lighting\nCash Acme\nCharlotte Pipe\nChicago Faucet\nChicago Fittings\nCifial\nClarion Bathware\nCMI\nContinental Industries\nCresline\nDacor\nDanco Faucet Parts\nDearborn Products\nDelta Faucet\nDelta Prefabs\nDiablo\nDistinctive\nDiversitech\nDundee\nEatons\nElectrolux\nElkay\nElkhart\nEZ-FLO\nFanimation\nFast CW\nFastenal\nFeiss Lighting\nFernco\nFisher & Paykel\nFluidmaster\nFluidyne\nGeneral Electric\nGerber\nGM Lighting\nGolden Lihgting\nGrinnell\nHalco\nHansgrohe\nHardcast\nHarris Products\nHaviland Drainage Products\nHoneywell\nICP Equipment\nICP Fast Parts\nJacuzzi\nJohn Guest\nJomar\nJones Stephens\nKnauf Insulation\nKohler\nLasco\nLegend\nLegrand\nLenox\nLixil\nLuminance\nMaax\nMansfield\nMasco\nMatco\nMatteo Lighting\nMaxim Lighting\nMaxitrol\nMiele\nMilestone\nMIlwaukee\nMoen\nMTI Tubs\nMueller\nMulti Fittings\nMustee\nMyers Pump\nNavien\nNeoperl\nNora Lighting\nOasis Bathing\nOatey\nOmega Flex\nPentair\nPeter Mason\nPHD Manufacturing\nPorteous\nPrecisionaire\nProgress Lighting\nQuoizel\nRed-White Valve\nRobern\nSealtite\nShurtape\nSimply Soft\nSioux Chief\nSloan\nSpeed Queen\nSterling Fiberglass\nStormPro\nStudor\nSub-Zero/Wolf\nSwan\nSymmons\nT&S Brass\nThermo\nThomas Lighting\nTruaire\nTrue Residential\nTurbo Torch\nUniweld\nViega\nViking\nWard Mfg.\nWesco\nWestinghouse Lighting\nWhirlpool\nWirsbo/Uponor\nWisconsin\nWoodford Mfg. Co.\nWorthington\nZ-Lite Lighting\nZurn\nZoeller Pumps\nKitchen\nKitchen Faucets\nKitchen Sinks\nDisposals\nCountertop Appliances\nCooktops\nBar Faucets\nBar Sinks\nSoap Dispeners\nSink Grids\nCutting Boards\nBathroom\nToilets\nBathroom Faucets\nDrain Assembly\nPedestal Sinks\nBath Tubs\nShowers\nShower Walls & Sets\nTub & Showers\nShower Bases\nShower Heads\nVanities\nAppliances\nRefrigerators\nRange/Ovens\nCooktops\nDishwashers\nMicrowaves\nCountertop Appliances\nLaundry\nWashers\nDryers\nWall Ovens\nBeverage/Wine Storage\nChest Freezers\nGrills\nLighting\nPlumbing\nWater Heaters & Parts\nPumps & Accessories\nPEX\nPress Fittings\nPVC Pipe & Accessories\nCPVC/PVC Fittings & Accessories\nPVC/CPVC Cements, Primers & Cleaners\nSteel Pipe & Fittings\nCopper Tubing/Fittings\nBrass Fittings & Nipples\nDrains, Flashing & Carriers\nWater Softeners & Accessories\nBoilers and Parts\nWell Storage Tanks\nWater Coolers\nChemical & Rubber Goods\nSafety/PPE Equipment\nHVAC\nAES Indiana Rebate\nI&M Power Rebate\nHEIL\nGE Air\nOxbox\nBosch\nAprilAire\nMiller\nGree\nHVAC Equipment & Accessories\nRoof Top Units\nGas Leak Detectors\nRegisters & Grilles\nAir Cleaners & Filters\nFlex Duct, Duct Board & Accessories\nDuct Pipe & Fittings\nRefrigeration & A/C Specialties\nInsulation Products\nGas/Oil Burners & Accessories\nSafety/PPE Equipment\nTools\nMilwaukee\nTool Bits\nBlades\nSaws\nHangers, Suppports, Bolts, Nuts & Screws\nBatteries\nElectrical Wire & Cable\nElectrical Products\nGloves\nPower Cords\nPanel Boxes & Breakers\nConduit & Fittings\nGas Tanks & Accessories\nDoor, Window & Closet Products\nFire Extinguishers\nPaint Supplies\nLocksets\nLumber & Hardware\nSafety/PPE Equipment\nDiv. 10\nOur Services\nClosets & Shelving\nShower Doors: Framed or Custom\nSafety/PPE Equipment\nRestock Kits\nOutlet\nHVAC\nHVAC\nFor full functionality of this site it is necessary to enable JavaScript.\r\n         Here are the\ninstructions how to enable JavaScript in your web browser\n.\nPage Loading...\nAir Cleaners & Attic Ventilators (+)\nDuct Pipe, Fittings & Accessories (+)\nGas & Oil Burners & Accessories (+)\nHeating & Cooling Controls (+)\nHeating/Cooling Equipment, Parts & Accessories (+)\nInsulation Products (+)\nRefrigeration & A/C Specialties (+)\nRegisters & Grilles (+)\nSign up and get the latest deals and news!\nCorporate Office\n6610 Guion Road\nIndianapolis, IN 46268\n(800) 873-1103\nCustomer Service\nContact Us\nNews\nWarranties & Returns\nAccount\nRegister\nLogin\nMy Account\nSales Resource\nPay Invoice Online\nAbout Us\nOur Story\nContact Us\nIndustries We Serve\nEmployment Application\nCareers\nLee Supply Staff\nResources\nFind Your Lee Branch\nProduct Training\nVendor Lists\nFind a Heil Elite Dealer\nUtility Rebate Submission\nCredit Application\nBuild Your Own Shower Door\nFinancing\nNews & Resources\nBuying Guides\n©\n2024 Lee Supply |\nPrivacy Policy\n| Site powered by\nBilltrust eCommerce",
    "https://www.gotolee.com/catalog/products/Electrical/dept-BFY": "Electrical | Lee Supply\n0\n(800) 873-1103\nQuick Order\nLocations\nContact Us\nSCAN\nLOG IN\nREGISTER\n0\nProducts\nLee Outlet\nSafety/PPE Equipment\nAppliances\nBrass Fittings & Nipples\nCopper Fittings\nWater Heaters\nWater Softeners & Accessories\nPlumbing\nMalleable Iron\nHVAC\nElectrical\nMilwaukee\nHardware\nTools\nClearance\nShowroom\nWater Heaters\nPro Press 1/2\nPro Press 3/4\nManufacturers\nVestil\n3M\nAdvanced Drainage Systems\nAirmax\nAlmo\nAmcraft\nAmerican Granby\nAqua Systems\nArc\nArmacell\nArterior Homes\nAtco\nB&K Products\nBackstop Thermal Expansions\nBasco\nBemis\nBest\nBlack Swan\nBlanco\nBluestar\nBoshart\nBow\nBradford White\nBrass Craft\nBrasstech\nBRCRFT\nBriggs\nBroan\nC&S Mfg.\nCambridge-Lee\nCapital Lighting\nCash Acme\nCharlotte Pipe\nChicago Faucet\nChicago Fittings\nCifial\nClarion Bathware\nCMI\nContinental Industries\nCresline\nDacor\nDanco Faucet Parts\nDearborn Products\nDelta Faucet\nDelta Prefabs\nDiablo\nDistinctive\nDiversitech\nDundee\nEatons\nElectrolux\nElkay\nElkhart\nEZ-FLO\nFanimation\nFast CW\nFastenal\nFeiss Lighting\nFernco\nFisher & Paykel\nFluidmaster\nFluidyne\nGeneral Electric\nGerber\nGM Lighting\nGolden Lihgting\nGrinnell\nHalco\nHansgrohe\nHardcast\nHarris Products\nHaviland Drainage Products\nHoneywell\nICP Equipment\nICP Fast Parts\nJacuzzi\nJohn Guest\nJomar\nJones Stephens\nKnauf Insulation\nKohler\nLasco\nLegend\nLegrand\nLenox\nLixil\nLuminance\nMaax\nMansfield\nMasco\nMatco\nMatteo Lighting\nMaxim Lighting\nMaxitrol\nMiele\nMilestone\nMIlwaukee\nMoen\nMTI Tubs\nMueller\nMulti Fittings\nMustee\nMyers Pump\nNavien\nNeoperl\nNora Lighting\nOasis Bathing\nOatey\nOmega Flex\nPentair\nPeter Mason\nPHD Manufacturing\nPorteous\nPrecisionaire\nProgress Lighting\nQuoizel\nRed-White Valve\nRobern\nSealtite\nShurtape\nSimply Soft\nSioux Chief\nSloan\nSpeed Queen\nSterling Fiberglass\nStormPro\nStudor\nSub-Zero/Wolf\nSwan\nSymmons\nT&S Brass\nThermo\nThomas Lighting\nTruaire\nTrue Residential\nTurbo Torch\nUniweld\nViega\nViking\nWard Mfg.\nWesco\nWestinghouse Lighting\nWhirlpool\nWirsbo/Uponor\nWisconsin\nWoodford Mfg. Co.\nWorthington\nZ-Lite Lighting\nZurn\nZoeller Pumps\nKitchen\nKitchen Faucets\nKitchen Sinks\nDisposals\nCountertop Appliances\nCooktops\nBar Faucets\nBar Sinks\nSoap Dispeners\nSink Grids\nCutting Boards\nBathroom\nToilets\nBathroom Faucets\nDrain Assembly\nPedestal Sinks\nBath Tubs\nShowers\nShower Walls & Sets\nTub & Showers\nShower Bases\nShower Heads\nVanities\nAppliances\nRefrigerators\nRange/Ovens\nCooktops\nDishwashers\nMicrowaves\nCountertop Appliances\nLaundry\nWashers\nDryers\nWall Ovens\nBeverage/Wine Storage\nChest Freezers\nGrills\nLighting\nPlumbing\nWater Heaters & Parts\nPumps & Accessories\nPEX\nPress Fittings\nPVC Pipe & Accessories\nCPVC/PVC Fittings & Accessories\nPVC/CPVC Cements, Primers & Cleaners\nSteel Pipe & Fittings\nCopper Tubing/Fittings\nBrass Fittings & Nipples\nDrains, Flashing & Carriers\nWater Softeners & Accessories\nBoilers and Parts\nWell Storage Tanks\nWater Coolers\nChemical & Rubber Goods\nSafety/PPE Equipment\nHVAC\nAES Indiana Rebate\nI&M Power Rebate\nHEIL\nGE Air\nOxbox\nBosch\nAprilAire\nMiller\nGree\nHVAC Equipment & Accessories\nRoof Top Units\nGas Leak Detectors\nRegisters & Grilles\nAir Cleaners & Filters\nFlex Duct, Duct Board & Accessories\nDuct Pipe & Fittings\nRefrigeration & A/C Specialties\nInsulation Products\nGas/Oil Burners & Accessories\nSafety/PPE Equipment\nTools\nMilwaukee\nTool Bits\nBlades\nSaws\nHangers, Suppports, Bolts, Nuts & Screws\nBatteries\nElectrical Wire & Cable\nElectrical Products\nGloves\nPower Cords\nPanel Boxes & Breakers\nConduit & Fittings\nGas Tanks & Accessories\nDoor, Window & Closet Products\nFire Extinguishers\nPaint Supplies\nLocksets\nLumber & Hardware\nSafety/PPE Equipment\nDiv. 10\nOur Services\nClosets & Shelving\nShower Doors: Framed or Custom\nSafety/PPE Equipment\nRestock Kits\nOutlet\nElectrical\nElectrical\nFor full functionality of this site it is necessary to enable JavaScript.\r\n         Here are the\ninstructions how to enable JavaScript in your web browser\n.\nPage Loading...\nElectrical Supplies (+)\nElectrical Wire & Cable (+)\nSign up and get the latest deals and news!\nCorporate Office\n6610 Guion Road\nIndianapolis, IN 46268\n(800) 873-1103\nCustomer Service\nContact Us\nNews\nWarranties & Returns\nAccount\nRegister\nLogin\nMy Account\nSales Resource\nPay Invoice Online\nAbout Us\nOur Story\nContact Us\nIndustries We Serve\nEmployment Application\nCareers\nLee Supply Staff\nResources\nFind Your Lee Branch\nProduct Training\nVendor Lists\nFind a Heil Elite Dealer\nUtility Rebate Submission\nCredit Application\nBuild Your Own Shower Door\nFinancing\nNews & Resources\nBuying Guides\n©\n2024 Lee Supply |\nPrivacy Policy\n| Site powered by\nBilltrust eCommerce",
    "https://www.gotolee.com/catalog/products/Hardware/dept-BHZ": "Hardware | Lee Supply\n0\n(800) 873-1103\nQuick Order\nLocations\nContact Us\nSCAN\nLOG IN\nREGISTER\n0\nProducts\nLee Outlet\nSafety/PPE Equipment\nAppliances\nBrass Fittings & Nipples\nCopper Fittings\nWater Heaters\nWater Softeners & Accessories\nPlumbing\nMalleable Iron\nHVAC\nElectrical\nMilwaukee\nHardware\nTools\nClearance\nShowroom\nWater Heaters\nPro Press 1/2\nPro Press 3/4\nManufacturers\nVestil\n3M\nAdvanced Drainage Systems\nAirmax\nAlmo\nAmcraft\nAmerican Granby\nAqua Systems\nArc\nArmacell\nArterior Homes\nAtco\nB&K Products\nBackstop Thermal Expansions\nBasco\nBemis\nBest\nBlack Swan\nBlanco\nBluestar\nBoshart\nBow\nBradford White\nBrass Craft\nBrasstech\nBRCRFT\nBriggs\nBroan\nC&S Mfg.\nCambridge-Lee\nCapital Lighting\nCash Acme\nCharlotte Pipe\nChicago Faucet\nChicago Fittings\nCifial\nClarion Bathware\nCMI\nContinental Industries\nCresline\nDacor\nDanco Faucet Parts\nDearborn Products\nDelta Faucet\nDelta Prefabs\nDiablo\nDistinctive\nDiversitech\nDundee\nEatons\nElectrolux\nElkay\nElkhart\nEZ-FLO\nFanimation\nFast CW\nFastenal\nFeiss Lighting\nFernco\nFisher & Paykel\nFluidmaster\nFluidyne\nGeneral Electric\nGerber\nGM Lighting\nGolden Lihgting\nGrinnell\nHalco\nHansgrohe\nHardcast\nHarris Products\nHaviland Drainage Products\nHoneywell\nICP Equipment\nICP Fast Parts\nJacuzzi\nJohn Guest\nJomar\nJones Stephens\nKnauf Insulation\nKohler\nLasco\nLegend\nLegrand\nLenox\nLixil\nLuminance\nMaax\nMansfield\nMasco\nMatco\nMatteo Lighting\nMaxim Lighting\nMaxitrol\nMiele\nMilestone\nMIlwaukee\nMoen\nMTI Tubs\nMueller\nMulti Fittings\nMustee\nMyers Pump\nNavien\nNeoperl\nNora Lighting\nOasis Bathing\nOatey\nOmega Flex\nPentair\nPeter Mason\nPHD Manufacturing\nPorteous\nPrecisionaire\nProgress Lighting\nQuoizel\nRed-White Valve\nRobern\nSealtite\nShurtape\nSimply Soft\nSioux Chief\nSloan\nSpeed Queen\nSterling Fiberglass\nStormPro\nStudor\nSub-Zero/Wolf\nSwan\nSymmons\nT&S Brass\nThermo\nThomas Lighting\nTruaire\nTrue Residential\nTurbo Torch\nUniweld\nViega\nViking\nWard Mfg.\nWesco\nWestinghouse Lighting\nWhirlpool\nWirsbo/Uponor\nWisconsin\nWoodford Mfg. Co.\nWorthington\nZ-Lite Lighting\nZurn\nZoeller Pumps\nKitchen\nKitchen Faucets\nKitchen Sinks\nDisposals\nCountertop Appliances\nCooktops\nBar Faucets\nBar Sinks\nSoap Dispeners\nSink Grids\nCutting Boards\nBathroom\nToilets\nBathroom Faucets\nDrain Assembly\nPedestal Sinks\nBath Tubs\nShowers\nShower Walls & Sets\nTub & Showers\nShower Bases\nShower Heads\nVanities\nAppliances\nRefrigerators\nRange/Ovens\nCooktops\nDishwashers\nMicrowaves\nCountertop Appliances\nLaundry\nWashers\nDryers\nWall Ovens\nBeverage/Wine Storage\nChest Freezers\nGrills\nLighting\nPlumbing\nWater Heaters & Parts\nPumps & Accessories\nPEX\nPress Fittings\nPVC Pipe & Accessories\nCPVC/PVC Fittings & Accessories\nPVC/CPVC Cements, Primers & Cleaners\nSteel Pipe & Fittings\nCopper Tubing/Fittings\nBrass Fittings & Nipples\nDrains, Flashing & Carriers\nWater Softeners & Accessories\nBoilers and Parts\nWell Storage Tanks\nWater Coolers\nChemical & Rubber Goods\nSafety/PPE Equipment\nHVAC\nAES Indiana Rebate\nI&M Power Rebate\nHEIL\nGE Air\nOxbox\nBosch\nAprilAire\nMiller\nGree\nHVAC Equipment & Accessories\nRoof Top Units\nGas Leak Detectors\nRegisters & Grilles\nAir Cleaners & Filters\nFlex Duct, Duct Board & Accessories\nDuct Pipe & Fittings\nRefrigeration & A/C Specialties\nInsulation Products\nGas/Oil Burners & Accessories\nSafety/PPE Equipment\nTools\nMilwaukee\nTool Bits\nBlades\nSaws\nHangers, Suppports, Bolts, Nuts & Screws\nBatteries\nElectrical Wire & Cable\nElectrical Products\nGloves\nPower Cords\nPanel Boxes & Breakers\nConduit & Fittings\nGas Tanks & Accessories\nDoor, Window & Closet Products\nFire Extinguishers\nPaint Supplies\nLocksets\nLumber & Hardware\nSafety/PPE Equipment\nDiv. 10\nOur Services\nClosets & Shelving\nShower Doors: Framed or Custom\nSafety/PPE Equipment\nRestock Kits\nOutlet\nHardware\nHardware\nFor full functionality of this site it is necessary to enable JavaScript.\r\n         Here are the\ninstructions how to enable JavaScript in your web browser\n.\nPage Loading...\nBuilders Hardware (+)\nSign up and get the latest deals and news!\nCorporate Office\n6610 Guion Road\nIndianapolis, IN 46268\n(800) 873-1103\nCustomer Service\nContact Us\nNews\nWarranties & Returns\nAccount\nRegister\nLogin\nMy Account\nSales Resource\nPay Invoice Online\nAbout Us\nOur Story\nContact Us\nIndustries We Serve\nEmployment Application\nCareers\nLee Supply Staff\nResources\nFind Your Lee Branch\nProduct Training\nVendor Lists\nFind a Heil Elite Dealer\nUtility Rebate Submission\nCredit Application\nBuild Your Own Shower Door\nFinancing\nNews & Resources\nBuying Guides\n©\n2024 Lee Supply |\nPrivacy Policy\n| Site powered by\nBilltrust eCommerce",
    "https://www.gotolee.com/catalog/products/Tools/dept-BJ3": "Tools | Lee Supply\n0\n(800) 873-1103\nQuick Order\nLocations\nContact Us\nSCAN\nLOG IN\nREGISTER\n0\nProducts\nLee Outlet\nSafety/PPE Equipment\nAppliances\nBrass Fittings & Nipples\nCopper Fittings\nWater Heaters\nWater Softeners & Accessories\nPlumbing\nMalleable Iron\nHVAC\nElectrical\nMilwaukee\nHardware\nTools\nClearance\nShowroom\nWater Heaters\nPro Press 1/2\nPro Press 3/4\nManufacturers\nVestil\n3M\nAdvanced Drainage Systems\nAirmax\nAlmo\nAmcraft\nAmerican Granby\nAqua Systems\nArc\nArmacell\nArterior Homes\nAtco\nB&K Products\nBackstop Thermal Expansions\nBasco\nBemis\nBest\nBlack Swan\nBlanco\nBluestar\nBoshart\nBow\nBradford White\nBrass Craft\nBrasstech\nBRCRFT\nBriggs\nBroan\nC&S Mfg.\nCambridge-Lee\nCapital Lighting\nCash Acme\nCharlotte Pipe\nChicago Faucet\nChicago Fittings\nCifial\nClarion Bathware\nCMI\nContinental Industries\nCresline\nDacor\nDanco Faucet Parts\nDearborn Products\nDelta Faucet\nDelta Prefabs\nDiablo\nDistinctive\nDiversitech\nDundee\nEatons\nElectrolux\nElkay\nElkhart\nEZ-FLO\nFanimation\nFast CW\nFastenal\nFeiss Lighting\nFernco\nFisher & Paykel\nFluidmaster\nFluidyne\nGeneral Electric\nGerber\nGM Lighting\nGolden Lihgting\nGrinnell\nHalco\nHansgrohe\nHardcast\nHarris Products\nHaviland Drainage Products\nHoneywell\nICP Equipment\nICP Fast Parts\nJacuzzi\nJohn Guest\nJomar\nJones Stephens\nKnauf Insulation\nKohler\nLasco\nLegend\nLegrand\nLenox\nLixil\nLuminance\nMaax\nMansfield\nMasco\nMatco\nMatteo Lighting\nMaxim Lighting\nMaxitrol\nMiele\nMilestone\nMIlwaukee\nMoen\nMTI Tubs\nMueller\nMulti Fittings\nMustee\nMyers Pump\nNavien\nNeoperl\nNora Lighting\nOasis Bathing\nOatey\nOmega Flex\nPentair\nPeter Mason\nPHD Manufacturing\nPorteous\nPrecisionaire\nProgress Lighting\nQuoizel\nRed-White Valve\nRobern\nSealtite\nShurtape\nSimply Soft\nSioux Chief\nSloan\nSpeed Queen\nSterling Fiberglass\nStormPro\nStudor\nSub-Zero/Wolf\nSwan\nSymmons\nT&S Brass\nThermo\nThomas Lighting\nTruaire\nTrue Residential\nTurbo Torch\nUniweld\nViega\nViking\nWard Mfg.\nWesco\nWestinghouse Lighting\nWhirlpool\nWirsbo/Uponor\nWisconsin\nWoodford Mfg. Co.\nWorthington\nZ-Lite Lighting\nZurn\nZoeller Pumps\nKitchen\nKitchen Faucets\nKitchen Sinks\nDisposals\nCountertop Appliances\nCooktops\nBar Faucets\nBar Sinks\nSoap Dispeners\nSink Grids\nCutting Boards\nBathroom\nToilets\nBathroom Faucets\nDrain Assembly\nPedestal Sinks\nBath Tubs\nShowers\nShower Walls & Sets\nTub & Showers\nShower Bases\nShower Heads\nVanities\nAppliances\nRefrigerators\nRange/Ovens\nCooktops\nDishwashers\nMicrowaves\nCountertop Appliances\nLaundry\nWashers\nDryers\nWall Ovens\nBeverage/Wine Storage\nChest Freezers\nGrills\nLighting\nPlumbing\nWater Heaters & Parts\nPumps & Accessories\nPEX\nPress Fittings\nPVC Pipe & Accessories\nCPVC/PVC Fittings & Accessories\nPVC/CPVC Cements, Primers & Cleaners\nSteel Pipe & Fittings\nCopper Tubing/Fittings\nBrass Fittings & Nipples\nDrains, Flashing & Carriers\nWater Softeners & Accessories\nBoilers and Parts\nWell Storage Tanks\nWater Coolers\nChemical & Rubber Goods\nSafety/PPE Equipment\nHVAC\nAES Indiana Rebate\nI&M Power Rebate\nHEIL\nGE Air\nOxbox\nBosch\nAprilAire\nMiller\nGree\nHVAC Equipment & Accessories\nRoof Top Units\nGas Leak Detectors\nRegisters & Grilles\nAir Cleaners & Filters\nFlex Duct, Duct Board & Accessories\nDuct Pipe & Fittings\nRefrigeration & A/C Specialties\nInsulation Products\nGas/Oil Burners & Accessories\nSafety/PPE Equipment\nTools\nMilwaukee\nTool Bits\nBlades\nSaws\nHangers, Suppports, Bolts, Nuts & Screws\nBatteries\nElectrical Wire & Cable\nElectrical Products\nGloves\nPower Cords\nPanel Boxes & Breakers\nConduit & Fittings\nGas Tanks & Accessories\nDoor, Window & Closet Products\nFire Extinguishers\nPaint Supplies\nLocksets\nLumber & Hardware\nSafety/PPE Equipment\nDiv. 10\nOur Services\nClosets & Shelving\nShower Doors: Framed or Custom\nSafety/PPE Equipment\nRestock Kits\nOutlet\nTools\nTools\nFor full functionality of this site it is necessary to enable JavaScript.\r\n         Here are the\ninstructions how to enable JavaScript in your web browser\n.\nPage Loading...\nFlashlights & Batteries (+)\nGas Tools & Accessories (+)\nHangers, Supplies, Fasteners, Bolts, Nuts & Screws (+)\nTools (+)\nSign up and get the latest deals and news!\nCorporate Office\n6610 Guion Road\nIndianapolis, IN 46268\n(800) 873-1103\nCustomer Service\nContact Us\nNews\nWarranties & Returns\nAccount\nRegister\nLogin\nMy Account\nSales Resource\nPay Invoice Online\nAbout Us\nOur Story\nContact Us\nIndustries We Serve\nEmployment Application\nCareers\nLee Supply Staff\nResources\nFind Your Lee Branch\nProduct Training\nVendor Lists\nFind a Heil Elite Dealer\nUtility Rebate Submission\nCredit Application\nBuild Your Own Shower Door\nFinancing\nNews & Resources\nBuying Guides\n©\n2024 Lee Supply |\nPrivacy Policy\n| Site powered by\nBilltrust eCommerce",
    "https://www.gotolee.com/catalog/products/Clearance/dept-9WS": "Clearance | Lee Supply\n0\n(800) 873-1103\nQuick Order\nLocations\nContact Us\nSCAN\nLOG IN\nREGISTER\n0\nProducts\nLee Outlet\nSafety/PPE Equipment\nAppliances\nBrass Fittings & Nipples\nCopper Fittings\nWater Heaters\nWater Softeners & Accessories\nPlumbing\nMalleable Iron\nHVAC\nElectrical\nMilwaukee\nHardware\nTools\nClearance\nShowroom\nWater Heaters\nPro Press 1/2\nPro Press 3/4\nManufacturers\nVestil\n3M\nAdvanced Drainage Systems\nAirmax\nAlmo\nAmcraft\nAmerican Granby\nAqua Systems\nArc\nArmacell\nArterior Homes\nAtco\nB&K Products\nBackstop Thermal Expansions\nBasco\nBemis\nBest\nBlack Swan\nBlanco\nBluestar\nBoshart\nBow\nBradford White\nBrass Craft\nBrasstech\nBRCRFT\nBriggs\nBroan\nC&S Mfg.\nCambridge-Lee\nCapital Lighting\nCash Acme\nCharlotte Pipe\nChicago Faucet\nChicago Fittings\nCifial\nClarion Bathware\nCMI\nContinental Industries\nCresline\nDacor\nDanco Faucet Parts\nDearborn Products\nDelta Faucet\nDelta Prefabs\nDiablo\nDistinctive\nDiversitech\nDundee\nEatons\nElectrolux\nElkay\nElkhart\nEZ-FLO\nFanimation\nFast CW\nFastenal\nFeiss Lighting\nFernco\nFisher & Paykel\nFluidmaster\nFluidyne\nGeneral Electric\nGerber\nGM Lighting\nGolden Lihgting\nGrinnell\nHalco\nHansgrohe\nHardcast\nHarris Products\nHaviland Drainage Products\nHoneywell\nICP Equipment\nICP Fast Parts\nJacuzzi\nJohn Guest\nJomar\nJones Stephens\nKnauf Insulation\nKohler\nLasco\nLegend\nLegrand\nLenox\nLixil\nLuminance\nMaax\nMansfield\nMasco\nMatco\nMatteo Lighting\nMaxim Lighting\nMaxitrol\nMiele\nMilestone\nMIlwaukee\nMoen\nMTI Tubs\nMueller\nMulti Fittings\nMustee\nMyers Pump\nNavien\nNeoperl\nNora Lighting\nOasis Bathing\nOatey\nOmega Flex\nPentair\nPeter Mason\nPHD Manufacturing\nPorteous\nPrecisionaire\nProgress Lighting\nQuoizel\nRed-White Valve\nRobern\nSealtite\nShurtape\nSimply Soft\nSioux Chief\nSloan\nSpeed Queen\nSterling Fiberglass\nStormPro\nStudor\nSub-Zero/Wolf\nSwan\nSymmons\nT&S Brass\nThermo\nThomas Lighting\nTruaire\nTrue Residential\nTurbo Torch\nUniweld\nViega\nViking\nWard Mfg.\nWesco\nWestinghouse Lighting\nWhirlpool\nWirsbo/Uponor\nWisconsin\nWoodford Mfg. Co.\nWorthington\nZ-Lite Lighting\nZurn\nZoeller Pumps\nKitchen\nKitchen Faucets\nKitchen Sinks\nDisposals\nCountertop Appliances\nCooktops\nBar Faucets\nBar Sinks\nSoap Dispeners\nSink Grids\nCutting Boards\nBathroom\nToilets\nBathroom Faucets\nDrain Assembly\nPedestal Sinks\nBath Tubs\nShowers\nShower Walls & Sets\nTub & Showers\nShower Bases\nShower Heads\nVanities\nAppliances\nRefrigerators\nRange/Ovens\nCooktops\nDishwashers\nMicrowaves\nCountertop Appliances\nLaundry\nWashers\nDryers\nWall Ovens\nBeverage/Wine Storage\nChest Freezers\nGrills\nLighting\nPlumbing\nWater Heaters & Parts\nPumps & Accessories\nPEX\nPress Fittings\nPVC Pipe & Accessories\nCPVC/PVC Fittings & Accessories\nPVC/CPVC Cements, Primers & Cleaners\nSteel Pipe & Fittings\nCopper Tubing/Fittings\nBrass Fittings & Nipples\nDrains, Flashing & Carriers\nWater Softeners & Accessories\nBoilers and Parts\nWell Storage Tanks\nWater Coolers\nChemical & Rubber Goods\nSafety/PPE Equipment\nHVAC\nAES Indiana Rebate\nI&M Power Rebate\nHEIL\nGE Air\nOxbox\nBosch\nAprilAire\nMiller\nGree\nHVAC Equipment & Accessories\nRoof Top Units\nGas Leak Detectors\nRegisters & Grilles\nAir Cleaners & Filters\nFlex Duct, Duct Board & Accessories\nDuct Pipe & Fittings\nRefrigeration & A/C Specialties\nInsulation Products\nGas/Oil Burners & Accessories\nSafety/PPE Equipment\nTools\nMilwaukee\nTool Bits\nBlades\nSaws\nHangers, Suppports, Bolts, Nuts & Screws\nBatteries\nElectrical Wire & Cable\nElectrical Products\nGloves\nPower Cords\nPanel Boxes & Breakers\nConduit & Fittings\nGas Tanks & Accessories\nDoor, Window & Closet Products\nFire Extinguishers\nPaint Supplies\nLocksets\nLumber & Hardware\nSafety/PPE Equipment\nDiv. 10\nOur Services\nClosets & Shelving\nShower Doors: Framed or Custom\nSafety/PPE Equipment\nRestock Kits\nOutlet\nClearance\nClearance\nFor full functionality of this site it is necessary to enable JavaScript.\r\n         Here are the\ninstructions how to enable JavaScript in your web browser\n.\nAll inventory for closeout and discontinued items are subject to change without notice.\nPage Loading...\nALL Clearance Items (34)\nAppliances (10)\nMiele (4)\nLighting (2)\nDelta (5)\nElkay (5)\nPlumbing (+)\nHVAC (+)\nSign up and get the latest deals and news!\nCorporate Office\n6610 Guion Road\nIndianapolis, IN 46268\n(800) 873-1103\nCustomer Service\nContact Us\nNews\nWarranties & Returns\nAccount\nRegister\nLogin\nMy Account\nSales Resource\nPay Invoice Online\nAbout Us\nOur Story\nContact Us\nIndustries We Serve\nEmployment Application\nCareers\nLee Supply Staff\nResources\nFind Your Lee Branch\nProduct Training\nVendor Lists\nFind a Heil Elite Dealer\nUtility Rebate Submission\nCredit Application\nBuild Your Own Shower Door\nFinancing\nNews & Resources\nBuying Guides\n©\n2024 Lee Supply |\nPrivacy Policy\n| Site powered by\nBilltrust eCommerce",
    "https://www.gotolee.com/catalog/shop/Pro-Press-1-2/dept-BND?a=1": "Pro Press 1/2 | Lee Supply\n0\n(800) 873-1103\nQuick Order\nLocations\nContact Us\nSCAN\nLOG IN\nREGISTER\n0\nProducts\nLee Outlet\nSafety/PPE Equipment\nAppliances\nBrass Fittings & Nipples\nCopper Fittings\nWater Heaters\nWater Softeners & Accessories\nPlumbing\nMalleable Iron\nHVAC\nElectrical\nMilwaukee\nHardware\nTools\nClearance\nShowroom\nWater Heaters\nPro Press 1/2\nPro Press 3/4\nManufacturers\nVestil\n3M\nAdvanced Drainage Systems\nAirmax\nAlmo\nAmcraft\nAmerican Granby\nAqua Systems\nArc\nArmacell\nArterior Homes\nAtco\nB&K Products\nBackstop Thermal Expansions\nBasco\nBemis\nBest\nBlack Swan\nBlanco\nBluestar\nBoshart\nBow\nBradford White\nBrass Craft\nBrasstech\nBRCRFT\nBriggs\nBroan\nC&S Mfg.\nCambridge-Lee\nCapital Lighting\nCash Acme\nCharlotte Pipe\nChicago Faucet\nChicago Fittings\nCifial\nClarion Bathware\nCMI\nContinental Industries\nCresline\nDacor\nDanco Faucet Parts\nDearborn Products\nDelta Faucet\nDelta Prefabs\nDiablo\nDistinctive\nDiversitech\nDundee\nEatons\nElectrolux\nElkay\nElkhart\nEZ-FLO\nFanimation\nFast CW\nFastenal\nFeiss Lighting\nFernco\nFisher & Paykel\nFluidmaster\nFluidyne\nGeneral Electric\nGerber\nGM Lighting\nGolden Lihgting\nGrinnell\nHalco\nHansgrohe\nHardcast\nHarris Products\nHaviland Drainage Products\nHoneywell\nICP Equipment\nICP Fast Parts\nJacuzzi\nJohn Guest\nJomar\nJones Stephens\nKnauf Insulation\nKohler\nLasco\nLegend\nLegrand\nLenox\nLixil\nLuminance\nMaax\nMansfield\nMasco\nMatco\nMatteo Lighting\nMaxim Lighting\nMaxitrol\nMiele\nMilestone\nMIlwaukee\nMoen\nMTI Tubs\nMueller\nMulti Fittings\nMustee\nMyers Pump\nNavien\nNeoperl\nNora Lighting\nOasis Bathing\nOatey\nOmega Flex\nPentair\nPeter Mason\nPHD Manufacturing\nPorteous\nPrecisionaire\nProgress Lighting\nQuoizel\nRed-White Valve\nRobern\nSealtite\nShurtape\nSimply Soft\nSioux Chief\nSloan\nSpeed Queen\nSterling Fiberglass\nStormPro\nStudor\nSub-Zero/Wolf\nSwan\nSymmons\nT&S Brass\nThermo\nThomas Lighting\nTruaire\nTrue Residential\nTurbo Torch\nUniweld\nViega\nViking\nWard Mfg.\nWesco\nWestinghouse Lighting\nWhirlpool\nWirsbo/Uponor\nWisconsin\nWoodford Mfg. Co.\nWorthington\nZ-Lite Lighting\nZurn\nZoeller Pumps\nKitchen\nKitchen Faucets\nKitchen Sinks\nDisposals\nCountertop Appliances\nCooktops\nBar Faucets\nBar Sinks\nSoap Dispeners\nSink Grids\nCutting Boards\nBathroom\nToilets\nBathroom Faucets\nDrain Assembly\nPedestal Sinks\nBath Tubs\nShowers\nShower Walls & Sets\nTub & Showers\nShower Bases\nShower Heads\nVanities\nAppliances\nRefrigerators\nRange/Ovens\nCooktops\nDishwashers\nMicrowaves\nCountertop Appliances\nLaundry\nWashers\nDryers\nWall Ovens\nBeverage/Wine Storage\nChest Freezers\nGrills\nLighting\nPlumbing\nWater Heaters & Parts\nPumps & Accessories\nPEX\nPress Fittings\nPVC Pipe & Accessories\nCPVC/PVC Fittings & Accessories\nPVC/CPVC Cements, Primers & Cleaners\nSteel Pipe & Fittings\nCopper Tubing/Fittings\nBrass Fittings & Nipples\nDrains, Flashing & Carriers\nWater Softeners & Accessories\nBoilers and Parts\nWell Storage Tanks\nWater Coolers\nChemical & Rubber Goods\nSafety/PPE Equipment\nHVAC\nAES Indiana Rebate\nI&M Power Rebate\nHEIL\nGE Air\nOxbox\nBosch\nAprilAire\nMiller\nGree\nHVAC Equipment & Accessories\nRoof Top Units\nGas Leak Detectors\nRegisters & Grilles\nAir Cleaners & Filters\nFlex Duct, Duct Board & Accessories\nDuct Pipe & Fittings\nRefrigeration & A/C Specialties\nInsulation Products\nGas/Oil Burners & Accessories\nSafety/PPE Equipment\nTools\nMilwaukee\nTool Bits\nBlades\nSaws\nHangers, Suppports, Bolts, Nuts & Screws\nBatteries\nElectrical Wire & Cable\nElectrical Products\nGloves\nPower Cords\nPanel Boxes & Breakers\nConduit & Fittings\nGas Tanks & Accessories\nDoor, Window & Closet Products\nFire Extinguishers\nPaint Supplies\nLocksets\nLumber & Hardware\nSafety/PPE Equipment\nDiv. 10\nOur Services\nClosets & Shelving\nShower Doors: Framed or Custom\nSafety/PPE Equipment\nRestock Kits\nOutlet\nPro Press 1/2\nPro Press 1/2\nFor full functionality of this site it is necessary to enable JavaScript.\r\n         Here are the\ninstructions how to enable JavaScript in your web browser\n.\nRefine Results\nIn Stock\nAvailable (15)\nCall for Availability (17)\nUpdate Search\nManufacturer\nLEGEND (1)\nViega (31)\nUpdate Search\nCategory\nPlumbing (31)\nUpdate Search\nSection\nProPress Fittings (8)\nUpdate Search\nGroup\nDrop 90s (2)\nReducers (5)\nUnions (1)\nUpdate Search\nProduct\nADAPTER FITTING (2)\nAdapter (9)\nBALL VALVE (2)\nBall Valve (2)\nCROSS OVER FITTING (1)\nCap (1)\nCoupling (1)\nELBOW (1)\nELBOW FITTING (3)\nElbow (2)\nReducer (5)\nUnion (2)\nValve (1)\nUpdate Search\nSize\n1 1/\n2 in (1)\n1 1/\n4 in (2)\n1 in (5)\n1/\n2 in (22)\n2 in (1)\nUpdate Search\nMaterial\nBrass (14)\nCopper (8)\nUpdate Search\nVariant\n1/\n2 in (1)\nUpdate Search\nPage Loading...\nNarrow Results:\nGo ▸\nSort By:\nClosest Match\nDescription\nPrice\nMost Popular\nAvailability\n1 - 12 of 32 Items\nShow Grid\n|\nShow List\n12\n30\n60\nItems per page\n1\n2\n3\n▶\nAdd to Cart\nCompare\nCheckout\n101-003NL\n12PRESSBV - 1/2 PRESS BALL VALVE 101-003NL\n(0 reviews)\n-\nQty\n+\nPrice:\n$11.61 / ea\nAvailability:\n411 ea\ni\nBranch Availability:\nArchbold\n7 ea\nBloomington\n4 ea\nCarmel\n41 ea\nColumbus\n2 ea\nDayton\n100 ea\nEast Indianapolis\n27 ea\nFt Wayne\n36 ea\nIndianapolis\n32 ea\nKokomo\n13 ea\nLafayette\n10 ea\nMartinsville\n19 ea\nMerrillville\n33 ea\nMiddletown\n5 ea\nMuncie\n20 ea\nNew Albany\n21 ea\nRichmond\n23 ea\nSouth Bend\n18 ea\ncompare\n79190\n79190 - VIEGA 1/2 X 1/2 PROPRESS BRONZE 90 DROP EAR ELBOW (P X FPT)\n(0 reviews)\n-\nQty\n+\nPrice:\n$16.64 / ea\nAvailability:\n126 ea\ni\nBranch Availability:\nArchbold\n2 ea\nBloomington\n5 ea\nCarmel\n10 ea\nDayton\n28 ea\nDistribution Center\n6 ea\nEast Indianapolis\n9 ea\nEvansville\n3 ea\nFt Wayne\n24 ea\nMerrillville\n9 ea\nMuncie\n9 ea\nNew Albany\n12 ea\nRichmond\n3 ea\nSouth Bend\n6 ea\ncompare\n15603\n15603 - VIEGA 1 X 1/2 PROPRESS COPPER REDUCER (P X P)\n(0 reviews)\n-\nQty\n+\nPrice:\n$25.60 / ea\nAvailability:\n53 ea\ni\nBranch Availability:\nCarmel\n17 ea\nDayton\n2 ea\nDistribution Center\n4 ea\nEast Indianapolis\n4 ea\nFt Wayne\n3 ea\nKokomo\n2 ea\nMerrillville\n10 ea\nMuncie\n6 ea\nRichmond\n5 ea\ncompare\n79125\n79125 - VIEGA 1/2 X 1/2 PROPRESS BRONZE UNION (P X P)\n(0 reviews)\n-\nQty\n+\nPrice:\n$26.47 / ea\nAvailability:\n22 ea\ni\nBranch Availability:\nBloomington\n4 ea\nCarmel\n4 ea\nFt Wayne\n5 ea\nIndianapolis\n2 ea\nKokomo\n4 ea\nLafayette\n1 ea\nMerrillville\n2 ea\ncompare\n78082\n78082 - VIEGA 1 X 1/2 PROPRESS COPPER REDUCER (FTG X P)\n(0 reviews)\n-\nQty\n+\nPrice:\n$9.23 / ea\nAvailability:\n48 ea\ni\nBranch Availability:\nCarmel\n7 ea\nDayton\n7 ea\nFt Wayne\n7 ea\nLafayette\n2 ea\nMerrillville\n15 ea\nRichmond\n10 ea\ncompare\n79430\n79430 - VIEGA 1/2 X 1/2 PROPRESS BRONZE STREET ADAPTER (FTG X FPT)\n(0 reviews)\n-\nQty\n+\nPrice:\n$15.48 / ea\nAvailability:\n14 ea\ni\nBranch Availability:\nDayton\n5 ea\nMerrillville\n9 ea\ncompare\n22333\n22333 - VIEGA 1-1/4 X 1/2 PROPRESS COPPER REDUCER (FTG X P)\n(0 reviews)\n-\nQty\n+\nPrice:\n$10.62 / ea\nAvailability:\n12 ea\ni\nBranch Availability:\nCarmel\n4 ea\nFt Wayne\n3 ea\nIndianapolis\n5 ea\ncompare\n79855\n79855 - VIEGA 2 X 1/2 PROPRESS COPPER REDUCER (FTG X P)\n(0 reviews)\n-\nQty\n+\nPrice:\n$38.84 / ea\nAvailability:\n10 ea\ni\nBranch Availability:\nColumbus\n1 ea\nIndianapolis\n9 ea\ncompare\n79320\n79320 - VIEGA 1 X 1/2 PROPRESS BRONZE ADAPTER (P X FPT)\n(0 reviews)\n-\nQty\n+\nPrice:\n$26.54 / ea\nAvailability:\n8 ea\ni\nBranch Availability:\nIndianapolis\n8 ea\ncompare\n79380\n79380 - VIEGA 1/2 X 1/2 PROPRESS BRONZE STREET ADAPTER (FTG X MPT)\n(0 reviews)\n-\nQty\n+\nPrice:\n$14.13 / ea\nAvailability:\n4 ea\ni\nBranch Availability:\nMerrillville\n4 ea\ncompare\n79295\n79295 - VIEGA 1/2 X 3/8 PROPRESS BRONZE ADAPTER (P X FPT)\n(0 reviews)\n-\nQty\n+\nPrice:\n$5.28 / ea\nAvailability:\n3 ea\ni\nBranch Availability:\nFt Wayne\n3 ea\ncompare\n79185\n79185 - VIEGA 1/2 X 3/8 PROPRESS BRONZE 90 DROP EAR ELBOW (P X FPT)\n(0 reviews)\n-\nQty\n+\nPrice:\n$37.96 / ea\nAvailability:\n1 ea\ni\nBranch Availability:\nCarmel\n1 ea\ncompare\nAdd to Cart\nCompare\nCheckout\n1 - 12 of 32 Items\n12\n30\n60\nItems per page\n1\n2\n3\n▶\nCan't find what you are looking for?\nPlease fill out our\nnon-stock/special order form\nand we'll get right back to you. Thanks!\nSign up and get the latest deals and news!\nCorporate Office\n6610 Guion Road\nIndianapolis, IN 46268\n(800) 873-1103\nCustomer Service\nContact Us\nNews\nWarranties & Returns\nAccount\nRegister\nLogin\nMy Account\nSales Resource\nPay Invoice Online\nAbout Us\nOur Story\nContact Us\nIndustries We Serve\nEmployment Application\nCareers\nLee Supply Staff\nResources\nFind Your Lee Branch\nProduct Training\nVendor Lists\nFind a Heil Elite Dealer\nUtility Rebate Submission\nCredit Application\nBuild Your Own Shower Door\nFinancing\nNews & Resources\nBuying Guides\n©\n2024 Lee Supply |\nPrivacy Policy\n| Site powered by\nBilltrust eCommerce",
    "https://www.gotolee.com/catalog/shop/Pro-Press-3-4/dept-BNE?a=1": "Pro Press 3/4 | Lee Supply\n0\n(800) 873-1103\nQuick Order\nLocations\nContact Us\nSCAN\nLOG IN\nREGISTER\n0\nProducts\nLee Outlet\nSafety/PPE Equipment\nAppliances\nBrass Fittings & Nipples\nCopper Fittings\nWater Heaters\nWater Softeners & Accessories\nPlumbing\nMalleable Iron\nHVAC\nElectrical\nMilwaukee\nHardware\nTools\nClearance\nShowroom\nWater Heaters\nPro Press 1/2\nPro Press 3/4\nManufacturers\nVestil\n3M\nAdvanced Drainage Systems\nAirmax\nAlmo\nAmcraft\nAmerican Granby\nAqua Systems\nArc\nArmacell\nArterior Homes\nAtco\nB&K Products\nBackstop Thermal Expansions\nBasco\nBemis\nBest\nBlack Swan\nBlanco\nBluestar\nBoshart\nBow\nBradford White\nBrass Craft\nBrasstech\nBRCRFT\nBriggs\nBroan\nC&S Mfg.\nCambridge-Lee\nCapital Lighting\nCash Acme\nCharlotte Pipe\nChicago Faucet\nChicago Fittings\nCifial\nClarion Bathware\nCMI\nContinental Industries\nCresline\nDacor\nDanco Faucet Parts\nDearborn Products\nDelta Faucet\nDelta Prefabs\nDiablo\nDistinctive\nDiversitech\nDundee\nEatons\nElectrolux\nElkay\nElkhart\nEZ-FLO\nFanimation\nFast CW\nFastenal\nFeiss Lighting\nFernco\nFisher & Paykel\nFluidmaster\nFluidyne\nGeneral Electric\nGerber\nGM Lighting\nGolden Lihgting\nGrinnell\nHalco\nHansgrohe\nHardcast\nHarris Products\nHaviland Drainage Products\nHoneywell\nICP Equipment\nICP Fast Parts\nJacuzzi\nJohn Guest\nJomar\nJones Stephens\nKnauf Insulation\nKohler\nLasco\nLegend\nLegrand\nLenox\nLixil\nLuminance\nMaax\nMansfield\nMasco\nMatco\nMatteo Lighting\nMaxim Lighting\nMaxitrol\nMiele\nMilestone\nMIlwaukee\nMoen\nMTI Tubs\nMueller\nMulti Fittings\nMustee\nMyers Pump\nNavien\nNeoperl\nNora Lighting\nOasis Bathing\nOatey\nOmega Flex\nPentair\nPeter Mason\nPHD Manufacturing\nPorteous\nPrecisionaire\nProgress Lighting\nQuoizel\nRed-White Valve\nRobern\nSealtite\nShurtape\nSimply Soft\nSioux Chief\nSloan\nSpeed Queen\nSterling Fiberglass\nStormPro\nStudor\nSub-Zero/Wolf\nSwan\nSymmons\nT&S Brass\nThermo\nThomas Lighting\nTruaire\nTrue Residential\nTurbo Torch\nUniweld\nViega\nViking\nWard Mfg.\nWesco\nWestinghouse Lighting\nWhirlpool\nWirsbo/Uponor\nWisconsin\nWoodford Mfg. Co.\nWorthington\nZ-Lite Lighting\nZurn\nZoeller Pumps\nKitchen\nKitchen Faucets\nKitchen Sinks\nDisposals\nCountertop Appliances\nCooktops\nBar Faucets\nBar Sinks\nSoap Dispeners\nSink Grids\nCutting Boards\nBathroom\nToilets\nBathroom Faucets\nDrain Assembly\nPedestal Sinks\nBath Tubs\nShowers\nShower Walls & Sets\nTub & Showers\nShower Bases\nShower Heads\nVanities\nAppliances\nRefrigerators\nRange/Ovens\nCooktops\nDishwashers\nMicrowaves\nCountertop Appliances\nLaundry\nWashers\nDryers\nWall Ovens\nBeverage/Wine Storage\nChest Freezers\nGrills\nLighting\nPlumbing\nWater Heaters & Parts\nPumps & Accessories\nPEX\nPress Fittings\nPVC Pipe & Accessories\nCPVC/PVC Fittings & Accessories\nPVC/CPVC Cements, Primers & Cleaners\nSteel Pipe & Fittings\nCopper Tubing/Fittings\nBrass Fittings & Nipples\nDrains, Flashing & Carriers\nWater Softeners & Accessories\nBoilers and Parts\nWell Storage Tanks\nWater Coolers\nChemical & Rubber Goods\nSafety/PPE Equipment\nHVAC\nAES Indiana Rebate\nI&M Power Rebate\nHEIL\nGE Air\nOxbox\nBosch\nAprilAire\nMiller\nGree\nHVAC Equipment & Accessories\nRoof Top Units\nGas Leak Detectors\nRegisters & Grilles\nAir Cleaners & Filters\nFlex Duct, Duct Board & Accessories\nDuct Pipe & Fittings\nRefrigeration & A/C Specialties\nInsulation Products\nGas/Oil Burners & Accessories\nSafety/PPE Equipment\nTools\nMilwaukee\nTool Bits\nBlades\nSaws\nHangers, Suppports, Bolts, Nuts & Screws\nBatteries\nElectrical Wire & Cable\nElectrical Products\nGloves\nPower Cords\nPanel Boxes & Breakers\nConduit & Fittings\nGas Tanks & Accessories\nDoor, Window & Closet Products\nFire Extinguishers\nPaint Supplies\nLocksets\nLumber & Hardware\nSafety/PPE Equipment\nDiv. 10\nOur Services\nClosets & Shelving\nShower Doors: Framed or Custom\nSafety/PPE Equipment\nRestock Kits\nOutlet\nPro Press 3/4\nPro Press 3/4\nFor full functionality of this site it is necessary to enable JavaScript.\r\n         Here are the\ninstructions how to enable JavaScript in your web browser\n.\nRefine Results\nIn Stock\nAvailable (24)\nCall for Availability (10)\nUpdate Search\nManufacturer\nLEGEND (1)\nViega (33)\nUpdate Search\nCategory\nPlumbing (33)\nUpdate Search\nSection\nProPress Fittings (17)\nUpdate Search\nGroup\n90s (1)\nAdapters (5)\nCouplings (1)\nDrop 90s (1)\nReducers (8)\nUnions (1)\nUpdate Search\nProduct\n90 ELBOW (1)\nAdapter (14)\nBALL VALVE (1)\nCROSS OVER FITTING (1)\nCoupling (1)\nELBOW FITTING (2)\nElbow (3)\nReducer (8)\nUnion (3)\nUpdate Search\nSize\n1 1/\n2 in (1)\n1 1/\n4 in (2)\n1 in (6)\n1/\n2 in (4)\n2 in (1)\n3/\n4 in (18)\nUpdate Search\nMaterial\nBrass (16)\nBronze (1)\nCopper (12)\nUpdate Search\nPage Loading...\nNarrow Results:\nGo ▸\nSort By:\nClosest Match\nDescription\nPrice\nMost Popular\nAvailability\n1 - 12 of 34 Items\nShow Grid\n|\nShow List\n12\n30\n60\nItems per page\n1\n2\n3\n▶\nAdd to Cart\nCompare\nCheckout\n101-004NL\n34PRESSBV - 3/4 PRESS BALL VALVE 101-004NL\n(0 reviews)\n-\nQty\n+\nPrice:\n$16.00 / ea\nAvailability:\n1247 ea\ni\nBranch Availability:\nArchbold\n19 ea\nBloomington\n32 ea\nCarmel\n105 ea\nColumbus\n24 ea\nDayton\n194 ea\nEast Indianapolis\n193 ea\nFt Wayne\n235 ea\nIndianapolis\n124 ea\nKokomo\n17 ea\nLafayette\n23 ea\nMartinsville\n20 ea\nMerrillville\n43 ea\nMiddletown\n35 ea\nMuncie\n76 ea\nNew Albany\n53 ea\nRichmond\n11 ea\nSouth Bend\n43 ea\ncompare\n78147\n78147 - VIEGA 3/4 X 1/2 PROPRESS COPPER REDUCER (P X P)\n(0 reviews)\n-\nQty\n+\nPrice:\n$13.89 / ea\nAvailability:\n368 ea\ni\nBranch Availability:\nArchbold\n11 ea\nBloomington\n6 ea\nCarmel\n10 ea\nColumbus\n6 ea\nDayton\n91 ea\nEast Indianapolis\n23 ea\nFt Wayne\n32 ea\nIndianapolis\n7 ea\nKokomo\n22 ea\nLafayette\n15 ea\nMartinsville\n9 ea\nMerrillville\n29 ea\nMuncie\n47 ea\nNew Albany\n19 ea\nRichmond\n10 ea\nSouth Bend\n31 ea\ncompare\n78152\n78152 - VIEGA 1 X 3/4 PROPRESS COPPER REDUCER (P X P)\n(0 reviews)\n-\nQty\n+\nPrice:\n$16.22 / ea\nAvailability:\n229 ea\ni\nBranch Availability:\nArchbold\n3 ea\nBloomington\n8 ea\nCarmel\n23 ea\nColumbus\n8 ea\nDayton\n32 ea\nDistribution Center\n2 ea\nEast Indianapolis\n62 ea\nFt Wayne\n23 ea\nIndianapolis\n3 ea\nKokomo\n4 ea\nMerrillville\n16 ea\nMuncie\n23 ea\nNew Albany\n6 ea\nRichmond\n3 ea\nSouth Bend\n13 ea\ncompare\n79235\n79235 - VIEGA 3/4 X 1 PROPRESS BRONZE ADAPTER (P X MPT)\n(0 reviews)\n-\nQty\n+\nPrice:\n$19.44 / ea\nAvailability:\n199 ea\ni\nBranch Availability:\nCarmel\n15 ea\nDayton\n13 ea\nDistribution Center\n7 ea\nEast Indianapolis\n106 ea\nIndianapolis\n5 ea\nMerrillville\n30 ea\nNew Albany\n13 ea\nRichmond\n10 ea\ncompare\n78087\n78087 - VIEGA 1 X 3/4 PROPRESS COPPER REDUCER (FTG X P)\n(0 reviews)\n-\nQty\n+\nPrice:\n$9.41 / ea\nAvailability:\n91 ea\ni\nBranch Availability:\nDayton\n23 ea\nDistribution Center\n3 ea\nEast Indianapolis\n6 ea\nFt Wayne\n17 ea\nIndianapolis\n2 ea\nMerrillville\n16 ea\nMuncie\n18 ea\nRichmond\n6 ea\ncompare\n78077\n78077 - VIEGA 3/4 X 1/2 PROPRESS COPPER REDUCER (FTG X P)\n(0 reviews)\n-\nQty\n+\nPrice:\n$3.57 / ea\nAvailability:\n152 ea\ni\nBranch Availability:\nCarmel\n19 ea\nDayton\n12 ea\nDistribution Center\n5 ea\nEast Indianapolis\n5 ea\nFt Wayne\n23 ea\nIndianapolis\n10 ea\nLafayette\n5 ea\nMartinsville\n13 ea\nMerrillville\n30 ea\nMiddletown\n2 ea\nMuncie\n20 ea\nRichmond\n8 ea\ncompare\n79540\n79540 - VIEGA 3/4 X 3/4 PROPRESS BRONZE 90 ELBOW (P X FPT)\n(0 reviews)\n-\nQty\n+\nPrice:\n$18.84 / ea\nAvailability:\n17 ea\ni\nBranch Availability:\nFt Wayne\n17 ea\ncompare\n78092\n78092 - VIEGA 1-1/4 X 3/4 PROPRESS COPPER REDUCER (FTG X P)\n(0 reviews)\n-\nQty\n+\nPrice:\n$11.01 / ea\nAvailability:\n20 ea\ni\nBranch Availability:\nArchbold\n1 ea\nCarmel\n3 ea\nEast Indianapolis\n9 ea\nFt Wayne\n1 ea\nMerrillville\n5 ea\nNew Albany\n1 ea\ncompare\n79445\n79445 - VIEGA 3/4 X 3/4 PROPRESS BRONZE STREET ADAPTER (FTG X FPT)\n(0 reviews)\n-\nQty\n+\nPrice:\n$22.39 / ea\nAvailability:\n30 ea\ni\nBranch Availability:\nDayton\n3 ea\nKokomo\n3 ea\nMerrillville\n24 ea\ncompare\n15593\n15593 - VIEGA 1-1/4 X 3/4 PROPRESS COPPER REDUCER (P X P)\n(0 reviews)\n-\nQty\n+\nPrice:\n$36.75 / ea\nAvailability:\n4 ea\ni\nBranch Availability:\nEast Indianapolis\n2 ea\nMuncie\n1 ea\nRichmond\n1 ea\ncompare\n79195\n79195 - VIEGA 3/4 X 3/4 PROPRESS BRONZE 90 DROP EAR ELBOW (P X FPT)\n(0 reviews)\n-\nQty\n+\nPrice:\n$34.57 / ea\nAvailability:\n39 ea\ni\nBranch Availability:\nBloomington\n4 ea\nCarmel\n7 ea\nEast Indianapolis\n2 ea\nIndianapolis\n2 ea\nMerrillville\n5 ea\nMuncie\n13 ea\nRichmond\n6 ea\ncompare\n79705\n79705 - VIEGA 3/4 X 3/4 PROPRESS BRONZE UNION (P X FPT)\n(0 reviews)\n-\nQty\n+\nPrice:\n$27.22 / ea\nAvailability:\n36 ea\ni\nBranch Availability:\nCarmel\n9 ea\nDayton\n11 ea\nDistribution Center\n1 ea\nFt Wayne\n15 ea\ncompare\nAdd to Cart\nCompare\nCheckout\n1 - 12 of 34 Items\n12\n30\n60\nItems per page\n1\n2\n3\n▶\nCan't find what you are looking for?\nPlease fill out our\nnon-stock/special order form\nand we'll get right back to you. Thanks!\nSign up and get the latest deals and news!\nCorporate Office\n6610 Guion Road\nIndianapolis, IN 46268\n(800) 873-1103\nCustomer Service\nContact Us\nNews\nWarranties & Returns\nAccount\nRegister\nLogin\nMy Account\nSales Resource\nPay Invoice Online\nAbout Us\nOur Story\nContact Us\nIndustries We Serve\nEmployment Application\nCareers\nLee Supply Staff\nResources\nFind Your Lee Branch\nProduct Training\nVendor Lists\nFind a Heil Elite Dealer\nUtility Rebate Submission\nCredit Application\nBuild Your Own Shower Door\nFinancing\nNews & Resources\nBuying Guides\n©\n2024 Lee Supply |\nPrivacy Policy\n| Site powered by\nBilltrust eCommerce",
    "https://www.gotolee.com/catalog/shop/B-K-Products/mfr-DF5?a=1": "B&K Products | Lee Supply\n0\n(800) 873-1103\nQuick Order\nLocations\nContact Us\nSCAN\nLOG IN\nREGISTER\n0\nProducts\nLee Outlet\nSafety/PPE Equipment\nAppliances\nBrass Fittings & Nipples\nCopper Fittings\nWater Heaters\nWater Softeners & Accessories\nPlumbing\nMalleable Iron\nHVAC\nElectrical\nMilwaukee\nHardware\nTools\nClearance\nShowroom\nWater Heaters\nPro Press 1/2\nPro Press 3/4\nManufacturers\nVestil\n3M\nAdvanced Drainage Systems\nAirmax\nAlmo\nAmcraft\nAmerican Granby\nAqua Systems\nArc\nArmacell\nArterior Homes\nAtco\nB&K Products\nBackstop Thermal Expansions\nBasco\nBemis\nBest\nBlack Swan\nBlanco\nBluestar\nBoshart\nBow\nBradford White\nBrass Craft\nBrasstech\nBRCRFT\nBriggs\nBroan\nC&S Mfg.\nCambridge-Lee\nCapital Lighting\nCash Acme\nCharlotte Pipe\nChicago Faucet\nChicago Fittings\nCifial\nClarion Bathware\nCMI\nContinental Industries\nCresline\nDacor\nDanco Faucet Parts\nDearborn Products\nDelta Faucet\nDelta Prefabs\nDiablo\nDistinctive\nDiversitech\nDundee\nEatons\nElectrolux\nElkay\nElkhart\nEZ-FLO\nFanimation\nFast CW\nFastenal\nFeiss Lighting\nFernco\nFisher & Paykel\nFluidmaster\nFluidyne\nGeneral Electric\nGerber\nGM Lighting\nGolden Lihgting\nGrinnell\nHalco\nHansgrohe\nHardcast\nHarris Products\nHaviland Drainage Products\nHoneywell\nICP Equipment\nICP Fast Parts\nJacuzzi\nJohn Guest\nJomar\nJones Stephens\nKnauf Insulation\nKohler\nLasco\nLegend\nLegrand\nLenox\nLixil\nLuminance\nMaax\nMansfield\nMasco\nMatco\nMatteo Lighting\nMaxim Lighting\nMaxitrol\nMiele\nMilestone\nMIlwaukee\nMoen\nMTI Tubs\nMueller\nMulti Fittings\nMustee\nMyers Pump\nNavien\nNeoperl\nNora Lighting\nOasis Bathing\nOatey\nOmega Flex\nPentair\nPeter Mason\nPHD Manufacturing\nPorteous\nPrecisionaire\nProgress Lighting\nQuoizel\nRed-White Valve\nRobern\nSealtite\nShurtape\nSimply Soft\nSioux Chief\nSloan\nSpeed Queen\nSterling Fiberglass\nStormPro\nStudor\nSub-Zero/Wolf\nSwan\nSymmons\nT&S Brass\nThermo\nThomas Lighting\nTruaire\nTrue Residential\nTurbo Torch\nUniweld\nViega\nViking\nWard Mfg.\nWesco\nWestinghouse Lighting\nWhirlpool\nWirsbo/Uponor\nWisconsin\nWoodford Mfg. Co.\nWorthington\nZ-Lite Lighting\nZurn\nZoeller Pumps\nKitchen\nKitchen Faucets\nKitchen Sinks\nDisposals\nCountertop Appliances\nCooktops\nBar Faucets\nBar Sinks\nSoap Dispeners\nSink Grids\nCutting Boards\nBathroom\nToilets\nBathroom Faucets\nDrain Assembly\nPedestal Sinks\nBath Tubs\nShowers\nShower Walls & Sets\nTub & Showers\nShower Bases\nShower Heads\nVanities\nAppliances\nRefrigerators\nRange/Ovens\nCooktops\nDishwashers\nMicrowaves\nCountertop Appliances\nLaundry\nWashers\nDryers\nWall Ovens\nBeverage/Wine Storage\nChest Freezers\nGrills\nLighting\nPlumbing\nWater Heaters & Parts\nPumps & Accessories\nPEX\nPress Fittings\nPVC Pipe & Accessories\nCPVC/PVC Fittings & Accessories\nPVC/CPVC Cements, Primers & Cleaners\nSteel Pipe & Fittings\nCopper Tubing/Fittings\nBrass Fittings & Nipples\nDrains, Flashing & Carriers\nWater Softeners & Accessories\nBoilers and Parts\nWell Storage Tanks\nWater Coolers\nChemical & Rubber Goods\nSafety/PPE Equipment\nHVAC\nAES Indiana Rebate\nI&M Power Rebate\nHEIL\nGE Air\nOxbox\nBosch\nAprilAire\nMiller\nGree\nHVAC Equipment & Accessories\nRoof Top Units\nGas Leak Detectors\nRegisters & Grilles\nAir Cleaners & Filters\nFlex Duct, Duct Board & Accessories\nDuct Pipe & Fittings\nRefrigeration & A/C Specialties\nInsulation Products\nGas/Oil Burners & Accessories\nSafety/PPE Equipment\nTools\nMilwaukee\nTool Bits\nBlades\nSaws\nHangers, Suppports, Bolts, Nuts & Screws\nBatteries\nElectrical Wire & Cable\nElectrical Products\nGloves\nPower Cords\nPanel Boxes & Breakers\nConduit & Fittings\nGas Tanks & Accessories\nDoor, Window & Closet Products\nFire Extinguishers\nPaint Supplies\nLocksets\nLumber & Hardware\nSafety/PPE Equipment\nDiv. 10\nOur Services\nClosets & Shelving\nShower Doors: Framed or Custom\nSafety/PPE Equipment\nRestock Kits\nOutlet\nManufacturers\nB&K Products\nB&K Products\nFor full functionality of this site it is necessary to enable JavaScript.\r\n         Here are the\ninstructions how to enable JavaScript in your web browser\n.\nRefine Results\nIn Stock\nAvailable (3)\nUpdate Search\nManufacturer\nB&K Products (3)\nUpdate Search\nCategory\nPlumbing (3)\nUpdate Search\nPage Loading...\nNarrow Results:\nGo ▸\nSort By:\nClosest Match\nDescription\nPrice\nMost Popular\nAvailability\n1 - 3 of 3 Items\nShow Grid\n|\nShow List\n12\n30\n60\nItems per page\nPage 1 of 1\nAdd to Cart\nCompare\nCheckout\n993-016NL\n993-016NL - B&K 3/8OD BRASS TEE ADAPTER LF\n(0 reviews)\n-\nQty\n+\nPrice:\n$7.20 / ea\nAvailability:\n238 ea\ni\nBranch Availability:\nBloomington\n2 ea\nCarmel\n27 ea\nColumbus\n17 ea\nDayton\n5 ea\nDistribution Center\n15 ea\nEast Indianapolis\n7 ea\nFt Wayne\n5 ea\nIndianapolis\n25 ea\nKokomo\n6 ea\nLafayette\n6 ea\nMartinsville\n2 ea\nMerrillville\n18 ea\nMiddletown\n2 ea\nMuncie\n7 ea\nNew Albany\n50 ea\nRichmond\n12 ea\nSouth Bend\n32 ea\ncompare\n993-015RPNL\nBK993015RPNL - 993015RPLF 3/8ODX 1/4OD BR TEE\n(0 reviews)\n-\nQty\n+\nPrice:\n$8.85 / ea\nAvailability:\n82 ea\ni\nBranch Availability:\nBloomington\n1 ea\nCarmel\n20 ea\nColumbus\n3 ea\nDayton\n4 ea\nDistribution Center\n16 ea\nEast Indianapolis\n5 ea\nIndianapolis\n7 ea\nKokomo\n2 ea\nLafayette\n3 ea\nMartinsville\n5 ea\nMerrillville\n2 ea\nMuncie\n4 ea\nNew Albany\n6 ea\nRichmond\n4 ea\ncompare\n993-001\n993-001 - B&K 25FT PLASTIC ICEMAKER KIT - INCLUDES TUBING AND VALVE\n(0 reviews)\n-\nQty\n+\nPrice:\n$12.86 / ea\nAvailability:\n50 ea\ni\nBranch Availability:\nArchbold\n2 ea\nCarmel\n3 ea\nColumbus\n3 ea\nDayton\n2 ea\nDistribution Center\n12 ea\nIndianapolis\n6 ea\nKokomo\n2 ea\nLafayette\n1 ea\nMerrillville\n3 ea\nMiddletown\n3 ea\nMuncie\n5 ea\nNew Albany\n6 ea\nRichmond\n2 ea\ncompare\nAdd to Cart\nCompare\nCheckout\n1 - 3 of 3 Items\n12\n30\n60\nItems per page\nPage 1 of 1\nCan't find what you are looking for?\nPlease fill out our\nnon-stock/special order form\nand we'll get right back to you. Thanks!\nSign up and get the latest deals and news!\nCorporate Office\n6610 Guion Road\nIndianapolis, IN 46268\n(800) 873-1103\nCustomer Service\nContact Us\nNews\nWarranties & Returns\nAccount\nRegister\nLogin\nMy Account\nSales Resource\nPay Invoice Online\nAbout Us\nOur Story\nContact Us\nIndustries We Serve\nEmployment Application\nCareers\nLee Supply Staff\nResources\nFind Your Lee Branch\nProduct Training\nVendor Lists\nFind a Heil Elite Dealer\nUtility Rebate Submission\nCredit Application\nBuild Your Own Shower Door\nFinancing\nNews & Resources\nBuying Guides\n©\n2024 Lee Supply |\nPrivacy Policy\n| Site powered by\nBilltrust eCommerce",
    "https://www.gotolee.com/catalog/shop/Continental-Industries/mfr-DFV?a=1": "Continental Industries | Lee Supply\n0\n(800) 873-1103\nQuick Order\nLocations\nContact Us\nSCAN\nLOG IN\nREGISTER\n0\nProducts\nLee Outlet\nSafety/PPE Equipment\nAppliances\nBrass Fittings & Nipples\nCopper Fittings\nWater Heaters\nWater Softeners & Accessories\nPlumbing\nMalleable Iron\nHVAC\nElectrical\nMilwaukee\nHardware\nTools\nClearance\nShowroom\nWater Heaters\nPro Press 1/2\nPro Press 3/4\nManufacturers\nVestil\n3M\nAdvanced Drainage Systems\nAirmax\nAlmo\nAmcraft\nAmerican Granby\nAqua Systems\nArc\nArmacell\nArterior Homes\nAtco\nB&K Products\nBackstop Thermal Expansions\nBasco\nBemis\nBest\nBlack Swan\nBlanco\nBluestar\nBoshart\nBow\nBradford White\nBrass Craft\nBrasstech\nBRCRFT\nBriggs\nBroan\nC&S Mfg.\nCambridge-Lee\nCapital Lighting\nCash Acme\nCharlotte Pipe\nChicago Faucet\nChicago Fittings\nCifial\nClarion Bathware\nCMI\nContinental Industries\nCresline\nDacor\nDanco Faucet Parts\nDearborn Products\nDelta Faucet\nDelta Prefabs\nDiablo\nDistinctive\nDiversitech\nDundee\nEatons\nElectrolux\nElkay\nElkhart\nEZ-FLO\nFanimation\nFast CW\nFastenal\nFeiss Lighting\nFernco\nFisher & Paykel\nFluidmaster\nFluidyne\nGeneral Electric\nGerber\nGM Lighting\nGolden Lihgting\nGrinnell\nHalco\nHansgrohe\nHardcast\nHarris Products\nHaviland Drainage Products\nHoneywell\nICP Equipment\nICP Fast Parts\nJacuzzi\nJohn Guest\nJomar\nJones Stephens\nKnauf Insulation\nKohler\nLasco\nLegend\nLegrand\nLenox\nLixil\nLuminance\nMaax\nMansfield\nMasco\nMatco\nMatteo Lighting\nMaxim Lighting\nMaxitrol\nMiele\nMilestone\nMIlwaukee\nMoen\nMTI Tubs\nMueller\nMulti Fittings\nMustee\nMyers Pump\nNavien\nNeoperl\nNora Lighting\nOasis Bathing\nOatey\nOmega Flex\nPentair\nPeter Mason\nPHD Manufacturing\nPorteous\nPrecisionaire\nProgress Lighting\nQuoizel\nRed-White Valve\nRobern\nSealtite\nShurtape\nSimply Soft\nSioux Chief\nSloan\nSpeed Queen\nSterling Fiberglass\nStormPro\nStudor\nSub-Zero/Wolf\nSwan\nSymmons\nT&S Brass\nThermo\nThomas Lighting\nTruaire\nTrue Residential\nTurbo Torch\nUniweld\nViega\nViking\nWard Mfg.\nWesco\nWestinghouse Lighting\nWhirlpool\nWirsbo/Uponor\nWisconsin\nWoodford Mfg. Co.\nWorthington\nZ-Lite Lighting\nZurn\nZoeller Pumps\nKitchen\nKitchen Faucets\nKitchen Sinks\nDisposals\nCountertop Appliances\nCooktops\nBar Faucets\nBar Sinks\nSoap Dispeners\nSink Grids\nCutting Boards\nBathroom\nToilets\nBathroom Faucets\nDrain Assembly\nPedestal Sinks\nBath Tubs\nShowers\nShower Walls & Sets\nTub & Showers\nShower Bases\nShower Heads\nVanities\nAppliances\nRefrigerators\nRange/Ovens\nCooktops\nDishwashers\nMicrowaves\nCountertop Appliances\nLaundry\nWashers\nDryers\nWall Ovens\nBeverage/Wine Storage\nChest Freezers\nGrills\nLighting\nPlumbing\nWater Heaters & Parts\nPumps & Accessories\nPEX\nPress Fittings\nPVC Pipe & Accessories\nCPVC/PVC Fittings & Accessories\nPVC/CPVC Cements, Primers & Cleaners\nSteel Pipe & Fittings\nCopper Tubing/Fittings\nBrass Fittings & Nipples\nDrains, Flashing & Carriers\nWater Softeners & Accessories\nBoilers and Parts\nWell Storage Tanks\nWater Coolers\nChemical & Rubber Goods\nSafety/PPE Equipment\nHVAC\nAES Indiana Rebate\nI&M Power Rebate\nHEIL\nGE Air\nOxbox\nBosch\nAprilAire\nMiller\nGree\nHVAC Equipment & Accessories\nRoof Top Units\nGas Leak Detectors\nRegisters & Grilles\nAir Cleaners & Filters\nFlex Duct, Duct Board & Accessories\nDuct Pipe & Fittings\nRefrigeration & A/C Specialties\nInsulation Products\nGas/Oil Burners & Accessories\nSafety/PPE Equipment\nTools\nMilwaukee\nTool Bits\nBlades\nSaws\nHangers, Suppports, Bolts, Nuts & Screws\nBatteries\nElectrical Wire & Cable\nElectrical Products\nGloves\nPower Cords\nPanel Boxes & Breakers\nConduit & Fittings\nGas Tanks & Accessories\nDoor, Window & Closet Products\nFire Extinguishers\nPaint Supplies\nLocksets\nLumber & Hardware\nSafety/PPE Equipment\nDiv. 10\nOur Services\nClosets & Shelving\nShower Doors: Framed or Custom\nSafety/PPE Equipment\nRestock Kits\nOutlet\nManufacturers\nContinental Industries\nContinental Industries\nFor full functionality of this site it is necessary to enable JavaScript.\r\n         Here are the\ninstructions how to enable JavaScript in your web browser\n.\nRefine Results\nIn Stock\nAvailable (15)\nCall for Availability (30)\nUpdate Search\nManufacturer\nContinental Industries (45)\nUpdate Search\nCategory\nHVAC (45)\nUpdate Search\nSub-Category\nUnderground Gas (45)\nUpdate Search\nSection\nConstab (45)\nUpdate Search\nGroup\nCaps (1)\nChamfer Tools (8)\nCouplings (9)\nElbows (2)\nReducer Couplings (3)\nReducer Tees (2)\nRisers (7)\nTees (4)\nTransition Couplings (1)\nTransition Fittings (8)\nUpdate Search\nSubgroup\nw/\nGauge (7)\nUpdate Search\nProduct\nChamfer Tool (8)\nCoupling (9)\nElbow (2)\nEnd Cap (1)\nReducer Coupling (3)\nReducer Tee (2)\nRiser (7)\nTee (4)\nTransition Coupling (1)\nTransition Fitting (8)\nUpdate Search\nSize\n1 1/\n2 in (1)\n1 1/\n4 in (9)\n1 in (12)\n1 in x 3/\n4 in (1)\n1/\n2 in (10)\n2 in (5)\n3/\n4 in (6)\n3/\n4 in x 1/\n2 in (1)\nUpdate Search\nPage Loading...\nNarrow Results:\nGo ▸\nSort By:\nClosest Match\nDescription\nPrice\nMost Popular\nAvailability\n1 - 12 of 45 Items\nShow Grid\n|\nShow List\n12\n30\n60\nItems per page\n1\n2\n3\n4\n▶\nAdd to Cart\nCompare\nCheckout\n325952101300\n325952101300 - CONTINENTAL CON-STAB ID SEAL FULL STAB COUPLING - 3/4\" IPS STRAIGHT SDR 11 POLYPROPYLENE\n(0 reviews)\n-\nQty\n+\nPrice:\n$35.48 / ea\nAvailability:\n5 ea\ni\nBranch Availability:\nCarmel\n4 ea\nDistribution Center\n1 ea\ncompare\n135391461325\n135391461325 - ANODELESS METER GAS RISER 3/4\" IPS X 3/4 MPT SDR11 PE STAB - CONTINENTAL\n(0 reviews)\n-\nQty\n+\nPrice:\n$127.92 / ea\nAvailability:\n14 ea\ni\nBranch Availability:\nArchbold\n2 ea\nBloomington\n1 ea\nCarmel\n4 ea\nColumbus\n2 ea\nDistribution Center\n4 ea\nFt Wayne\n1 ea\ncompare\n145391461425\n145391461425 - ANODELESS METER GAS RISER 1\" IPS X 1\" MPT SDR11 PE STAB - CONTINENTAL\n(0 reviews)\n-\nQty\n+\nPrice:\n$143.55 / ea\nAvailability:\n6 ea\ni\nBranch Availability:\nArchbold\n2 ea\nCarmel\n4 ea\ncompare\n000033658014\n000033658014 - CONTINENTAL ID CHAMFER TOOL WITH GAUGE - 1\" IPS SDR-11 - USED WITH CON-STAB ID SEAL FITTING\n(0 reviews)\n-\nQty\n+\nPrice:\n$52.27 / ea\nAvailability:\n7 ea\ni\nBranch Availability:\nCarmel\n3 ea\nDistribution Center\n3 ea\nFt Wayne\n1 ea\ncompare\n000033658013\n000033658013 - CONTINENTAL ID CHAMFER TOOL WITH GAUGE - 3/4\" IPS SDR-11 - USED WITH CON-STAB ID SEAL FITTINGS\n(0 reviews)\n-\nQty\n+\nPrice:\n$52.27 / ea\nAvailability:\n7 ea\ni\nBranch Availability:\nCarmel\n3 ea\nDistribution Center\n3 ea\nFt Wayne\n1 ea\ncompare\n464600191325\n464600191325 - CONTINENTAL CON-STAB ID SEAL TRANSITION FITTING - 3/4\" IPS SDR-11 PE STAB\n(0 reviews)\n-\nQty\n+\nPrice:\n$66.20 / ea\nAvailability:\n6 ea\ni\nBranch Availability:\nCarmel\n3 ea\nColumbus\n2 ea\nDistribution Center\n1 ea\ncompare\n325952101400\n325952101400 - CONTINENTAL CON-STAB ID SEAL FULL COUPLING - 1\" IPS SDR-11 PE STAB\n(0 reviews)\n-\nQty\n+\nPrice:\n$52.65 / ea\nAvailability:\n4 ea\ni\nBranch Availability:\nCarmel\n4 ea\ncompare\n995399050325\n995399050325 - 1-1/4\" IPS SDR-11 ANODELESS RISER - CONTINENTAL\n(0 reviews)\n-\nQty\n+\nPrice:\n$318.25 / ea\nAvailability:\n2 ea\ni\nBranch Availability:\nArchbold\n1 ea\nCarmel\n1 ea\ncompare\n325950101300\n325950101300 - CONTINENTAL CON-STAB ID SEAL 3/4\" IPS STRAIGHT SDR-11 POLYPROPYLENE - 3/WAY TEE\n(0 reviews)\n-\nQty\n+\nPrice:\n$95.86 / ea\nAvailability:\n4 ea\ni\nBranch Availability:\nCarmel\n2 ea\nDistribution Center\n2 ea\ncompare\n325950101400 -\n325950101400 - CONTINENTAL CON-STAB ID SEAL 3-WAY TEE - 1\" IPS SDR-11 PE STAB\n(0 reviews)\n-\nQty\n+\nPrice:\n$92.16 / ea\nAvailability:\n1 ea\ni\nBranch Availability:\nFt Wayne\n1 ea\ncompare\n325952101700\n325952101700 - CONTINENTAL CON-STAB ID SEAL FULL COUPLING - 2\" IPS SDR-11 PE STAB\n(0 reviews)\n-\nQty\n+\nPrice:\n$153.64 / ea\nAvailability:\n3 ea\ni\nBranch Availability:\nCarmel\n3 ea\ncompare\n325954141300 -\n325954141300 - CONTINENTAL CON-STAB ID SEAL REDUCER COUPLING - 1\" IPS SDR-11 PE STAB X 3/4\" IPS SDR-11 PE STAB\n(0 reviews)\n-\nQty\n+\nPrice:\n$98.97 / ea\nAvailability:\n1 ea\ni\nBranch Availability:\nCarmel\n1 ea\ncompare\nAdd to Cart\nCompare\nCheckout\n1 - 12 of 45 Items\n12\n30\n60\nItems per page\n1\n2\n3\n4\n▶\nCan't find what you are looking for?\nPlease fill out our\nnon-stock/special order form\nand we'll get right back to you. Thanks!\nSign up and get the latest deals and news!\nCorporate Office\n6610 Guion Road\nIndianapolis, IN 46268\n(800) 873-1103\nCustomer Service\nContact Us\nNews\nWarranties & Returns\nAccount\nRegister\nLogin\nMy Account\nSales Resource\nPay Invoice Online\nAbout Us\nOur Story\nContact Us\nIndustries We Serve\nEmployment Application\nCareers\nLee Supply Staff\nResources\nFind Your Lee Branch\nProduct Training\nVendor Lists\nFind a Heil Elite Dealer\nUtility Rebate Submission\nCredit Application\nBuild Your Own Shower Door\nFinancing\nNews & Resources\nBuying Guides\n©\n2024 Lee Supply |\nPrivacy Policy\n| Site powered by\nBilltrust eCommerce"
  },
  "doc_id": "6eabe3b7-0225-56a8-8025-7d3e64098a9a"
}