{
  "url": "http://hccscoding.com",
  "timestamp": 1735333132.4428213,
  "text_by_page_url": {
    "https://www.hccscoding.com/about": "HCCS Healthcare Coding and Consulting Services\nHome\nAbout\nOur Team\nOur Values\nTradeshow Schedule\nServices\nMedical Coding\nCoding and Documentation Auditing\nDRG Clinical Validation Services\nClinical Documentation Improvement (CDI)\nHIM Services\nInterface Support\nAsk The Expert\nOur Careers\nDiscover Opportunities\nContact\nEmployee Portal\nBlog\nAbout us\nWe are your HIM Solution\nHere at HCCS, we are driven by the constant desire to provide the best health information management (HIM) services available.\nHCCS's team of experienced and certified HIM professionals are committed to providing our clients with the industry's highest accuracy standards and timely completion of their daily coding, auditing and clinical documentation needs. Our services assist our clients in processing their medical records from patient discharge through the billing cycle.\n100% of our coders and auditors are US-based, W-2 employees.\nWe do not off-shore nor subcontract any of our work, though we greatly value our many business partners who subcontract their coding and auditing to us. HCCS is always taking on new provider and partner clients, and hiring in multiple specialties to take on this work.\nOur business is about creating a symbiotic relationship between our clients and HCCS's HIM professionals. The services we provide allow hospitals around the country to run at levels they otherwise could not. From critical access hospitals to the largest level 1 trauma centers there is a need for accurate coding and proper reimbursement. Errors can be very costly and have crippling repercussions, which is why many facilities turn to HCCS's certified and experienced coders and auditors as an extension of their team.\nOur HIM solutions include:\nRemote, US-Based Medical Coding\nCoding & Documentation Auditing\nTelehealth & COVID-19 Training and Coding\nClinical Documentation Improvement\nInterim HIM Management\nHIM Operational Reporting\nInterface Support\nSkilled Nursing Facility (SNF) hotline\nOur History\nHCCS was established in 2006 as its founder's second venture in the HIM field. HCCS's predecessor, MedGrup, began in Bill Cronin's basement in 1993, and evolved over the next nine years into what we consider the premier medical coding company of its time – a pioneer in the now commonplace practice of remote coding.\nSeveral years after Cronin sold MedGrup in 2002, he felt compelled to get back into HIM and reached out to his old team. Joined by his old managers and many of his top coders and auditors, he formed HCCS with the intention of creating a moral, upstanding coding company even better than the first. By 2014 HCCS had surpassed MedGrup in every way.\nThough the Cronins never intended to sell any amount of HCCS and turned down many suitors over the years, they were excited to become a subsidiary of\nThe Innovation Institute\nin August 2014. Together with our new partners and our team of dedicated HIM professionals, HCCS is committed to improving healthcare in our country and poised to become the top HIM company in the nation.\n113 El Dorado Pkwy W.  , Cape Coral FL  33914\n239-443-3900\ninfo@hccscoding.com\nCopyright 2024 | Healthcare Coding and Consulting Services",
    "https://www.hccscoding.com/hccs-team": "HCCS Healthcare Coding and Consulting Services\nHome\nAbout\nOur Team\nOur Values\nTradeshow Schedule\nServices\nMedical Coding\nCoding and Documentation Auditing\nDRG Clinical Validation Services\nClinical Documentation Improvement (CDI)\nHIM Services\nInterface Support\nAsk The Expert\nOur Careers\nDiscover Opportunities\nContact\nEmployee Portal\nBlog\nour Management team\nIntroductions\nWhile HCCS only began business in 2006, our entire management team, most of our auditors, and many of our coders have been working together for over twenty years. This has allowed us to develop a working relationship more akin to genuine friendship than a relationship between coworkers. We trust each other not only to get the job done, but to always stay true to our common values and strive toward our ultimate\ngoal.\nMeet Our Management Team\nWilliam Cronin\nChief Executive Officer\nBill graduated with a BS in Engineering from DIT in Dublin, Ireland and spent 16 years in the electronic control industry specializing in environmental control systems for large commercial, industrial, and healthcare facilities in Los Angeles, Houston and Chicago. He also has two and half decades in the Health Information Management side of healthcare, mostly in the field of remote coding and auditing.\nBill has founded, owned and been CEO of two successful remote coding businesses, namely MedGrup and HCCS. He established MedGrup in 1993 and oversaw its journey from a humble remote coding company to what many considered the premier coding company of its time. Bill Cronin was a pioneer at the time as remote coding businesses were unheard of, whereas now this practice is essentially industry norm.\nBill sold MedGrup in June 2002 and left the company just over a year later. In early 2006 he founded HCCS and was immediately joined by his former CFO and CIO from MedGrup. As HCCS grew, Bill was quickly joined by most of the remaining MedGrup senior management team, senior auditors, and many of the seasoned coders. HCCS from the onset was on a path of success stemming from the experienced team who had successfully worked together previously. Since April 2006 HCCS has expanded to more than 150 coders, auditors, and HIM professionals, and continues to grow.\nJames Cronin\nChief Operating Officer\nJames has received a BS in Business Administration with an emphasis in marketing from the University of Colorado. He is also currently enrolled in a program where he will receive an MS in Health Information Management, subsequent to which he will sit for his RHIA credentials. James joined HCCS in December of 2009 after graduating from University.\nJames is responsible for leading all of HCCS’s sales strategies, for securing new businesses and both developing and enhancing our relationships with clients. Additionally as Chief Operating Officer, Mr. Cronin oversees nearly all of HCCS’s country wide operations including coding, human resources, recruiting and marketing. Under his supervision HCCS has continued to expand whilst not sacrificing the quality of our services.\nJennifer Burnham\nChief Financial Officer\nJennifer has received a MS in Accounting from the University of Texas. She joined HCCS after completing her undergraduate studies in May of 2011.\nShe contributed, not only to the creation and implementation of our company created account reconciliation/time-keeping system, ChartCounts, but its ongoing improvement and upgrading. She works very closely with HR in day-to-day activities and to maintain compliance in company polices and payroll practices. Jennifer is responsible for the overall accounting and financial reporting functions for HCCS. Additionally, as Chief Financial Officer, Jennifer manages the company's financial statements, general ledger, payroll, accounts receivable and payable, budgeting, tax compliance, and other various special analyses.\nJenan Custer, RHIT, CCS, CDIP, CPC\nVP of Operations\nJenan Custer joined HCCS in 2008 as an emergency department coder. Her managerial talents and value to the HCCS team were recognized by both the CEO and COO. Jenan ascended to Director of Coding Operations in\n2010\nwhere she is responsible for all coding, auditing, and consulting operations. Jenan oversees all day to day coding operations at all HCCS client sites. Jenan is a well-known speaker and boot-camp instructor on a wide number of topics including, but not limited to, Coding, HIM Compliance, Rural Health Care, Clinical Documentation Improvement, and Revenue Cycle Integrity.\nIn February of 2018 Jenan received the Excellence award through the Innovation Institute’s Annual Values Recognition Celebration. She demonstrates excellence in her desire to foster an environment of continuous learning, encourage innovative ideas, and through her dedication to the HCCS team.\nWe Believe in Organization\nOrganized teams get more done, more efficiently.\nClick below\nto take a look at HCCS's structure.\nDiscover HCCS's coding leadership organization below.\n113 El Dorado Pkwy W.  , Cape Coral FL  33914\n239-443-3900\ninfo@hccscoding.com\nCopyright 2024 | Healthcare Coding and Consulting Services",
    "https://www.hccscoding.com/values": "HCCS Healthcare Coding and Consulting Services\nHome\nAbout\nOur Team\nOur Values\nTradeshow Schedule\nServices\nMedical Coding\nCoding and Documentation Auditing\nDRG Clinical Validation Services\nClinical Documentation Improvement (CDI)\nHIM Services\nInterface Support\nAsk The Expert\nOur Careers\nDiscover Opportunities\nContact\nEmployee Portal\nBlog\nour values\nWhat we live by\nOur company is built on a few simple yet strong core values that define how we conduct our business and our lives:\nIntegrity, Respect, and Ambition. We believe these values to be paramount in business, and yet two out of the three seem to be increasingly rare.\nIntegrity\nThis is a fairly comprehensive value that leads to a number of attitudes and practices that we are proud of. However, there is one sentiment that we like to think sums us up:\nYou can count on us\n. This is not a guarantee of our price or service, but rather our character. We are loyal to our clients and each other, and we always act with integrity. We are looking out for you and we’ve got your back in a pinch. Basically, you can trust us to do the right thing.\nRespect\nProper respect is fundamental to the manner in which we intend to do business on a daily basis. Its absence is at the root of any number of bad situations that invariably lead to something unpleasant for all parties involved. Consequently, we vow to minimize condescension, petulance and all other disagreeable behaviors, and instead strive to facilitate pleasant relations however we can.\nFor us respect is particularly important because seamlessly integrating ourselves into the departments and cultures of hospitals is so crucial to achieving our goals. The process of implementing a change like outsourcing a facility’s coding can be made considerably more difficult if the outsiders are not mindful of entrenched processes and attitudes. We pride ourselves in fostering a relationship of mutual respect with our clients.\nAmbition\nWhatever word you use to describe it, this is what is at the heart of progress. Whether personal or selfless, ambition is the catalyst that sparks innovation and inspires entrepreneurial spirit. Indeed it is what drives us to improve our own company just as it is what causes us all to seek out solutions for the organizations to which we belong.\nWe encourage and reward ambition in our employees, and a cornerstone of our credo is to never be satisfied with the status quo. We do all that is in our power to assist our clients however we can, and we are not satisfied unless we exceed their every expectation. We aspire to be the best, and the best is what we fully intend to be.\n113 El Dorado Pkwy W.  , Cape Coral FL  33914\n239-443-3900\ninfo@hccscoding.com\nCopyright 2024 | Healthcare Coding and Consulting Services",
    "https://www.hccscoding.com/services": "HCCS Healthcare Coding and Consulting Services\nHome\nAbout\nOur Team\nOur Values\nTradeshow Schedule\nServices\nMedical Coding\nCoding and Documentation Auditing\nDRG Clinical Validation Services\nClinical Documentation Improvement (CDI)\nHIM Services\nInterface Support\nAsk The Expert\nOur Careers\nDiscover Opportunities\nContact\nEmployee Portal\nBlog\nOur Services\nWe have your solutions\nLearn more about our services\nAs an industry leader of medical coding and HIM services, we offer a wide variety of solutions that help you manage your HIM department more effectively and improve overall quality.\nMedical Coding\nDelivering quality and optimal turnaround time\nCoding & Documentation Auditing\nFocused on uncovering unrealized revenue while minimizing risk\nCDI Solutions\nImproved physician documentation through education\nInterface Support\nHighly capable of utilizing a hospital’s various Information Systems for the purposes of abstracting, coding and charge entry\nHIM Services\nWe specialize in optimizing the Health Information Management Department to enhance overall efficiency and compliance.\nDRG Clinical Validation Services\nComing Soon\nAsk the Expert\nOur coding experts are available by email to answer all of your coding questions. You'll have a response within 24 hours.\n\"During our audit, we chose to use HCCS's ChartStream program to supply them with the audit materials. Using the ChartStream program was very easy. Throughout the upload phase if something was uploaded incorrectly by us or if there was a concern about how materials were identified, HCCS was right there to work with us. Once our materials were uploaded, the findings were provided in a timely manner.\"\nTara Sears, M.A.\nCompliance Specialist\nUmpqua Health\n\"As part of the conclusion of the audits we had a conference call with HCCS which was quite helpful as they could not only tell us about our findings and what practice alterations would be most beneficial based on our company, they could also provide insight into how our findings compared to those across the nation. Again the entire HCCS team we worked with were quite knowledgeable.\nI recommend working with this company. In fact, prior to the conclusion of our second audit, we engaged them for another. This has been a productive business relationship.\"\nTara Sears, M.A.\nCompliance Specialist\nUmpqua Health\n\"They are a good resource for us; they've become like one of our local coders. If somebody has a question, they will provide us with assistance, either directly coding the account or educating us on what's important to look for. They help our coders if they run into something they're uncomfortable with or unfamiliar with. HCCS has allowed us to get on a better timing schedule, send our bills out in a timely manner, and not have to hold things up while waiting for coding.\nHCCS has had a positive impact not just on getting the work done, but also on the quality of the work.\"\nInterview from Sharing Magazine (THA), Volume 7, No. 1: \"Deciphering the Code: Remote Coding Service Helps Hospital Reclaim Millions in Unbilled Services\"\nStephen Bowerman\nSenior Vice President/CFO\nMidland Memorial Hospital\n\"Our return on investment has been great because the coding is better and much faster. Ultimately, HCCS gave us what we needed and we've seen a great increase in accuracy and level of coding. HCCS is generating revenue because small coding details aren't missed. Revenue turnaround is faster and we don't have to pay for vacation, sick time, and a backup for vacations. HCCS has been a great partner for this organization and that is why we have continued our relationship.\"\nInterview from Texas Hospital Magazine (THA), Volume 16, Issue 3: \"Cracking the Code for Better and Faster Billing in Rural Hospitals\"\nAdam Willmann, FACHE\nCEO\nGoodall-Witcher Hospital\nYou have questions and we have answers\nWho do we code for?\nOur solutions are designed to improve your HIM processes whether you are a physician clinic, critical access hospital, level 1 trauma center, or anything in between.\nWhat chart types do we code?\nOur expertise expands over all chart types including:\nInpatient\nOutpatient\nEmergency room\nSame Day Surgery\nObservations\nPhysician Clinics\nProfessional-Fee Services\nHome Health\nThere's almost nothing we don't code! Not sure if we cover it? Please inquire with us.\nWhat do we require of our coding staff to ensure top quality?\nOur highly trained and skilled coders are required to have over three years of experience. In addition, we require our staff to be certified through AHIMA or AAPC with at least one of the following:  RHIA, RHIT, CCS or CPC. We provide ongoing education and training to ensure their skills are kept current.\nWhat does our client service department do for you?\nOur client services team has one responsibility:\nKeep our clients happy!\nThey handle the training of on-site clerical personnel and they act as liaisons between your facility and the rest of HCCS. They are available anytime to answer questions, address client concerns, and assist clients in any other way they can. Regardless of where your facility is located, HCCS client services is close at hand. They have proven very effective problem solvers, and have a superb track record of averting even the most certain disasters in HIM departments.\n113 El Dorado Pkwy W.  , Cape Coral FL  33914\n239-443-3900\ninfo@hccscoding.com\nCopyright 2024 | Healthcare Coding and Consulting Services",
    "https://www.hccscoding.com/cdi-services": "HCCS Healthcare Coding and Consulting\nHome\nAbout\nOur Team\nOur Values\nTradeshow Schedule\nServices\nMedical Coding\nCoding and Documentation Auditing\nDRG Clinical Validation Services\nClinical Documentation Improvement (CDI)\nHIM Services\nInterface Support\nAsk The Expert\nOur Careers\nDiscover Opportunities\nContact\nEmployee Portal\nBlog\nClinical Documentation Improvement\nBridging together clinicians and HIM\nHCCS provides a wide array of CDI solutions to ensure compliance and adoption.\nMany HIM departments find themselves in an untenable position as a result of poor documentation and uncooperative clinicians. By providing crucial knowledge that is relevant to physicians in both the hospital setting and their own practice, HCCS can help bring the clinicians in-line with HIM. Give your clinicians a better understanding of what is needed to code and how to document accordingly.\nWhat areas do we focus on?\nMS-DRG\nCC/MCC\nPOA\nHAC\nSeverity of Illness\nE/M Best Practices\nMedical Necessity\nDischarge Implications\nOur two part program\nHCCS offers a quick and affordable two-part program to improve documentation, compliance, and reimbursement with a focus on physician buy-in and broad, measurable results.\nLearn more about our CDI solutions with our experts today\n113 El Dorado Pkwy W.  , Cape Coral FL  33914\n239-443-3900\ninfo@hccscoding.com\nCopyright 2024 | Healthcare Coding and Consulting Services",
    "https://www.hccscoding.com/careers": "Medical Coding at HCCS\nHome\nAbout\nOur Team\nOur Values\nTradeshow Schedule\nServices\nMedical Coding\nCoding and Documentation Auditing\nDRG Clinical Validation Services\nClinical Documentation Improvement (CDI)\nHIM Services\nInterface Support\nAsk The Expert\nOur Careers\nDiscover Opportunities\nContact\nEmployee Portal\nBlog\nHCCS is not a Recruiting Machine,\nWe are a coding company\nNot just a job, but a career\nWhat are you waiting for?\nWe feel HCCS is the best in the business, and to keep it this way we understand that we not only need the best staff, but we also must give them the best tools to enable them to do their work effectively and efficiently. We are convinced that these tools are not limited to things like the best computers and software; but include a myriad of less tangible factors, like a healthy work environment, a supportive culture, and an all-around fun atmosphere.\nAt HCCS, we expect every employee to hold us responsible for maintaining a positive work environment that fosters communication, teamwork, and growth towards their career goals. We do expect a lot of our employees, but in return they can expect indefinite and reliable work from an employer who respects and values them.\nHow we are different:\nWe are not a sales and recruiting machine, we are a coding company. This is not a staffing agency, and we certainly do not have a dozen recruiters pestering candidates all day so we can afford to churn through coders and auditors. We are a long-term coding and consulting partner to our clients, and when we decide to add coders and auditors to our team, it is meant to be permanent - we want you to retire with us. If you are tired of job-hopping and looking for something more than another contract gig or some shady piecework, we would be delighted if you would consider joining the HCCS family.\nOur ideal applicant:\nWho do we seek to hire?\nWe hire medical\ncoders and auditors\nacross the board in all specialties including:\nInpatient\nOutpatient\nEmergency Room (Facility and/or Pro)\nSame Day Surgery\nObservation\nPro Fee - Hospital and Physician Clinic settings\nHome Health\nBillers\nWe look for dedicated and passionate professionals to join our team! Does that sound like you?\nWhat qualifications do we look for?\nThe qualifications for our coders and auditors vary by specialty, though every one of our coders is required to have at least one of the following credentials: RHIA, RHIT, CCS, or CPC certification. They typically must also have a minimum of 3 years coding experience at a tertiary care facility with 150+ beds, but rural healthcare is a particular niche for us, so we have plenty of room for all the small-town coders out there.\nBefore being hired, applicants must be able to pass the appropriate specialty specific coding assessment and phone screening. Our coders are required to maintain a 95% coding accuracy and a 97% reimbursement coding accuracy.\nWhat is our recruiting process?\nOur Coding Managers\nClick to discover our coding leaders\nErika Suzzi, RHIA, CCS\nInpatient Coding Manager\nRamona Porter,\nCPC, CRC, CHONC, and a CCS\nED/OP Coding Manager\nPenny Russell, CCS\nSame Day Care and Observation Coding Manager\nAngela Hartman, CCS, CPC\nCoding Operations Manager\nOur HCCS Family\nGrowing the HCCS family with dedicated HIM professionals like you are a top priority for us. We want the best of the best on our team! The HCCS team is dedicated, passionate, and talented at what they do.\nOur Benefits\nWe provide medical, dental, and vision benefits as well life benefits, competitive 401K, and PTO. Along with the ability to work remotely HCCS provides all necessary equipment setup entirely by our highly skilled IT department. We also provide CEU and training opportunities to keep you current in your field of expertise.\nOur Culture\nWith a ping pong table in the corporate office, you may think we're pretty laid back. Though we do believe in play as much as work, we also believe in creating a welcoming environment that fosters innovation, success, and growth. We believe in inspiring each other to do the best we can with the best team out there.\nHCCS Family Testimonials\nThese make us blush\n\"My first year at HCCS has helped me become a better coder and encouraged me to prepare for the CCS exam. I absolutely love working for this company and I am so excited to see what the future holds. Thanks to everyone who has contributed to my success.\"\nKelsi A.\n\"\nHCCS has been my family for many years; I couldn't imagine working for anyone else! This is home!\"\nErika S.\n\"I absolutely\nlove\nthis company!\nI was scared to move to remote positions due to horror stories of \"contract\" jobs and fear of stability. No, this is not a contract job, you are an HCCS employee with all the normal employee benefits! They have an amazing top notch IT team who is always so helpful with the latest technology for remote coding, supportive managers, highly qualified auditors who continue to grow your coding education and co workers who help each other out. I have been with HCCS for over a year now and I've grown to love this job more and more each day! Thank you so very much from the bottom of my heart for making me part of the HCCS FAMILY, because that is what it feels like here!\"\nDenise M.\n\"\nI love the flexibility that HCCS offers! I love that HCCS has knowledgeable employees! Everyone that I have worked with has been so pleasant!\"\nCasey S.\n\"T\nhank you HCCS for recognizing and appreciating your employees. There is a long list of reasons I love working for this company but the people that make up the HCCS family are at the top of tha\nt list. I am surrounded by awesome co-workers!\nI am able to thrive and grow at HCCS.\"\nKristi S.\n\"\nBeing from a small town, I love the connection I have with co-workers/friends from all over the U.S.! Flexibility is also a huge perk to being a member of this HCCS Family.\"\nMichelle W.\n\"\nI am absolutely thrilled to be working for HCCS. Everyone has been so friendly and helpful. It has been a great experience.\n\"\nVicki M.\n113 El Dorado Pkwy W.  , Cape Coral FL  33914\n239-443-3900\ninfo@hccscoding.com\nCopyright 2024 | Healthcare Coding and Consulting Services",
    "https://www.hccscoding.com/contact": "HCCS Healthcare Coding and Consulting Services\nHome\nAbout\nOur Team\nOur Values\nTradeshow Schedule\nServices\nMedical Coding\nCoding and Documentation Auditing\nDRG Clinical Validation Services\nClinical Documentation Improvement (CDI)\nHIM Services\nInterface Support\nAsk The Expert\nOur Careers\nDiscover Opportunities\nContact\nEmployee Portal\nBlog\nContact US\nLocal to the Fort Myers area or in town?\nHCCS Corporate Headquarters\n8000 Summerlin Lakes Dr.\nSuite 200\nFort Myers, FL 33907\nNeed immediate assistance?\nGeneral Inquiries\nE-Mail:\ninfo@hccscoding.com\nPhone: 239-443-3900\nSales Inquiries\nE-Mail:\nsales@hccscoding.com\nPhone: 239-443-3900\nEmployment Inquiries\nE-Mail:\njobs@hccscoding.com\nPhone: 239-443-3917\nStart a Conversation\n113 El Dorado Pkwy W.  , Cape Coral FL  33914\n239-443-3900\ninfo@hccscoding.com\nCopyright 2024 | Healthcare Coding and Consulting Services",
    "https://www.hccscoding.com/codeencounters/the-implementation-of-icd-11-in-the-united-states-advancements-in-healthcare-classification": "The Implementation of ICD-11 in the United States: Advancements in Healthcare Classification\nJune 2023\nThe Implementation of ICD-11 in the United States: Advancements in Healthcare Classification\nIntroduction:\nThe International Classification of Diseases (ICD) is a globally recognized system that categorizes and codes diseases, conditions, and injuries. Developed by the World Health Organization (WHO), the latest version, ICD-11, represents a significant advancement in healthcare classification. This blog will delve into the implementation of ICD-11 in the United States and discuss the benefits it brings to the healthcare system.\nUnderstanding ICD-11:\nICD-11 is a modernized version of its predecessor, ICD-10, which has been in use since 1994 and was implemented in the US in 2015. The updated edition incorporates substantial changes to better reflect the current state of medical knowledge and technology. With over 55,000 codes, ICD-11 offers a more comprehensive and detailed framework for classifying diseases, disorders, and injuries. It also includes new features such as improved functionality for electronic health records (EHRs) and enhanced interoperability.\nImplementation of ICD-11 in the US:\nThe United States, like many other countries, has been transitioning from ICD-10 to ICD-11. The implementation process involves several steps, including evaluation, testing, training, and eventual adoption. Although the official adoption of ICD-11 by the US is yet to be finalized, various healthcare organizations, researchers, and policymakers have been actively involved in preparing for the transition.\nSource Guidance and Collaboration:\nThe National Center for Health Statistics (NCHS), a division of the Centers for Disease Control and Prevention (CDC), is responsible for overseeing the implementation of ICD-11 in the US. They have been working in collaboration with the WHO and other international partners to ensure a smooth transition. Several sources serve as valuable guidance for the implementation process:\nWorld Health Organization (WHO): The WHO serves as the primary source for the development and guidelines of ICD-11. Their official website provides comprehensive information, including implementation tools and resources.\nNational Center for Health Statistics (NCHS): The NCHS, as the lead agency for ICD-11 implementation in the US, offers valuable insights into the process. Their website provides updates, training materials, and relevant documentation.\nAmerican Hospital Association (AHA): The AHA has been actively involved in supporting the transition to ICD-11. They offer guidance, education, and resources for hospitals and healthcare professionals.\nBenefits of ICD-11 Implementation:\nThe implementation of ICD-11 brings several benefits to the US healthcare system:\nImproved Clinical Descriptions: ICD-11 provides a more detailed and precise classification system, enabling healthcare professionals to accurately document diagnoses and procedures. This enhances patient care, facilitates research, and enables better health outcomes. (NCHS)\nEnhanced Data Quality and Analysis: With its expanded code set and improved structure, ICD-11 enables better data collection and analysis. This leads to improved public health surveillance, epidemiological research, and healthcare planning. (NCHS)\nInteroperability and Integration: ICD-11 incorporates enhanced features for compatibility with EHRs and other health information systems. This promotes seamless data exchange, interoperability, and integration across healthcare settings, improving patient care coordination.\nInternational Standardization: ICD-11 provides a globally recognized and consistent classification system. This facilitates international collaboration, research, and benchmarking, ensuring uniformity in healthcare data across borders.\nConclusion:\nThe implementation of ICD-11 in the United States signifies a significant step forward in healthcare classification. With its comprehensive and detailed framework, ICD-11 offers numerous benefits to the US healthcare system, including improved clinical descriptions, enhanced data quality, and better\ninteroperability. While the transition process may take time and effort, collaboration between organizations such as the NCH.\nIs your organization ready or preparing for this transition? Find out how we can help by contacting us at info@hccscoding.com\n#ICD11 #HealthcareClassification #AdvancementsInHealthcare #ICDImplementation #ImprovedClinicalDescriptions #EnhancedDataAnalysis #Interoperability #InternationalStandardization #USHealthcareSystem #HealthcareTransition #HCCSCoding\nTopics:\nMedical Coding\n,\nICD-10\n,\nCoding\nWritten by\nBetsy Rios, CPC\nHealthcare Coding & Consulting Services\n(a.k.a. HCCS)\nThis blog is an extension of our uncompromising values and dedication to our clients, staff, and the HIM industry as a whole.\nSubscribe to Email Updates\nRecent Posts\nPosts by Tag\nMedical Coding\n(16)\nCoding\n(13)\nWorking from home\n(9)\nAuditor\n(7)\nCOVID-19\n(7)\nCoding Book\n(7)\nMedical Coding Book\n(7)\nRecruiting\n(7)\nHealth Information Management\n(6)\nWork From Home\n(6)\nICD-10\n(5)\nOrganization for Home Office\n(5)\nCoding Canapes\n(4)\ntelehealth\n(2)\nFinances\n(1)\nHome Town Health\n(1)\nMA plans\n(1)\nMedicaid\n(1)\nMedicare Advantage\n(1)\nPHE\n(1)\nSpring Conference\n(1)\nTime Management\n(1)\nrural health challenges\n(1)\nrural hospitals\n(1)\nsee all\n113 El Dorado Pkwy W.  , Cape Coral FL  33914\n239-443-3900\nyourname@company.com\nCopyright 2024 | Healthcare Coding and Consulting Services\nContact HCCS for additional information about coding at info@hccscoding.com."
  },
  "doc_id": "d7e810a6-001e-594b-82ff-8c4efb5b64d1"
}