{
  "url": "http://hmghospitality.com",
  "timestamp": 1735281945.1379397,
  "text_by_page_url": {
    "https://hmghospitality.com/about/": "About HMG Hospitality | Hotel Management - HMG Hospitality\nHome\nAbout\nTeam\nServices\nServices Overview\nFinancial Package\nPolicy & Procedure Manuals\nPortfolio\nHotel Portfolio\nHotel Case Study\nInsights\nContact\nAbout HMG Hospitality\nHMG Hospitality works as a partner that serves as an extension of your hotel management team. We listen to hotel owners’ past challenges and successes, ask about your current goals, and then structure a strategic plan to get you there. Our team has 35 years of experience operating, fixing, and improving hotels of all brands, segments, and sizes. No matter what your operating issues are, HMG has the knowledge and day-to-day experience to solve them.\nHMG Hospitality manages hotels from coast to coast. With our decades of hotel operating experience, we thoroughly review each hotel’s current condition and position among its competitors to create and implement a plan for unparalleled success. Our goal is to maximize your hotel’s market share by driving more revenue to the top line. We focus on improving your sales and revenue generation through implementing best practice strategies every day and every week that we manage your property.\nOperating efficiencies, managing expenses, and customer satisfaction are closely monitored and managed on a daily basis. We have established strong working relationships with franchisors and take full advantage of their training, marketing, sales, and revenue generation programs. Each of these variables must seamlessly work together for any hotel to be successful, and that is where HMG’s operational expertise is of great value to you, the hotel owner.\nHMG Hospitality welcomes the opportunity to show you how your hotel can achieve long-term sustainable success by improving customer satisfaction and increasing profitability.\nGet In Touch\n11590 West Bernardo Court\nSuite 211\nSan Diego, CA 92127\n858.673.1534 Office\n858.673.8539 Fax\ninfo@hmghospitality.com\nInsights\nTop Questions Owners Should Ask Hotel Management Companies\nWhen Should I Hire a Hotel Management Company?\nIncrease Direct Bookings on Your Hotel Website\nEffective Hotel Marketing Ideas to Maximize Revenue\nPost-Pandemic Travel Trends for the Hospitality Industry\nConnect\nGet In Touch\n11590 West Bernardo Court\nSuite 211\nSan Diego, CA 92127\n858.673.1534 Office\n858.673.8539 Fax\ninfo@hmghospitality.com\nInsights\nTop Questions Owners Should Ask Hotel Management Companies\nWhen Should I Hire a Hotel Management Company?\nIncrease Direct Bookings on Your Hotel Website\nEffective Hotel Marketing Ideas to Maximize Revenue\nPost-Pandemic Travel Trends for the Hospitality Industry\nConnect\n© 2024 HMG Hospitality. All rights reserved.\nTerms\nPrivacy\nSitemap\nPowered by\nParallel Interactive\n\n© 2024 HMG Hospitality. All rights reserved.\nTerms\nPrivacy\nSitemap\nPowered by\nParallel Interactive\nHome\nAbout\nTeam\nServices\n← Back\nServices Overview\nFinancial Package\nPolicy & Procedure Manuals\nPortfolio\n← Back\nHotel Portfolio\nHotel Case Study\nInsights\nContact",
    "https://hmghospitality.com/executive-team/": "Executive Team | Hotel Management - HMG Hospitality\nHome\nAbout\nTeam\nServices\nServices Overview\nFinancial Package\nPolicy & Procedure Manuals\nPortfolio\nHotel Portfolio\nHotel Case Study\nInsights\nContact\nExecutive Team\nThe HMG Hospitality executive team includes a diverse group of hotel professionals with in-depth domestic and international hospitality expertise. Many of our team members have formal training and education from renowned hospitality programs such as the Cornell School of Hotel Administration, Swiss Hotel School, Ecole Hotelière Lausanne, and University of Nevada Las Vegas. They have also served in executive positions with hotel associations, as well as, convention and visitors bureaus. HMG Hospitality prides itself on recruiting top tier of hotel professionals that have a passion for our industry and a track record of business success.\nJames Oddo, President\nJim is a Senior Hotel Executive with over 35 years of Hotel, Tourism and Marketing Management Leadership. He has opened new construction Hotels, managed major reimagining and repositioning of major hotel assets in both the Western United States and Los Cabos, Mexico. He has served as General Manager, Division Manager, and Executive Vice President/COO for regional hospitality companies. Jim is responsible for up to 1,100 associates and nearly $70,000,000 in annual revenues. He continues to be actively engaged in local and national tourism promotion serving on the Board of Directors of the San Diego Tourism Authority since 1992, Executive Committee member, Vice Chair of the Board, and Chairperson of the Board. Since 1993, has served as President of the Mission Valley Tourism Council, representing the second largest concentration of hotel rooms in San Diego. For 25 years, Jim has been actively engaged in local and national tourism promotion serving on the Board of Directors of the San Diego Tourism Authority and past Board member of the SDSU Athletic Association.\nMichele Demayo, C.H.A., Executive Vice President\nHaving established herself early on in her career, Ms. DeMayo is a veteran hotel manager and administrator. Michele has authored white pages for operational standards that are still in use today in a major hotel chain. A highly respected, well-educated and multi-cultural executive, Michele received her Masters of Science at the College of Hotel Administration, University of Nevada, Las Vegas, after studies at the Swiss Hotel School, Ecole Hotelière Lausanne. Michele is responsible for operations including Human Resources, Accounting, Risk Management, Transition Management and Employee Training. Michele is also responsible for all local, state and national compliance standards for all HMG Hotels and assets.\nJavier Barajas, Director of Operations\nJavier Barajas has been in the hospitality industry for over 27 years. He first started working for Managements Company which primarily focused on receivership properties in 1992 during a recession. As the economy improved he decided to focus on established branded hotels. He has experience managing branded hotels such as Marriott, Hilton, IHG, and others. He has worked for independent owners and other third-party management companies. Javier has been able to bring all the different brand knowledge to HMG to implement at our current hotels in our portfolio. During his career, he has worked with full-service hotels, limited service, and economy hotels.\nBrad Vogel, Director of Revenue Marketing\nBrad Vogel’s 15-year career in hospitality spans a vast variety of both operational and revenue generating roles. Brad graduated with a degree in business administration from Coastal Carolina University in 2003. He went on to intern with both Wyndham and Hilton Hotels in operational hotel management. Throughout his career, Brad has proven successful while working for both large brands and independent companies. His experience with corporations such as Atlas Hotels, Kimpton Hotels and Hotel Managers Group, combined with a solid background in residential real estate investment, has provided a track record of incrementally increasing profitability through rate, occupancy, and ancillary revenue streams.\nMike Palmieri, Director of Compliance\nMike has over 40 years experience in the hotel industry working for Atlas Hotels. Atlas owns and operates hotels and restaurants in San Diego, Los Angeles, Washington, Arizona, and Hawaii. He served as General Manager for several of their hotels as well as Director of Hotel Operations for the 1,000-room Town and Country Resort and Convention Center in San Diego. As a project manager, he coordinated and assisted with several guest room and public area renovations. At HMG, Mike oversees internal audits for payroll to ensure state labor laws are in compliance, conducts site inspections to meet HMG standards of operation, monitors the in-house safety awareness programs for full-service hotels, and works closely with the Health Departments to inspect kitchen operations.\nGet In Touch\n11590 West Bernardo Court\nSuite 211\nSan Diego, CA 92127\n858.673.1534 Office\n858.673.8539 Fax\ninfo@hmghospitality.com\nInsights\nTop Questions Owners Should Ask Hotel Management Companies\nWhen Should I Hire a Hotel Management Company?\nIncrease Direct Bookings on Your Hotel Website\nEffective Hotel Marketing Ideas to Maximize Revenue\nPost-Pandemic Travel Trends for the Hospitality Industry\nConnect\nGet In Touch\n11590 West Bernardo Court\nSuite 211\nSan Diego, CA 92127\n858.673.1534 Office\n858.673.8539 Fax\ninfo@hmghospitality.com\nInsights\nTop Questions Owners Should Ask Hotel Management Companies\nWhen Should I Hire a Hotel Management Company?\nIncrease Direct Bookings on Your Hotel Website\nEffective Hotel Marketing Ideas to Maximize Revenue\nPost-Pandemic Travel Trends for the Hospitality Industry\nConnect\n© 2024 HMG Hospitality. All rights reserved.\nTerms\nPrivacy\nSitemap\nPowered by\nParallel Interactive\n\n© 2024 HMG Hospitality. All rights reserved.\nTerms\nPrivacy\nSitemap\nPowered by\nParallel Interactive\nHome\nAbout\nTeam\nServices\n← Back\nServices Overview\nFinancial Package\nPolicy & Procedure Manuals\nPortfolio\n← Back\nHotel Portfolio\nHotel Case Study\nInsights\nContact",
    "https://hmghospitality.com/services/": "Hotel Management Services | Hotel Management - HMG Hospitality\nHome\nAbout\nTeam\nServices\nServices Overview\nFinancial Package\nPolicy & Procedure Manuals\nPortfolio\nHotel Portfolio\nHotel Case Study\nInsights\nContact\nHotel Management Services\nIn addition to proven methods of management, development and maximizing revenue, we are constantly mining and implementing success strategies that infuse energy into both properties and team members. These forward-looking solutions increase the property’s value to our customers, owners and stakeholders. All the things you’ve thought about, and a constant stream of inspirations to move you ahead of the curve.\nSales & Marketing\nConveying your message to the consumer is one of the most vital and often overlooked pieces of a property’s success. Solid, results-oriented sales  strategies developed over time are integrated with the latest digital marketing media and metrics to give you maximum reach and results. HMG Hospitality can help you grow revenue and add to your bottom line.\nView Properties\nRevenue Generation Management\nHMG Hospitality focuses on maximizing top line revenue by identifying customer groups, predicting their demand for hotel rooms, and optimizing the nightly room rate. We use aggressive, dynamic pricing strategies for all distribution channels based on historical and forecasted market and competitor research.\nView Properties\nFinancial Reporting\nOur monthly financial package includes a profit and loss schedule for 12 months, 12-month summary statement of cash flows, detailed schedule of increases and decreases, calculation schedules, and detailed General Ledger and General Entry Journal.\nView Package\nFranchisor Relations\nHMG Hospitality works collaboratively with all franchisors to maximize brand value. While our major focus is on the delivery of room-nights from their reservation system, it is crucial to ensure brand standard compliance and implement marketing best practices.\nView Properties\nProject Development\nFrom in-depth analysis to meticulous execution we seamlessly meld visions with reality that result in increased profitability. HMG Hospitality brings you a group of hotel experts dedicated to the success of your project. You can have the confidence that your hotel property is in good hands.\nView Properties\nAsset Management\nHMG Hospitality brings experience that allows us to capitalize on the unseen strengths of a property, and minimize its weaknesses. If your goal is to increase profits, and the value of your asset, then HMG Hospitality has the formula to achieve your goal.\nView Properties\nGet In Touch\n11590 West Bernardo Court\nSuite 211\nSan Diego, CA 92127\n858.673.1534 Office\n858.673.8539 Fax\ninfo@hmghospitality.com\nInsights\nTop Questions Owners Should Ask Hotel Management Companies\nWhen Should I Hire a Hotel Management Company?\nIncrease Direct Bookings on Your Hotel Website\nEffective Hotel Marketing Ideas to Maximize Revenue\nPost-Pandemic Travel Trends for the Hospitality Industry\nConnect\nGet In Touch\n11590 West Bernardo Court\nSuite 211\nSan Diego, CA 92127\n858.673.1534 Office\n858.673.8539 Fax\ninfo@hmghospitality.com\nInsights\nTop Questions Owners Should Ask Hotel Management Companies\nWhen Should I Hire a Hotel Management Company?\nIncrease Direct Bookings on Your Hotel Website\nEffective Hotel Marketing Ideas to Maximize Revenue\nPost-Pandemic Travel Trends for the Hospitality Industry\nConnect\n© 2024 HMG Hospitality. All rights reserved.\nTerms\nPrivacy\nSitemap\nPowered by\nParallel Interactive\n\n© 2024 HMG Hospitality. All rights reserved.\nTerms\nPrivacy\nSitemap\nPowered by\nParallel Interactive\nHome\nAbout\nTeam\nServices\n← Back\nServices Overview\nFinancial Package\nPolicy & Procedure Manuals\nPortfolio\n← Back\nHotel Portfolio\nHotel Case Study\nInsights\nContact",
    "https://hmghospitality.com/manuals/": "Policy & Procedure Manuals | Hotel Management - HMG Hospitality\nHome\nAbout\nTeam\nServices\nServices Overview\nFinancial Package\nPolicy & Procedure Manuals\nPortfolio\nHotel Portfolio\nHotel Case Study\nInsights\nContact\nHotel Policies & Procedures Manuals\nHMG best practice business’ model includes detailed written policy and procedure manuals for each hotel department which are used for training and compliance purposes. The following manuals index provides the reader with the overview of those extensive business practices employed by HMG in each of its hotels.\nAccounting\nPurchasing\nAccounts Payable\nAccounts Receivable\nExpense Reports\nEnd of Day Package\nEnd of Week Package\nEnd of Month Package\nPayroll\nBudget Process\nSeparation of Control Aspects\nControlling Filling of Records\nStandard Forms\nJob Descriptions\nAdministration\nSecurity\nThird Party Regulatory Agencies\nFacsimile Cover Sheets\nGeneral Manager and Director\nSales Reader Files\nTelephone Etiquette\nTraining Videos\nMedical Supplies\nTelephone Legislation\nComputer Programming Changes\nGeneral Manager’s Weekly Reports\nCompany Vehicles\nManagement Work Week\nVacation Policy\nSafe Security\nVendor Commissions\nAcceptance of Gifts\nTelephone Fraud\nGuest Property Loss\nOperating Statistics\nClient Reports or Communication\nCapital Improvements\nPre-Opening Procedures\nBank Deposits\nContracting Services\nComplimentary Policy\nPublic Relations\nJob Descriptions\nMaintenance\nEmployee Policies\nRight to Know\nGuest Relations\nEmergency Fire Procedures\nMaintenance Supplies\nInventory of Tools and Equipment\nMaintenance Requests\nPreventive Maintenance – Rooms\nPreventive Maintenance – Equipment\nand Grounds\nKey Service and Inventory\nFurniture Fixtures and Equipment\nInventory\nSwimming Pool and Spa Maintenance\nPest Control\nEnergy Consumption\nLandscaping\nIrrigation System\nSecurity\nRecord Maintenance\nLock-Out / Tag-Out Procedures\nStandard Forms\nJob Descriptions\nPersonnel\nJob Descriptions\nEqual Opportunity Employer\nGeneral Equipment Policies\nPerformance and Salary Reviews\nGrievances\nHotel Vehicle Drivers\nPayroll Advances\nSolicitation and Distribution of Literature\nPay Periods\nOvertime\nVacations\nHolidays\nInsurance\nMeals\nStandard Forms\nUniforms\nParking\nAttendance\nTime Shifts\nAccidents / Injuries / Incidents\nSafety\nLost and Found\nCrisis Management\nGuest Eviction\nConcession Agreements\nContracts\nGuest Complaints\nManager on Duty Program\nFood and Beverage General Polices\nMenu Changes\nRestaurant Allowances\nLiquor Purchases\nFood and Beverage Service\nFood Sanitation\nBeverage Sanitation\nTrade-Outs\nStandard Forms\nFront Desk\nEqual Opportunity Employer\nGeneral Equipment Policies\nPerformance and Salary Reviews\nGrievances\nHotel Vehicle Drivers\nPayroll Advances\nSolicitation and Distribution of Literature\nPay Periods\nOvertime\nVacations\nHolidays\nInsurance\nMeals\nStandard Forms\nUniforms\nParking\nAttendance\nTime Shifts\nAccidents / Injuries / Incidents\nSafety\nLost and Found\nCrisis Management\nGuest Eviction\nConcession Agreements\nContracts\nGuest Complaints\nManager on Duty Program\nFood and Beverage General Polices\nMenu Changes\nRestaurant Allowances\nLiquor Purchases\nFood and Beverage Service\nFood Sanitation\nBeverage Sanitation\nTrade-Outs\nStandard Forms\nJob Descriptions\nSales & Marketing\nMarketing Plan\nSales Training\nSales Office System\nAdvertising Sales\nTools Trade Shows\nSales Blitzes\nComplimentary Policy\nWeekly Sales Meeting\nShift Checklist\nCash Control\nReceipt of Cash\nCounting the Cash Drawer\nKey Control\nDeposit Witness Log Complimentary Policy Lead Form\nShift Schedules\nWeekly Billing\nMail Slot Procedures Safe Deposit Boxes\nEmergency Procedures-Guest Injury Emergency Fire Procedures\nGuest Complaints Guest Services\nCompany Vehicle\nFront Office Standard Forms\nJob Descriptions\nHousekeeping\nPersonnel and Training\nGeneral Housekeeping Policies\nGuest Safety\nRight to Know\nUniforms and Nametags Scheduling of Personnel Key Control\nSupplies and Inventories\nStocking the Room and Attendant’s Chart\nStandards for Placement of Room Furnishing\nRoom Cleaning Schedule Making the Bed\nCarpet Care\nDaily Inspections\nHousekeeping Safety Lost and Found\nMattress Rotation\nLaundry\nStandard Forms\nLeisure Program\nSite Inspection Procedures\nSales Office Coverage\nExpense Reports\nSample letters\nSales Reporting\nStandard Forms\nJob Descriptions\nInjury & Illness Prevention\nHMG Safety Policy\nWritten Program\nModel Safety Program\nRight to Know\nEmployee Safety Training\nConducting Inspections\nCommunicating Safety\nOther Cal/ OSHA Requirements\nHandling a Cal/ OSHA Inspections\nProperty Program\nExposure Control Plan for Blood- borne\nPathogens\nJanuary through December Activity\nDocumentation\nGet In Touch\n11590 West Bernardo Court\nSuite 211\nSan Diego, CA 92127\n858.673.1534 Office\n858.673.8539 Fax\ninfo@hmghospitality.com\nInsights\nTop Questions Owners Should Ask Hotel Management Companies\nWhen Should I Hire a Hotel Management Company?\nIncrease Direct Bookings on Your Hotel Website\nEffective Hotel Marketing Ideas to Maximize Revenue\nPost-Pandemic Travel Trends for the Hospitality Industry\nConnect\nGet In Touch\n11590 West Bernardo Court\nSuite 211\nSan Diego, CA 92127\n858.673.1534 Office\n858.673.8539 Fax\ninfo@hmghospitality.com\nInsights\nTop Questions Owners Should Ask Hotel Management Companies\nWhen Should I Hire a Hotel Management Company?\nIncrease Direct Bookings on Your Hotel Website\nEffective Hotel Marketing Ideas to Maximize Revenue\nPost-Pandemic Travel Trends for the Hospitality Industry\nConnect\n© 2024 HMG Hospitality. All rights reserved.\nTerms\nPrivacy\nSitemap\nPowered by\nParallel Interactive\n\n© 2024 HMG Hospitality. All rights reserved.\nTerms\nPrivacy\nSitemap\nPowered by\nParallel Interactive\nHome\nAbout\nTeam\nServices\n← Back\nServices Overview\nFinancial Package\nPolicy & Procedure Manuals\nPortfolio\n← Back\nHotel Portfolio\nHotel Case Study\nInsights\nContact",
    "http://hmghospitality.com/new-portfolio/": "Hotel Portfolio | Hotel Management Company - HMG Hospitality\nHome\nAbout\nTeam\nServices\nServices Overview\nFinancial Package\nPolicy & Procedure Manuals\nPortfolio\nHotel Portfolio\nHotel Case Study\nInsights\nContact\nHotel Management Portfolio\nSince it's inception in 1985, HMG Hospitality has managed every type of hotel property. From a 1,000-room major convention hotel, multiple full-service hotels and conference centers, dozens of focused service National Branded hotels to boutique 5-star resorts, we have managed every type of project in the hospitality industry.\nHotel Success Stories\nFull-Service Hotel, West Coast\nThe full-service hotel was failing dramatically and losing over $100,000 each month when HMG Hospitality assumed management. Since then, HMG has significantly increased positive cash flow and boosted guest occupancy by 110% in 3 years. Today, the hotel is a quality and service award achiever, recognized by guests as one of the best hotels in the market.\nLimited Service Hotel, West Coast\nHMG Hospitality was highly recommended by Hilton, Corp. as the management company to assist the hotel owner with the design, development, and opening of a new hotel property. Our team successfully opened the hotel with accolades from the Hilton brand and an above market share occupancy and ADR.\nFull-Service Luxury Resort, West Coast\nThis iconic resort was dormant for years when HMG Hospitality was hired to implement a repositioning strategy. Within 18 months, HMG brought in an experienced management team, introduced efficient operating and reservations systems, and restored the resort to its former glory as a premier luxury destination.\nFull-Service Hotel, West Coast\nHMG Hospitality assembled an investor group to purchase a distressed property. HMG led the renovation efforts and established a management team to expertly operate the hotel until it was sold in 2015. During this time, occupancy increased from 40% to 76% and ADR from $56 to $134 at sale. Gross revenue also rose to the 18 million level from 6.5 million at purchase.\nCurrent Featured Properties\nHoliday Inn Express & Suites\nSan Antonio, TX\nThe Legacy Resort & Spa\nSan Diego, CA\nHampton Inn & Suites\nChino Hills, CA\nCumulative Hotel Portfolio Properties\nAlexis Park Resort, Las Vegas, NV\nAll Seasons Inns, Antioch, CA\nAll Seaons Inns, Chula Vista, CA\nAll Seasons Inns, Modesto, CA\nAll Seasons Inns, Vallejo, CA\nAnaheim Express Inn, Anaheim, CA\nBay Inn & Suites, San Diego, CA\nBest Western Hotel, Los Angeles, CA\nBest Western Hotel, Santa Monica, CA\nBest Western Plus Hacienda, San Diego, CA\nBest Western Zion Park Inn, Springdale, UT\nBon Reussite Spa, Lancaster, CA\nBrookfield Inn, Park City, UT\nCalifornia State Prison, Vacaville, CA\nCamelot Retirement Community, Hemet, CA\nCamino Inn, Mountain View, CA\nCandlewood & Suites, Englewood, CO\nCastle Creek Inn & Resort, Escondido, CA\nCecil Hotel, Los Angeles, CA\nCentral Inn & Suites, Camarillo, CA\nClarion Sports Complex, Kansas City, MO\nClairemont West Suites - Pomona, CA\nComfort Inn & Suites, Tooele, UT\nCourtyard by Marriott, Fitchburg, MA\nCourtyard by Marriott, Fairfield, CA\nCrowne Plaza Commerce, Commerce, CA\nCrowne Plaza Fullerton, Fullerton, CA\nCrowne Plaza Grand Rapids, Airport\nCrowne Plaza Hotel, San Diego, CA\nDays Inn, Anaheim, CA\nDays Inn, Evanston, WY\nDays Inn, San Diego, CA\nDays Inn, Santa Ana, CA\nDays Inn & Suites, Moreno Valley, CA\nDoubleTree Los Angeles, Norwalk, CA\nDoubleTree Newark, Newark, CA\nEast-West Motel, Redondo Beach, CA\nEconoLodge, Twentynine Palms, CA\nEl Camino Inn, Orange, CA\nGarden Street Inn, San Luis Obispo, CA\nFairfield Inn & Suites, Perris, CA\nGaslamp Plaza Suites, San Diego, CA\nGrand Plaza Hotel, Orange County, CA\nHacienda Hotel Old Town, San Diego, CA\nHampton Inn, Carson City, NV\nHampton Inn, Chino Hills, CA\nHampton Inn & Suites, Burlingame, CA\nHampton Inn & Suites, Burbank, CA\nHampton Inn & Suites, Green River, WY\nHampton Inn & Suites, Highland, CA\nHampton Inn & Suites, Highlands Ranch, CO\nHampton Inn & Suites, Las Vegas, NV\nHampton Inn & Suites, Las Vegas, NV\nHanalei Hotel, San Diego, CA\nHawthorn Suites, San Diego, CA\nHilton Garden Inn, Casper, WY\nHilton Garden Inn, Redding, CA\nHilton Hotel Mission Valley, San Diego, CA\nHilton Inn, Carson City, CA\nHilton Inn, Fresno, CA\nHilton Inn, St. George, UT\nHoliday Inn, Bullhead City, AZ\nHoliday Inn Express, Meridian, ID\nHotel Indigo, Riverside, CA\nHotel Palmilla, San Jose del Cabo, Baja CA\nHoward Johnson, Las Vegas, NV\nHoward Johnson, San Diego, CA\nIHOP Restaurant, Santa Monica, CA\nImage Inn, San Diego, CA\nInn at Semiahmoo, Blaine, WA\nKings Inn, San Diego, CA\nLa Casa del Zorro, Borrego Springs, CA\nLafayette Hotel, San Diego, CA\nLakeland Village, South Lake Tahoe, CA\nLa Quinta Hotel & Suites, Lake Elsinore, CA\nMarriott Residence Inn, El Paso, TX\nMarriott Residence Inn, Kissimmee, FL\nMarriott Residence Inn, Orlando, FL\nMarriott Residence Inn, Sacramento, CA\nMarriott Residence Inn, Salt Lake City, UT\nThe Mayfair Hotel, Los Angeles, CA\nMission Valley Health Club, San Diego, CA\nMission Valley Hilton, San Diego, CA\nMission Valley Resort, San Diego, CA\nNellis Suites Hotel, Las Vegas, NV\nOcean Villa Inn, San Diego, CA\nO'Cairns Inn, Lompoc, CA\nPacific Hotel, Culver City, CA\nPizzeria Uno Restaurant, San Diego, CA\nPlaza International Hotel, San Diego, CA\nPosada Royale Hotel, Simi Valley, CA\nQuality Suites, San Clemente, CA\nRamada Inn, Birmingham, AL\nRamada Inn, Lake Havasu City, AZ\nRamada Inn, Las Vegas, NV\nRamada Inn, San Diego, CA\nRamada Limited Tuscon West, Tuscon, AZ\nRed Lion Hotel, Omaha, NE\nResidence Inn, Tampa, FL\nRodeway Inn Grand, Phoenix, AZ\nRustic Inn, Anaheim, CA\nSanta Fe Inn, Escondido, CA\nSanta Fe Sage Inn, Santa Fe, NM\nShelter Island Marina Inn, San Diego, CA\nSheraton Four Points Hotel, San Diego, CA\nShoreline Grill, Santa Monica, CA\nSierra Inn, Sacramento, CA\nStanford Inn, Anaheim, CA\nSun Ridge Resort, Surprise, AZ\nSunburst Hotel, Scottsdale, AZ\nSwitchback Grille, Springdale, UT\nTemecula Valley Inn, Temecula, CA\nTravelodge Tropicana, Las Vegas, NV\nU.S. Grant Hotel, San Diego, CA\nTravelodge, Victorville, CA\nVacaville Santa Fe Grill & Deli, Vacaville, CA\nWave Crest Resort, Del Mar, CA\nWarner Springs Ranch, Warner Springs, CA\nWestwood Pacific Hotel, Los Angeles, CA\nWinrock Inn, Albuquerque, NM\nSacramento Hampton Inn, Sacramento, CA\nThe Fullerton Hotel, Fullerton, CA\nGet In Touch\n11590 West Bernardo Court\nSuite 211\nSan Diego, CA 92127\n858.673.1534 Office\n858.673.8539 Fax\ninfo@hmghospitality.com\nInsights\nTop Questions Owners Should Ask Hotel Management Companies\nWhen Should I Hire a Hotel Management Company?\nIncrease Direct Bookings on Your Hotel Website\nEffective Hotel Marketing Ideas to Maximize Revenue\nPost-Pandemic Travel Trends for the Hospitality Industry\nConnect\nGet In Touch\n11590 West Bernardo Court\nSuite 211\nSan Diego, CA 92127\n858.673.1534 Office\n858.673.8539 Fax\ninfo@hmghospitality.com\nInsights\nTop Questions Owners Should Ask Hotel Management Companies\nWhen Should I Hire a Hotel Management Company?\nIncrease Direct Bookings on Your Hotel Website\nEffective Hotel Marketing Ideas to Maximize Revenue\nPost-Pandemic Travel Trends for the Hospitality Industry\nConnect\n© 2024 HMG Hospitality. All rights reserved.\nTerms\nPrivacy\nSitemap\nPowered by\nParallel Interactive\n\n© 2024 HMG Hospitality. All rights reserved.\nTerms\nPrivacy\nSitemap\nPowered by\nParallel Interactive\nHome\nAbout\nTeam\nServices\n← Back\nServices Overview\nFinancial Package\nPolicy & Procedure Manuals\nPortfolio\n← Back\nHotel Portfolio\nHotel Case Study\nInsights\nContact",
    "https://hmghospitality.com/case-study/": "Hotel Case Study | Hotel Management - HMG Hospitality\nHome\nAbout\nTeam\nServices\nServices Overview\nFinancial Package\nPolicy & Procedure Manuals\nPortfolio\nHotel Portfolio\nHotel Case Study\nInsights\nContact\nThe Revitalization of La Casa del Zorro\nLa Casa del Zorro\n, a historic jewel in the Anza Borrego desert, was dormant for years before the HMG Hospitality came onto the scene to reposition it. With a celebrity past that any resort yearns to have, this iconic resort became too much for the previous owners to manage successfully, to the point that management let years go by while buildings stood empty.\nFast forward to when HMG Hospitality stepped in to bring new life to the neglected site and you find a case study in excellent property renovation and transformation. Within a short period of time, HMG Hotels brought in an experienced management team, introduced efficient operating and reservations systems, and restored the resort to its former glory and beyond, making it not only four star caliber, but the premier luxury destination in Borrego Springs.\nOn 42 expansive acres, the resort now offers guests a variety of activities including golf, archery, ping pong, horseshoes, swimming, running, hiking, fitness, tennis, biking, baci ball, chess, croquet, shuffleboard, desert tours, salon, spa, lounging, and dining. Designated an international dark sky community, the location is perfect for astronomy buffs and nature lovers alike to view the night sky unencumbered by city lights.\nVisitors can stay in a choice of 44 sumptuous poolside rooms (each with patio or balcony) or in one of the 19 casitas which are essentially independent guest houses, each with its own pool and spa or both. The casitas have one to four bedroom floor plans. Each luxury room has high ceilings, a wood burning fire place, wooden shutters, flat screen TV, and marble bathroom. Evening turn-down service and wifi are included.\nWhen it comes to dining, the Fox Den offers delicious casual fare including hamburgers, guacamole and chips made on site. The elegant Butterfield Room offers breakfast, lunch and dinner where special dishes include filet mignon and scallops, or drop in for a special occasion and enjoy lobster bisque. Sunday brunch is unmatched and patrons can sample a variety of original dessert creations and even have their meal outdoors on the Rose Garden Terrace. There is also a pool bar for enjoying a sunset libation.\nGet In Touch\n11590 West Bernardo Court\nSuite 211\nSan Diego, CA 92127\n858.673.1534 Office\n858.673.8539 Fax\ninfo@hmghospitality.com\nInsights\nTop Questions Owners Should Ask Hotel Management Companies\nWhen Should I Hire a Hotel Management Company?\nIncrease Direct Bookings on Your Hotel Website\nEffective Hotel Marketing Ideas to Maximize Revenue\nPost-Pandemic Travel Trends for the Hospitality Industry\nConnect\nGet In Touch\n11590 West Bernardo Court\nSuite 211\nSan Diego, CA 92127\n858.673.1534 Office\n858.673.8539 Fax\ninfo@hmghospitality.com\nInsights\nTop Questions Owners Should Ask Hotel Management Companies\nWhen Should I Hire a Hotel Management Company?\nIncrease Direct Bookings on Your Hotel Website\nEffective Hotel Marketing Ideas to Maximize Revenue\nPost-Pandemic Travel Trends for the Hospitality Industry\nConnect\n© 2024 HMG Hospitality. All rights reserved.\nTerms\nPrivacy\nSitemap\nPowered by\nParallel Interactive\n\n© 2024 HMG Hospitality. All rights reserved.\nTerms\nPrivacy\nSitemap\nPowered by\nParallel Interactive\nHome\nAbout\nTeam\nServices\n← Back\nServices Overview\nFinancial Package\nPolicy & Procedure Manuals\nPortfolio\n← Back\nHotel Portfolio\nHotel Case Study\nInsights\nContact",
    "https://hmghospitality.com/insights/": "Insights | Hotel Management Company - HMG Hospitality\nHome\nAbout\nTeam\nServices\nServices Overview\nFinancial Package\nPolicy & Procedure Manuals\nPortfolio\nHotel Portfolio\nHotel Case Study\nInsights\nContact\nInsights\nView Post\nTop Questions Owners Should Ask Hotel Management Companies\nIn\nHotel Management\nby HMG Hospitality Team\nJune 4, 2024\nLooking for a professional company to operate your hotel and maximize your investment? Make sure you ask these questions when screening hotel management companies to help you find the best …\nView Post\nWhen Should I Hire a Hotel Management Company?\nIn\nHotel Management\nby HMG Hospitality Team\nMay 19, 2024\nKnowing when to hire a hotel management company is critical to the success of your hotel. Here are our top tips to consider. Whether you own a hotel already, are in …\nView Post\nIncrease Direct Bookings on Your Hotel Website\nIn\nHotel Marketing\nby HMG Hospitality\nOctober 25, 2023\nDoes your hotel have a ‘book direct’ strategy in place? Try these tactics to increase your direct bookings and improve conversions on your hotel website.  Despite hoteliers spending on marketing activities, the …\nView Post\nEffective Hotel Marketing Ideas to Maximize Revenue\nIn\nHotel Marketing\nby HMG Hospitality Team\nFebruary 18, 2021\nAlmost everyone needs the services of a hotel at least once in a lifetime, but there are a vast number of hotels for guests to choose from. Make sure your …\nView Post\nPost-Pandemic Travel Trends for the Hospitality Industry\nIn\nHospitality\nby HMG Hospitality Team\nNovember 18, 2020\nAfter several months of being quarantined at home during the pandemic, there’s considerable evidence of demand for travel. According to Forbes, 70 percent of people are already or about to …\nView Post\nBuild Customer Trust with Online Reviews\nIn\nHotel Management\nby HMG Hospitality Team\nOctober 9, 2019\nPositive reviews are good for business. Here’s how to attract new customers, build immediate trust, and improve booking rates with your online reviews. A recent study from TripAdvisor reveals online …\nView Post\nHMG Hospitality Selected as Asset Manager for the Hilton Omaha\nIn\nHotel Management\n,\nNews\nby HMG Hospitality\nJanuary 30, 2019\nHMG Hospitality proudly announces its appointment as asset manager for the 600-room Hilton Omaha, which was purchased in late 2018 by a Seattle-based wealth and asset management firm. The new owner was …\nView Post\nRuth Ormsby Joins HMG Hospitality as VP of Development\nIn\nNews\nby HMG Hospitality Team\nApril 11, 2018\nSan Diego, CA – Domestic and international hotel management firm HMG Hospitality announces the addition of Ruth Ormsby to the company’s diverse team of top performing hotel professionals. As Vice President …\nView Post\nFacebook Ads for Hotels\nIn\nHotel Marketing\nby HMG Hospitality Team\nMarch 15, 2018\nIf you’re a hotelier and you’re not paying to play on Facebook, you’re probably not seeing great results. With opportunities for organic reach continuing to narrow since Facebook began revamping …\nView Post\nConvert Hotel Guests from Biz to “Bleisure”\nIn\nHotel Marketing\n,\nLifestyle\nby HMG Hospitality Team\nFebruary 15, 2018\n“All work and no play” is quickly becoming an outdated concept as more business travelers opt to extend their travel plans for a little extra adventure while in town, commonly …\nPage 1 of 9\n1\n2\n3\n...\n9\n→\nSearch\nCategories\nEmployment Process\nHospitality\nHotel Budget\nHotel Financing\nHotel Green Initiatives\nHotel Management\nHotel Marketing\nHotel Recruiting\nHotel Revenue\nLifestyle\nNews\nRestaurant Renovation\nRevenue Goals\nRevenue Management\nTech\nArchives\nArchives\nSelect Month\nJune 2024\nMay 2024\nOctober 2023\nFebruary 2021\nNovember 2020\nOctober 2019\nJanuary 2019\nApril 2018\nMarch 2018\nFebruary 2018\nJanuary 2018\nDecember 2017\nNovember 2017\nOctober 2017\nSeptember 2017\nAugust 2017\nJune 2017\nMay 2017\nApril 2017\nMarch 2017\nFebruary 2017\nJanuary 2017\nDecember 2016\nNovember 2016\nOctober 2016\nSeptember 2016\nAugust 2016\nJuly 2016\nJune 2016\nMay 2016\nApril 2016\nMarch 2016\nFebruary 2016\nJanuary 2016\nDecember 2015\nNovember 2015\nOctober 2015\nSeptember 2015\nAugust 2015\nJuly 2015\nJune 2015\nMay 2015\nApril 2015\nMarch 2015\nFebruary 2015\nJanuary 2015\nRecent Posts\nTop Questions Owners Should Ask Hotel Management Companies\nWhen Should I Hire a Hotel Management Company?\nIncrease Direct Bookings on Your Hotel Website\nEffective Hotel Marketing Ideas to Maximize Revenue\nPost-Pandemic Travel Trends for the Hospitality Industry\nGet In Touch\n11590 West Bernardo Court\nSuite 211\nSan Diego, CA 92127\n858.673.1534 Office\n858.673.8539 Fax\ninfo@hmghospitality.com\nInsights\nTop Questions Owners Should Ask Hotel Management Companies\nWhen Should I Hire a Hotel Management Company?\nIncrease Direct Bookings on Your Hotel Website\nEffective Hotel Marketing Ideas to Maximize Revenue\nPost-Pandemic Travel Trends for the Hospitality Industry\nConnect\nGet In Touch\n11590 West Bernardo Court\nSuite 211\nSan Diego, CA 92127\n858.673.1534 Office\n858.673.8539 Fax\ninfo@hmghospitality.com\nInsights\nTop Questions Owners Should Ask Hotel Management Companies\nWhen Should I Hire a Hotel Management Company?\nIncrease Direct Bookings on Your Hotel Website\nEffective Hotel Marketing Ideas to Maximize Revenue\nPost-Pandemic Travel Trends for the Hospitality Industry\nConnect\n© 2024 HMG Hospitality. All rights reserved.\nTerms\nPrivacy\nSitemap\nPowered by\nParallel Interactive\n\n© 2024 HMG Hospitality. All rights reserved.\nTerms\nPrivacy\nSitemap\nPowered by\nParallel Interactive\nHome\nAbout\nTeam\nServices\n← Back\nServices Overview\nFinancial Package\nPolicy & Procedure Manuals\nPortfolio\n← Back\nHotel Portfolio\nHotel Case Study\nInsights\nContact",
    "https://hmghospitality.com/contact/": "Contact Us | Hotel Management - HMG Hospitality\nHome\nAbout\nTeam\nServices\nServices Overview\nFinancial Package\nPolicy & Procedure Manuals\nPortfolio\nHotel Portfolio\nHotel Case Study\nInsights\nContact\nLet's Connect.\nOur Office\n11590 West Bernardo Court\nSuite 211\nSan Diego, CA 92127\n858.673.1534 Phone\n858.673.8539 Fax\nEmail Us\n|\nGet Directions\nCareer Opportunities\nPlease contact our managed properties directly to learn more about current employment opportunities at each location.\nTell Us About Your Property\nOnline Form - HMG Hospitality Contact Us Form\nGet In Touch\n11590 West Bernardo Court\nSuite 211\nSan Diego, CA 92127\n858.673.1534 Office\n858.673.8539 Fax\ninfo@hmghospitality.com\nInsights\nTop Questions Owners Should Ask Hotel Management Companies\nWhen Should I Hire a Hotel Management Company?\nIncrease Direct Bookings on Your Hotel Website\nEffective Hotel Marketing Ideas to Maximize Revenue\nPost-Pandemic Travel Trends for the Hospitality Industry\nConnect\nGet In Touch\n11590 West Bernardo Court\nSuite 211\nSan Diego, CA 92127\n858.673.1534 Office\n858.673.8539 Fax\ninfo@hmghospitality.com\nInsights\nTop Questions Owners Should Ask Hotel Management Companies\nWhen Should I Hire a Hotel Management Company?\nIncrease Direct Bookings on Your Hotel Website\nEffective Hotel Marketing Ideas to Maximize Revenue\nPost-Pandemic Travel Trends for the Hospitality Industry\nConnect\n© 2024 HMG Hospitality. All rights reserved.\nTerms\nPrivacy\nSitemap\nPowered by\nParallel Interactive\n\n© 2024 HMG Hospitality. All rights reserved.\nTerms\nPrivacy\nSitemap\nPowered by\nParallel Interactive\nHome\nAbout\nTeam\nServices\n← Back\nServices Overview\nFinancial Package\nPolicy & Procedure Manuals\nPortfolio\n← Back\nHotel Portfolio\nHotel Case Study\nInsights\nContact",
    "http://hmghospitality.com/about": "About HMG Hospitality | Hotel Management - HMG Hospitality\nHome\nAbout\nTeam\nServices\nServices Overview\nFinancial Package\nPolicy & Procedure Manuals\nPortfolio\nHotel Portfolio\nHotel Case Study\nInsights\nContact\nAbout HMG Hospitality\nHMG Hospitality works as a partner that serves as an extension of your hotel management team. We listen to hotel owners’ past challenges and successes, ask about your current goals, and then structure a strategic plan to get you there. Our team has 35 years of experience operating, fixing, and improving hotels of all brands, segments, and sizes. No matter what your operating issues are, HMG has the knowledge and day-to-day experience to solve them.\nHMG Hospitality manages hotels from coast to coast. With our decades of hotel operating experience, we thoroughly review each hotel’s current condition and position among its competitors to create and implement a plan for unparalleled success. Our goal is to maximize your hotel’s market share by driving more revenue to the top line. We focus on improving your sales and revenue generation through implementing best practice strategies every day and every week that we manage your property.\nOperating efficiencies, managing expenses, and customer satisfaction are closely monitored and managed on a daily basis. We have established strong working relationships with franchisors and take full advantage of their training, marketing, sales, and revenue generation programs. Each of these variables must seamlessly work together for any hotel to be successful, and that is where HMG’s operational expertise is of great value to you, the hotel owner.\nHMG Hospitality welcomes the opportunity to show you how your hotel can achieve long-term sustainable success by improving customer satisfaction and increasing profitability.\nGet In Touch\n11590 West Bernardo Court\nSuite 211\nSan Diego, CA 92127\n858.673.1534 Office\n858.673.8539 Fax\ninfo@hmghospitality.com\nInsights\nTop Questions Owners Should Ask Hotel Management Companies\nWhen Should I Hire a Hotel Management Company?\nIncrease Direct Bookings on Your Hotel Website\nEffective Hotel Marketing Ideas to Maximize Revenue\nPost-Pandemic Travel Trends for the Hospitality Industry\nConnect\nGet In Touch\n11590 West Bernardo Court\nSuite 211\nSan Diego, CA 92127\n858.673.1534 Office\n858.673.8539 Fax\ninfo@hmghospitality.com\nInsights\nTop Questions Owners Should Ask Hotel Management Companies\nWhen Should I Hire a Hotel Management Company?\nIncrease Direct Bookings on Your Hotel Website\nEffective Hotel Marketing Ideas to Maximize Revenue\nPost-Pandemic Travel Trends for the Hospitality Industry\nConnect\n© 2024 HMG Hospitality. All rights reserved.\nTerms\nPrivacy\nSitemap\nPowered by\nParallel Interactive\n\n© 2024 HMG Hospitality. All rights reserved.\nTerms\nPrivacy\nSitemap\nPowered by\nParallel Interactive\nHome\nAbout\nTeam\nServices\n← Back\nServices Overview\nFinancial Package\nPolicy & Procedure Manuals\nPortfolio\n← Back\nHotel Portfolio\nHotel Case Study\nInsights\nContact",
    "http://hmghospitality.com/services": "Hotel Management Services | Hotel Management - HMG Hospitality\nHome\nAbout\nTeam\nServices\nServices Overview\nFinancial Package\nPolicy & Procedure Manuals\nPortfolio\nHotel Portfolio\nHotel Case Study\nInsights\nContact\nHotel Management Services\nIn addition to proven methods of management, development and maximizing revenue, we are constantly mining and implementing success strategies that infuse energy into both properties and team members. These forward-looking solutions increase the property’s value to our customers, owners and stakeholders. All the things you’ve thought about, and a constant stream of inspirations to move you ahead of the curve.\nSales & Marketing\nConveying your message to the consumer is one of the most vital and often overlooked pieces of a property’s success. Solid, results-oriented sales  strategies developed over time are integrated with the latest digital marketing media and metrics to give you maximum reach and results. HMG Hospitality can help you grow revenue and add to your bottom line.\nView Properties\nRevenue Generation Management\nHMG Hospitality focuses on maximizing top line revenue by identifying customer groups, predicting their demand for hotel rooms, and optimizing the nightly room rate. We use aggressive, dynamic pricing strategies for all distribution channels based on historical and forecasted market and competitor research.\nView Properties\nFinancial Reporting\nOur monthly financial package includes a profit and loss schedule for 12 months, 12-month summary statement of cash flows, detailed schedule of increases and decreases, calculation schedules, and detailed General Ledger and General Entry Journal.\nView Package\nFranchisor Relations\nHMG Hospitality works collaboratively with all franchisors to maximize brand value. While our major focus is on the delivery of room-nights from their reservation system, it is crucial to ensure brand standard compliance and implement marketing best practices.\nView Properties\nProject Development\nFrom in-depth analysis to meticulous execution we seamlessly meld visions with reality that result in increased profitability. HMG Hospitality brings you a group of hotel experts dedicated to the success of your project. You can have the confidence that your hotel property is in good hands.\nView Properties\nAsset Management\nHMG Hospitality brings experience that allows us to capitalize on the unseen strengths of a property, and minimize its weaknesses. If your goal is to increase profits, and the value of your asset, then HMG Hospitality has the formula to achieve your goal.\nView Properties\nGet In Touch\n11590 West Bernardo Court\nSuite 211\nSan Diego, CA 92127\n858.673.1534 Office\n858.673.8539 Fax\ninfo@hmghospitality.com\nInsights\nTop Questions Owners Should Ask Hotel Management Companies\nWhen Should I Hire a Hotel Management Company?\nIncrease Direct Bookings on Your Hotel Website\nEffective Hotel Marketing Ideas to Maximize Revenue\nPost-Pandemic Travel Trends for the Hospitality Industry\nConnect\nGet In Touch\n11590 West Bernardo Court\nSuite 211\nSan Diego, CA 92127\n858.673.1534 Office\n858.673.8539 Fax\ninfo@hmghospitality.com\nInsights\nTop Questions Owners Should Ask Hotel Management Companies\nWhen Should I Hire a Hotel Management Company?\nIncrease Direct Bookings on Your Hotel Website\nEffective Hotel Marketing Ideas to Maximize Revenue\nPost-Pandemic Travel Trends for the Hospitality Industry\nConnect\n© 2024 HMG Hospitality. All rights reserved.\nTerms\nPrivacy\nSitemap\nPowered by\nParallel Interactive\n\n© 2024 HMG Hospitality. All rights reserved.\nTerms\nPrivacy\nSitemap\nPowered by\nParallel Interactive\nHome\nAbout\nTeam\nServices\n← Back\nServices Overview\nFinancial Package\nPolicy & Procedure Manuals\nPortfolio\n← Back\nHotel Portfolio\nHotel Case Study\nInsights\nContact",
    "https://hmghospitality.com/shopping-for-a-hotel-management-company/": "When Should I Hire a Hotel Management Company? - HMG Hospitality\nHome\nAbout\nTeam\nServices\nServices Overview\nFinancial Package\nPolicy & Procedure Manuals\nPortfolio\nHotel Portfolio\nHotel Case Study\nInsights\nContact\nWhen Should I Hire a Hotel Management Company?\nIn\nHotel Management\nby HMG Hospitality Team\nMay 19, 2024\nKnowing when to hire a hotel management company is critical to the success of your hotel. Here are our top tips to consider.\nWhether you own a hotel already, are in the process of acquiring one, or have plans to build one in the near future, you’re going to want the best possible resources to maximize your investment. There are numerous methods and strategies to do so, but there is one question that you must ask – when is the right time to hire a hotel management company?\nWhen You Know It’s Time to Hire a Hotel Management Company\nGross revenue and net operating income (NOI) have been dropping even in an upward market.\nHotel expenses continue to creep up faster than industry averages.\nThe management fee you charge your partnership is only slightly less than what you would pay for a professional hotel management company.\nYour partners are purely investors and you are the only one with hotel management experience, or no one has hotel management experience including yourself.\nYou and your partners are not seeing eye to eye on how the properties are currently being operated.\nYou have significant employee turnover and do not have time to spend hiring the right people and training them properly.\nFrom laws and city codes to employees and franchise requirements, your team can’t keep up with the constant changes at your hotels.\nYou don’t have time to review property conditions, but your hotels are looking neglected and need some TLC as well as upgrades and renovations.\nYou often find yourself literally working on property due to staff shortfalls.\nWork consumes you, leaving no extra time for a personal life.\nYou are approaching retirement, but still want to retain your hotel assets.\nHotel management is a part-time gig for you while you are holding down a full-time job. Assets worth tens of millions of dollars should be given undivided attention.\nLoyal customers that have stayed at your hotel for years are not returning – and you don’t know why.\nIf you are experiencing any of the above unsatisfactory situations, then it’s definitely time to start looking for a hotel management company.\nBut, where to begin? There are many companies to choose from and it’s imperative that you find a good fit for both your investment team and the hotel. Here are our top tips every hotel owner should consider when shopping for a hotel management company. We will address this topic in much greater detail in our upcoming blog next month.\nWhat Types of Hotels Does the Company Currently Manage?\nNot every management company manages all hotel types. We recommend looking for a hotel management company that specializes in operating hotels like your own.\nDo They Have Industry References?\nOne of the best ways to judge the capabilities and successes of a hotel management company is to ask around. Not only can you request formal references, but you can also put the word out within the hospitality industry and see what other hotel owners have to say.\nAre They Able to Provide the Exact Services and Reports You Need?\nDifferent management companies provide different services, but many of the basic services are more or less the same.\nWhere is the Management Company Located in Reference to Your Property?\nIt’s essential that the management company is close enough to get to the property whenever necessary. Do they have regional offices?\nWhat are the Management Resources Available to Your Team?\nConfirm the positions and who the people are from the management company that will directly interact with your hotel’s staff and you, the owner.  The management company staff should have credible experience in building teams, marketing, social media, sales, accounting, reporting, working with franchisors, implementing PIPs and customer satisfaction – and, of course, be tech savvy.\nWhich Company is the Best Fit for Your Hotel Ownership Group?\nYou are going to be entrusting your hotel assets to these people and working closely with them on a daily basis. Make sure you choose a company that has experience operating your type of hotel and provides a realistic, strategic plan for achieving your financial goals.\nAt HMG Hospitality, we operate hotels as if we own them and your hotel’s success is our success.\nContact us\ntoday to learn how our hotel management company can maximize your market share by driving more revenue to the top line and more profit to the NOI line.\nSearch\nCategories\nEmployment Process\nHospitality\nHotel Budget\nHotel Financing\nHotel Green Initiatives\nHotel Management\nHotel Marketing\nHotel Recruiting\nHotel Revenue\nLifestyle\nNews\nRestaurant Renovation\nRevenue Goals\nRevenue Management\nTech\nArchives\nArchives\nSelect Month\nJune 2024\nMay 2024\nOctober 2023\nFebruary 2021\nNovember 2020\nOctober 2019\nJanuary 2019\nApril 2018\nMarch 2018\nFebruary 2018\nJanuary 2018\nDecember 2017\nNovember 2017\nOctober 2017\nSeptember 2017\nAugust 2017\nJune 2017\nMay 2017\nApril 2017\nMarch 2017\nFebruary 2017\nJanuary 2017\nDecember 2016\nNovember 2016\nOctober 2016\nSeptember 2016\nAugust 2016\nJuly 2016\nJune 2016\nMay 2016\nApril 2016\nMarch 2016\nFebruary 2016\nJanuary 2016\nDecember 2015\nNovember 2015\nOctober 2015\nSeptember 2015\nAugust 2015\nJuly 2015\nJune 2015\nMay 2015\nApril 2015\nMarch 2015\nFebruary 2015\nJanuary 2015\nRecent Posts\nTop Questions Owners Should Ask Hotel Management Companies\nWhen Should I Hire a Hotel Management Company?\nIncrease Direct Bookings on Your Hotel Website\nEffective Hotel Marketing Ideas to Maximize Revenue\nPost-Pandemic Travel Trends for the Hospitality Industry\nGet In Touch\n11590 West Bernardo Court\nSuite 211\nSan Diego, CA 92127\n858.673.1534 Office\n858.673.8539 Fax\ninfo@hmghospitality.com\nInsights\nTop Questions Owners Should Ask Hotel Management Companies\nWhen Should I Hire a Hotel Management Company?\nIncrease Direct Bookings on Your Hotel Website\nEffective Hotel Marketing Ideas to Maximize Revenue\nPost-Pandemic Travel Trends for the Hospitality Industry\nConnect\nGet In Touch\n11590 West Bernardo Court\nSuite 211\nSan Diego, CA 92127\n858.673.1534 Office\n858.673.8539 Fax\ninfo@hmghospitality.com\nInsights\nTop Questions Owners Should Ask Hotel Management Companies\nWhen Should I Hire a Hotel Management Company?\nIncrease Direct Bookings on Your Hotel Website\nEffective Hotel Marketing Ideas to Maximize Revenue\nPost-Pandemic Travel Trends for the Hospitality Industry\nConnect\n© 2024 HMG Hospitality. All rights reserved.\nTerms\nPrivacy\nSitemap\nPowered by\nParallel Interactive\n\n© 2024 HMG Hospitality. All rights reserved.\nTerms\nPrivacy\nSitemap\nPowered by\nParallel Interactive\nHome\nAbout\nTeam\nServices\n← Back\nServices Overview\nFinancial Package\nPolicy & Procedure Manuals\nPortfolio\n← Back\nHotel Portfolio\nHotel Case Study\nInsights\nContact",
    "https://hmghospitality.com/category/news/": "News Archives - HMG Hospitality\nHome\nAbout\nTeam\nServices\nServices Overview\nFinancial Package\nPolicy & Procedure Manuals\nPortfolio\nHotel Portfolio\nHotel Case Study\nInsights\nContact\nInsights : News\nView Post\nHMG Hospitality Selected as Asset Manager for the Hilton Omaha\nIn\nHotel Management\n,\nNews\nby HMG Hospitality\nJanuary 30, 2019\nHMG Hospitality proudly announces its appointment as asset manager for the 600-room Hilton Omaha, which was purchased in late 2018 by a Seattle-based wealth and asset management firm. The new owner was …\nView Post\nRuth Ormsby Joins HMG Hospitality as VP of Development\nIn\nNews\nby HMG Hospitality Team\nApril 11, 2018\nSan Diego, CA – Domestic and international hotel management firm HMG Hospitality announces the addition of Ruth Ormsby to the company’s diverse team of top performing hotel professionals. As Vice President …\nView Post\nHMG Hospitality to Manage Ontario Gateway Hotel\nIn\nNews\nby HMG Hospitality Team\nOctober 4, 2017\nSan Diego, CA – – San Diego-based HMG Hospitality has been selected as the new hotel management company for the Ontario Gateway Hotel. The full-service hotel in Ontario, California was …\nHMG Hospitality Announces Management of Hampton Inn & Suites in Chino Hills, CA\nIn\nNews\nby HMG Hospitality Team\nNovember 21, 2016\nHampton Inn & Suites in Chino Hills, one of Southern California’s best kept secrets.  The Hampton Inn & Suites Chino Hills hotel is located just south of Interstates 60 and …\nHMG Hospitality Announces Management of Central Inn & Suites in Camarillo, CA\nIn\nNews\nby HMG Hospitality Team\nNovember 21, 2016\nCentral Inn & Suites, The Standard for Comfort & Convenience in Camarillo, California  Welcome to Central Inn & Suites, the choice accommodation in Camarillo, California, located conveniently off HWY 101. We …\nView Post\nBistro 880 Offers a New Sensory Dining Experience in the Bay Area This Fall\nIn\nNews\nby HMG Hospitality Team\nJuly 29, 2015\nBistro 880, Newark’s newest eatery offering locally sourced comfort food, sushi rolls, and hand-crafted cocktails, announces its fall 2015 grand opening. (Newark, CA) Bistro 880, a new eatery set to …\nView Post\nHMG Hotels Announces Name Change and Rebrand\nIn\nHospitality\n,\nHotel Management\n,\nNews\nby HMG Hospitality Team\nJanuary 13, 2015\nPresenting HMG Hospitality HMG Hotels, a full-service, third-party hotel management company that owns and operates branded and independent hotels in US markets, has announced that it will rebrand the current …\nSearch\nCategories\nEmployment Process\nHospitality\nHotel Budget\nHotel Financing\nHotel Green Initiatives\nHotel Management\nHotel Marketing\nHotel Recruiting\nHotel Revenue\nLifestyle\nNews\nRestaurant Renovation\nRevenue Goals\nRevenue Management\nTech\nArchives\nArchives\nSelect Month\nJune 2024\nMay 2024\nOctober 2023\nFebruary 2021\nNovember 2020\nOctober 2019\nJanuary 2019\nApril 2018\nMarch 2018\nFebruary 2018\nJanuary 2018\nDecember 2017\nNovember 2017\nOctober 2017\nSeptember 2017\nAugust 2017\nJune 2017\nMay 2017\nApril 2017\nMarch 2017\nFebruary 2017\nJanuary 2017\nDecember 2016\nNovember 2016\nOctober 2016\nSeptember 2016\nAugust 2016\nJuly 2016\nJune 2016\nMay 2016\nApril 2016\nMarch 2016\nFebruary 2016\nJanuary 2016\nDecember 2015\nNovember 2015\nOctober 2015\nSeptember 2015\nAugust 2015\nJuly 2015\nJune 2015\nMay 2015\nApril 2015\nMarch 2015\nFebruary 2015\nJanuary 2015\nRecent Posts\nTop Questions Owners Should Ask Hotel Management Companies\nWhen Should I Hire a Hotel Management Company?\nIncrease Direct Bookings on Your Hotel Website\nEffective Hotel Marketing Ideas to Maximize Revenue\nPost-Pandemic Travel Trends for the Hospitality Industry\nGet In Touch\n11590 West Bernardo Court\nSuite 211\nSan Diego, CA 92127\n858.673.1534 Office\n858.673.8539 Fax\ninfo@hmghospitality.com\nInsights\nTop Questions Owners Should Ask Hotel Management Companies\nWhen Should I Hire a Hotel Management Company?\nIncrease Direct Bookings on Your Hotel Website\nEffective Hotel Marketing Ideas to Maximize Revenue\nPost-Pandemic Travel Trends for the Hospitality Industry\nConnect\nGet In Touch\n11590 West Bernardo Court\nSuite 211\nSan Diego, CA 92127\n858.673.1534 Office\n858.673.8539 Fax\ninfo@hmghospitality.com\nInsights\nTop Questions Owners Should Ask Hotel Management Companies\nWhen Should I Hire a Hotel Management Company?\nIncrease Direct Bookings on Your Hotel Website\nEffective Hotel Marketing Ideas to Maximize Revenue\nPost-Pandemic Travel Trends for the Hospitality Industry\nConnect\n© 2024 HMG Hospitality. All rights reserved.\nTerms\nPrivacy\nSitemap\nPowered by\nParallel Interactive\n\n© 2024 HMG Hospitality. All rights reserved.\nTerms\nPrivacy\nSitemap\nPowered by\nParallel Interactive\nHome\nAbout\nTeam\nServices\n← Back\nServices Overview\nFinancial Package\nPolicy & Procedure Manuals\nPortfolio\n← Back\nHotel Portfolio\nHotel Case Study\nInsights\nContact",
    "https://hmghospitality.com/insights/page/2/": "Insights - Page 2 of 9 | Hotel Management Company - HMG Hospitality\nHome\nAbout\nTeam\nServices\nServices Overview\nFinancial Package\nPolicy & Procedure Manuals\nPortfolio\nHotel Portfolio\nHotel Case Study\nInsights\nContact\nInsights\nView Post\nInfluencer Marketing Taps Social Referral Networks\nIn\nHotel Marketing\nby HMG Hospitality Team\nJanuary 16, 2018\nUntil the digital revolution, expensive print ads and commercials were the only way to tip the grand consumer awareness scales in your favor. Now, thanks to millennial activity on social …\nView Post\nHotel Budgeting Strategies for 2018\nIn\nHotel Budget\n,\nHotel Marketing\nby HMG Hospitality Team\nDecember 15, 2017\nThe end of the year means extra focus on hotel budgeting strategies for 2018. While the end-product is an estimated financial statement for the upcoming year, the process begins with …\nView Post\nGet More Direct Bookings on Your Hotel Website\nIn\nHotel Marketing\n,\nTech\nby HMG Hospitality Team\nNovember 3, 2017\nIn the online space, the best way to generate conversions is with your own content. According to Darlene Rondeau, VP at hotel marketing company, Leonardo, “No channel is more profitable than …\nView Post\nImprove Guest Experience with Power\nIn\nHotel Management\n,\nTech\nby HMG Hospitality Team\nOctober 10, 2017\nCommon areas of your hotel should have easy and efficient access to power. Modern travelers rely on their devices to stay connected, and hotels should be able to accommodate those …\nView Post\nHMG Hospitality to Manage Ontario Gateway Hotel\nIn\nNews\nby HMG Hospitality Team\nOctober 4, 2017\nSan Diego, CA – – San Diego-based HMG Hospitality has been selected as the new hotel management company for the Ontario Gateway Hotel. The full-service hotel in Ontario, California was …\nView Post\nIndustry Executives Share Tips for Reducing Hotel Costs\nIn\nHotel Budget\n,\nHotel Management\nby HMG Hospitality Team\nSeptember 19, 2017\nHotel operators know that there are countless incremental costs that add up to a lot of expenses. Industry executives discussed this topic at length at Hotel ROI Midwest conference, part …\nView Post\nMarket the Hotel Experience, Not Just a Bed\nIn\nHotel Management\n,\nHotel Marketing\nby HMG Hospitality Team\nAugust 29, 2017\nAccording to a study by FutureCast, Millennials spend over $200 billion on travel each year. They are a valuable demographic for hotels, and they have very specific preferences in regards …\nView Post\nUnderstand How People Choose Hotels\nIn\nHotel Marketing\nby HMG Hospitality\nJune 22, 2017\nHow People Choose Hotels When it comes to hotels, knowing your target market is crucial to the success of your hotel. One aspect of your target market you must understand …\nView Post\nGet Your Hotel Organized with a Summer Plan to Capture Revenue\nIn\nHotel Budget\n,\nHotel Financing\n,\nHotel Management\n,\nRevenue Goals\n,\nRevenue Management\nby HMG Hospitality Team\nMay 20, 2017\nWithin the hospitality industry, every season has its revenue advantages and disadvantages. Finding revenue success lies in focusing and capitalizing on each particular seasons advantages. Know the purchasing habits of …\nView Post\nIncrease Hotel Revenue This Vacation Season\nIn\nHotel Revenue\n,\nRevenue Goals\n,\nRevenue Management\nby HMG Hospitality Team\nApril 12, 2017\nSpring has sprung and summer is nearly here! What does that mean? It’s officially vacation season. This can be an abundant time for your hotel, as long as you know …\nPage 2 of 9\n←\n1\n2\n3\n...\n9\n→\nSearch\nCategories\nEmployment Process\nHospitality\nHotel Budget\nHotel Financing\nHotel Green Initiatives\nHotel Management\nHotel Marketing\nHotel Recruiting\nHotel Revenue\nLifestyle\nNews\nRestaurant Renovation\nRevenue Goals\nRevenue Management\nTech\nArchives\nArchives\nSelect Month\nJune 2024\nMay 2024\nOctober 2023\nFebruary 2021\nNovember 2020\nOctober 2019\nJanuary 2019\nApril 2018\nMarch 2018\nFebruary 2018\nJanuary 2018\nDecember 2017\nNovember 2017\nOctober 2017\nSeptember 2017\nAugust 2017\nJune 2017\nMay 2017\nApril 2017\nMarch 2017\nFebruary 2017\nJanuary 2017\nDecember 2016\nNovember 2016\nOctober 2016\nSeptember 2016\nAugust 2016\nJuly 2016\nJune 2016\nMay 2016\nApril 2016\nMarch 2016\nFebruary 2016\nJanuary 2016\nDecember 2015\nNovember 2015\nOctober 2015\nSeptember 2015\nAugust 2015\nJuly 2015\nJune 2015\nMay 2015\nApril 2015\nMarch 2015\nFebruary 2015\nJanuary 2015\nRecent Posts\nTop Questions Owners Should Ask Hotel Management Companies\nWhen Should I Hire a Hotel Management Company?\nIncrease Direct Bookings on Your Hotel Website\nEffective Hotel Marketing Ideas to Maximize Revenue\nPost-Pandemic Travel Trends for the Hospitality Industry\nGet In Touch\n11590 West Bernardo Court\nSuite 211\nSan Diego, CA 92127\n858.673.1534 Office\n858.673.8539 Fax\ninfo@hmghospitality.com\nInsights\nTop Questions Owners Should Ask Hotel Management Companies\nWhen Should I Hire a Hotel Management Company?\nIncrease Direct Bookings on Your Hotel Website\nEffective Hotel Marketing Ideas to Maximize Revenue\nPost-Pandemic Travel Trends for the Hospitality Industry\nConnect\nGet In Touch\n11590 West Bernardo Court\nSuite 211\nSan Diego, CA 92127\n858.673.1534 Office\n858.673.8539 Fax\ninfo@hmghospitality.com\nInsights\nTop Questions Owners Should Ask Hotel Management Companies\nWhen Should I Hire a Hotel Management Company?\nIncrease Direct Bookings on Your Hotel Website\nEffective Hotel Marketing Ideas to Maximize Revenue\nPost-Pandemic Travel Trends for the Hospitality Industry\nConnect\n© 2024 HMG Hospitality. All rights reserved.\nTerms\nPrivacy\nSitemap\nPowered by\nParallel Interactive\n\n© 2024 HMG Hospitality. All rights reserved.\nTerms\nPrivacy\nSitemap\nPowered by\nParallel Interactive\nHome\nAbout\nTeam\nServices\n← Back\nServices Overview\nFinancial Package\nPolicy & Procedure Manuals\nPortfolio\n← Back\nHotel Portfolio\nHotel Case Study\nInsights\nContact",
    "https://hmghospitality.com/insights/page/3/": "Insights - Page 3 of 9 | Hotel Management Company - HMG Hospitality\nHome\nAbout\nTeam\nServices\nServices Overview\nFinancial Package\nPolicy & Procedure Manuals\nPortfolio\nHotel Portfolio\nHotel Case Study\nInsights\nContact\nInsights\nView Post\nHotel Guest Feedback is Key to Financial Success\nIn\nHotel Marketing\nby HMG Hospitality Team\nMarch 8, 2017\nNo matter who you are, what you do, or where you live, it’s safe to say feedback is always essential. If you’re a teacher, you need feedback regarding your methods, …\nView Post\nHotel Waste Management Tips\nIn\nHotel Management\n,\nHotel Revenue\nby HMG Hospitality Team\nFebruary 8, 2017\nIf you own or operate a hotel, you’ll be well acquainted with two main reasons for a hotel’s existence – to provide a comfortable environment for guests to stay in …\nView Post\n5 Reasons Why Your Hotel’s Lobby Design is Crucial to the Revenue Pie\nIn\nHotel Management\nby HMG Hospitality Team\nJanuary 27, 2017\nIn this technology-drive, social media focused society we all live in, it’s easy to forget that the single most important marketing tool you have, is having an excellent product. Yes, …\nView Post\nHotel Owners – Here Are Our Most Read Posts of 2016\nIn\nHotel Management\n,\nHotel Marketing\n,\nHotel Recruiting\nby HMG Hospitality Team\nDecember 13, 2016\nNow that 2016 is coming to a close, it’s the perfect time for hotel owners to reflect on our top three most popular hotel operations related blogs. If your hotel …\nHMG Hospitality Announces Management of Hampton Inn & Suites in Chino Hills, CA\nIn\nNews\nby HMG Hospitality Team\nNovember 21, 2016\nHampton Inn & Suites in Chino Hills, one of Southern California’s best kept secrets.  The Hampton Inn & Suites Chino Hills hotel is located just south of Interstates 60 and …\nHMG Hospitality Announces Management of Central Inn & Suites in Camarillo, CA\nIn\nNews\nby HMG Hospitality Team\nNovember 21, 2016\nCentral Inn & Suites, The Standard for Comfort & Convenience in Camarillo, California  Welcome to Central Inn & Suites, the choice accommodation in Camarillo, California, located conveniently off HWY 101. We …\nView Post\nHotel Owner Mistakes You Don’t Want to Make\nIn\nHospitality\n,\nHotel Management\n,\nHotel Marketing\nby HMG Hospitality Team\nNovember 21, 2016\nIt’s no easy path being a hotel owner. The hospitality industry is fiercely competitive, and constantly changing to meet the needs of the customers. Yet, there are great opportunities for …\nView Post\nHot Hotel Trends in 2017\nIn\nHotel Management\n,\nHotel Marketing\nby HMG Hospitality Team\nNovember 8, 2016\nThough it may only be November, the new year will be here in the blink of an eye. The hospitality industry is constantly evolving, and you better believe plenty will …\nView Post\nWhat to Know in Hospitality for a Successful 2017\nIn\nHospitality\nby HMG Hospitality Team\nOctober 19, 2016\nIn the hospitality industry, the fall into the holiday season is a crucial period. There’s no time to waste, and the more productive your hotel team can be during this …\nView Post\nQuick Tips to Maximize Hotel Revenue\nIn\nHotel Revenue\n,\nRevenue Goals\n,\nRevenue Management\nby HMG Hospitality Team\nOctober 6, 2016\nThe beginning of fall is the perfect time to strategically plan how to maximize hotel revenue through the end of the year. When the holidays start to roll around, people …\nPage 3 of 9\n←\n1\n...\n2\n3\n4\n...\n9\n→\nSearch\nCategories\nEmployment Process\nHospitality\nHotel Budget\nHotel Financing\nHotel Green Initiatives\nHotel Management\nHotel Marketing\nHotel Recruiting\nHotel Revenue\nLifestyle\nNews\nRestaurant Renovation\nRevenue Goals\nRevenue Management\nTech\nArchives\nArchives\nSelect Month\nJune 2024\nMay 2024\nOctober 2023\nFebruary 2021\nNovember 2020\nOctober 2019\nJanuary 2019\nApril 2018\nMarch 2018\nFebruary 2018\nJanuary 2018\nDecember 2017\nNovember 2017\nOctober 2017\nSeptember 2017\nAugust 2017\nJune 2017\nMay 2017\nApril 2017\nMarch 2017\nFebruary 2017\nJanuary 2017\nDecember 2016\nNovember 2016\nOctober 2016\nSeptember 2016\nAugust 2016\nJuly 2016\nJune 2016\nMay 2016\nApril 2016\nMarch 2016\nFebruary 2016\nJanuary 2016\nDecember 2015\nNovember 2015\nOctober 2015\nSeptember 2015\nAugust 2015\nJuly 2015\nJune 2015\nMay 2015\nApril 2015\nMarch 2015\nFebruary 2015\nJanuary 2015\nRecent Posts\nTop Questions Owners Should Ask Hotel Management Companies\nWhen Should I Hire a Hotel Management Company?\nIncrease Direct Bookings on Your Hotel Website\nEffective Hotel Marketing Ideas to Maximize Revenue\nPost-Pandemic Travel Trends for the Hospitality Industry\nGet In Touch\n11590 West Bernardo Court\nSuite 211\nSan Diego, CA 92127\n858.673.1534 Office\n858.673.8539 Fax\ninfo@hmghospitality.com\nInsights\nTop Questions Owners Should Ask Hotel Management Companies\nWhen Should I Hire a Hotel Management Company?\nIncrease Direct Bookings on Your Hotel Website\nEffective Hotel Marketing Ideas to Maximize Revenue\nPost-Pandemic Travel Trends for the Hospitality Industry\nConnect\nGet In Touch\n11590 West Bernardo Court\nSuite 211\nSan Diego, CA 92127\n858.673.1534 Office\n858.673.8539 Fax\ninfo@hmghospitality.com\nInsights\nTop Questions Owners Should Ask Hotel Management Companies\nWhen Should I Hire a Hotel Management Company?\nIncrease Direct Bookings on Your Hotel Website\nEffective Hotel Marketing Ideas to Maximize Revenue\nPost-Pandemic Travel Trends for the Hospitality Industry\nConnect\n© 2024 HMG Hospitality. All rights reserved.\nTerms\nPrivacy\nSitemap\nPowered by\nParallel Interactive\n\n© 2024 HMG Hospitality. All rights reserved.\nTerms\nPrivacy\nSitemap\nPowered by\nParallel Interactive\nHome\nAbout\nTeam\nServices\n← Back\nServices Overview\nFinancial Package\nPolicy & Procedure Manuals\nPortfolio\n← Back\nHotel Portfolio\nHotel Case Study\nInsights\nContact",
    "https://hmghospitality.com/insights/page/9/": "Insights - Page 9 of 9 | Hotel Management Company - HMG Hospitality\nHome\nAbout\nTeam\nServices\nServices Overview\nFinancial Package\nPolicy & Procedure Manuals\nPortfolio\nHotel Portfolio\nHotel Case Study\nInsights\nContact\nInsights\nView Post\nOvercoming the Struggle of Hotel Financing in 2015\nIn\nHotel Financing\nby HMG Hospitality Team\nMarch 12, 2015\nAcquiring hotel financing for new developments or acquisitions of existing properties has been near impossible over the past several years. The tepid recovery of the economy combined with a lack …\nView Post\nImplementing a Revenue Strategy\nIn\nHotel Revenue\n,\nRevenue Management\nby HMG Hospitality Team\nFebruary 26, 2015\nTraditionally speaking, hotel management and revenue strategy have focused primarily on rooms. Moving forward, in order to maximize revenue and profits, hotel management teams must focus on optimizing revenue from …\nView Post\nMarketing Strategy Tips for Hotels\nIn\nHotel Marketing\nby HMG Hospitality Team\nFebruary 18, 2015\nFacebook fatigue? A results-driven marketing strategy is so much more than just social media. Here’s the reality of today: consumers have an unprecedented impact on a hotel’s reputation and success. …\nView Post\nBold Initiatives Hotel Owners Should Consider in 2015\nIn\nHotel Management\nby HMG Hospitality Team\nFebruary 12, 2015\nOwning, managing, and operating a hotel can be tough and complicated at times. It is imperative that a keen eye is kept on all the variables involved. The hospitality industry …\nView Post\nHMG Hotels Announces Name Change and Rebrand\nIn\nHospitality\n,\nHotel Management\n,\nNews\nby HMG Hospitality Team\nJanuary 13, 2015\nPresenting HMG Hospitality HMG Hotels, a full-service, third-party hotel management company that owns and operates branded and independent hotels in US markets, has announced that it will rebrand the current …\nPage 9 of 9\n←\n1\n...\n7\n8\n9\nSearch\nCategories\nEmployment Process\nHospitality\nHotel Budget\nHotel Financing\nHotel Green Initiatives\nHotel Management\nHotel Marketing\nHotel Recruiting\nHotel Revenue\nLifestyle\nNews\nRestaurant Renovation\nRevenue Goals\nRevenue Management\nTech\nArchives\nArchives\nSelect Month\nJune 2024\nMay 2024\nOctober 2023\nFebruary 2021\nNovember 2020\nOctober 2019\nJanuary 2019\nApril 2018\nMarch 2018\nFebruary 2018\nJanuary 2018\nDecember 2017\nNovember 2017\nOctober 2017\nSeptember 2017\nAugust 2017\nJune 2017\nMay 2017\nApril 2017\nMarch 2017\nFebruary 2017\nJanuary 2017\nDecember 2016\nNovember 2016\nOctober 2016\nSeptember 2016\nAugust 2016\nJuly 2016\nJune 2016\nMay 2016\nApril 2016\nMarch 2016\nFebruary 2016\nJanuary 2016\nDecember 2015\nNovember 2015\nOctober 2015\nSeptember 2015\nAugust 2015\nJuly 2015\nJune 2015\nMay 2015\nApril 2015\nMarch 2015\nFebruary 2015\nJanuary 2015\nRecent Posts\nTop Questions Owners Should Ask Hotel Management Companies\nWhen Should I Hire a Hotel Management Company?\nIncrease Direct Bookings on Your Hotel Website\nEffective Hotel Marketing Ideas to Maximize Revenue\nPost-Pandemic Travel Trends for the Hospitality Industry\nGet In Touch\n11590 West Bernardo Court\nSuite 211\nSan Diego, CA 92127\n858.673.1534 Office\n858.673.8539 Fax\ninfo@hmghospitality.com\nInsights\nTop Questions Owners Should Ask Hotel Management Companies\nWhen Should I Hire a Hotel Management Company?\nIncrease Direct Bookings on Your Hotel Website\nEffective Hotel Marketing Ideas to Maximize Revenue\nPost-Pandemic Travel Trends for the Hospitality Industry\nConnect\nGet In Touch\n11590 West Bernardo Court\nSuite 211\nSan Diego, CA 92127\n858.673.1534 Office\n858.673.8539 Fax\ninfo@hmghospitality.com\nInsights\nTop Questions Owners Should Ask Hotel Management Companies\nWhen Should I Hire a Hotel Management Company?\nIncrease Direct Bookings on Your Hotel Website\nEffective Hotel Marketing Ideas to Maximize Revenue\nPost-Pandemic Travel Trends for the Hospitality Industry\nConnect\n© 2024 HMG Hospitality. All rights reserved.\nTerms\nPrivacy\nSitemap\nPowered by\nParallel Interactive\n\n© 2024 HMG Hospitality. All rights reserved.\nTerms\nPrivacy\nSitemap\nPowered by\nParallel Interactive\nHome\nAbout\nTeam\nServices\n← Back\nServices Overview\nFinancial Package\nPolicy & Procedure Manuals\nPortfolio\n← Back\nHotel Portfolio\nHotel Case Study\nInsights\nContact",
    "https://hmghospitality.com/shopping-for-a-hotel-management-company": "When Should I Hire a Hotel Management Company? - HMG Hospitality\nHome\nAbout\nTeam\nServices\nServices Overview\nFinancial Package\nPolicy & Procedure Manuals\nPortfolio\nHotel Portfolio\nHotel Case Study\nInsights\nContact\nWhen Should I Hire a Hotel Management Company?\nIn\nHotel Management\nby HMG Hospitality Team\nMay 19, 2024\nKnowing when to hire a hotel management company is critical to the success of your hotel. Here are our top tips to consider.\nWhether you own a hotel already, are in the process of acquiring one, or have plans to build one in the near future, you’re going to want the best possible resources to maximize your investment. There are numerous methods and strategies to do so, but there is one question that you must ask – when is the right time to hire a hotel management company?\nWhen You Know It’s Time to Hire a Hotel Management Company\nGross revenue and net operating income (NOI) have been dropping even in an upward market.\nHotel expenses continue to creep up faster than industry averages.\nThe management fee you charge your partnership is only slightly less than what you would pay for a professional hotel management company.\nYour partners are purely investors and you are the only one with hotel management experience, or no one has hotel management experience including yourself.\nYou and your partners are not seeing eye to eye on how the properties are currently being operated.\nYou have significant employee turnover and do not have time to spend hiring the right people and training them properly.\nFrom laws and city codes to employees and franchise requirements, your team can’t keep up with the constant changes at your hotels.\nYou don’t have time to review property conditions, but your hotels are looking neglected and need some TLC as well as upgrades and renovations.\nYou often find yourself literally working on property due to staff shortfalls.\nWork consumes you, leaving no extra time for a personal life.\nYou are approaching retirement, but still want to retain your hotel assets.\nHotel management is a part-time gig for you while you are holding down a full-time job. Assets worth tens of millions of dollars should be given undivided attention.\nLoyal customers that have stayed at your hotel for years are not returning – and you don’t know why.\nIf you are experiencing any of the above unsatisfactory situations, then it’s definitely time to start looking for a hotel management company.\nBut, where to begin? There are many companies to choose from and it’s imperative that you find a good fit for both your investment team and the hotel. Here are our top tips every hotel owner should consider when shopping for a hotel management company. We will address this topic in much greater detail in our upcoming blog next month.\nWhat Types of Hotels Does the Company Currently Manage?\nNot every management company manages all hotel types. We recommend looking for a hotel management company that specializes in operating hotels like your own.\nDo They Have Industry References?\nOne of the best ways to judge the capabilities and successes of a hotel management company is to ask around. Not only can you request formal references, but you can also put the word out within the hospitality industry and see what other hotel owners have to say.\nAre They Able to Provide the Exact Services and Reports You Need?\nDifferent management companies provide different services, but many of the basic services are more or less the same.\nWhere is the Management Company Located in Reference to Your Property?\nIt’s essential that the management company is close enough to get to the property whenever necessary. Do they have regional offices?\nWhat are the Management Resources Available to Your Team?\nConfirm the positions and who the people are from the management company that will directly interact with your hotel’s staff and you, the owner.  The management company staff should have credible experience in building teams, marketing, social media, sales, accounting, reporting, working with franchisors, implementing PIPs and customer satisfaction – and, of course, be tech savvy.\nWhich Company is the Best Fit for Your Hotel Ownership Group?\nYou are going to be entrusting your hotel assets to these people and working closely with them on a daily basis. Make sure you choose a company that has experience operating your type of hotel and provides a realistic, strategic plan for achieving your financial goals.\nAt HMG Hospitality, we operate hotels as if we own them and your hotel’s success is our success.\nContact us\ntoday to learn how our hotel management company can maximize your market share by driving more revenue to the top line and more profit to the NOI line.\nSearch\nCategories\nEmployment Process\nHospitality\nHotel Budget\nHotel Financing\nHotel Green Initiatives\nHotel Management\nHotel Marketing\nHotel Recruiting\nHotel Revenue\nLifestyle\nNews\nRestaurant Renovation\nRevenue Goals\nRevenue Management\nTech\nArchives\nArchives\nSelect Month\nJune 2024\nMay 2024\nOctober 2023\nFebruary 2021\nNovember 2020\nOctober 2019\nJanuary 2019\nApril 2018\nMarch 2018\nFebruary 2018\nJanuary 2018\nDecember 2017\nNovember 2017\nOctober 2017\nSeptember 2017\nAugust 2017\nJune 2017\nMay 2017\nApril 2017\nMarch 2017\nFebruary 2017\nJanuary 2017\nDecember 2016\nNovember 2016\nOctober 2016\nSeptember 2016\nAugust 2016\nJuly 2016\nJune 2016\nMay 2016\nApril 2016\nMarch 2016\nFebruary 2016\nJanuary 2016\nDecember 2015\nNovember 2015\nOctober 2015\nSeptember 2015\nAugust 2015\nJuly 2015\nJune 2015\nMay 2015\nApril 2015\nMarch 2015\nFebruary 2015\nJanuary 2015\nRecent Posts\nTop Questions Owners Should Ask Hotel Management Companies\nWhen Should I Hire a Hotel Management Company?\nIncrease Direct Bookings on Your Hotel Website\nEffective Hotel Marketing Ideas to Maximize Revenue\nPost-Pandemic Travel Trends for the Hospitality Industry\nGet In Touch\n11590 West Bernardo Court\nSuite 211\nSan Diego, CA 92127\n858.673.1534 Office\n858.673.8539 Fax\ninfo@hmghospitality.com\nInsights\nTop Questions Owners Should Ask Hotel Management Companies\nWhen Should I Hire a Hotel Management Company?\nIncrease Direct Bookings on Your Hotel Website\nEffective Hotel Marketing Ideas to Maximize Revenue\nPost-Pandemic Travel Trends for the Hospitality Industry\nConnect\nGet In Touch\n11590 West Bernardo Court\nSuite 211\nSan Diego, CA 92127\n858.673.1534 Office\n858.673.8539 Fax\ninfo@hmghospitality.com\nInsights\nTop Questions Owners Should Ask Hotel Management Companies\nWhen Should I Hire a Hotel Management Company?\nIncrease Direct Bookings on Your Hotel Website\nEffective Hotel Marketing Ideas to Maximize Revenue\nPost-Pandemic Travel Trends for the Hospitality Industry\nConnect\n© 2024 HMG Hospitality. All rights reserved.\nTerms\nPrivacy\nSitemap\nPowered by\nParallel Interactive\n\n© 2024 HMG Hospitality. All rights reserved.\nTerms\nPrivacy\nSitemap\nPowered by\nParallel Interactive\nHome\nAbout\nTeam\nServices\n← Back\nServices Overview\nFinancial Package\nPolicy & Procedure Manuals\nPortfolio\n← Back\nHotel Portfolio\nHotel Case Study\nInsights\nContact",
    "https://hmghospitality.com/contact": "Contact Us | Hotel Management - HMG Hospitality\nHome\nAbout\nTeam\nServices\nServices Overview\nFinancial Package\nPolicy & Procedure Manuals\nPortfolio\nHotel Portfolio\nHotel Case Study\nInsights\nContact\nLet's Connect.\nOur Office\n11590 West Bernardo Court\nSuite 211\nSan Diego, CA 92127\n858.673.1534 Phone\n858.673.8539 Fax\nEmail Us\n|\nGet Directions\nCareer Opportunities\nPlease contact our managed properties directly to learn more about current employment opportunities at each location.\nTell Us About Your Property\nOnline Form - HMG Hospitality Contact Us Form\nGet In Touch\n11590 West Bernardo Court\nSuite 211\nSan Diego, CA 92127\n858.673.1534 Office\n858.673.8539 Fax\ninfo@hmghospitality.com\nInsights\nTop Questions Owners Should Ask Hotel Management Companies\nWhen Should I Hire a Hotel Management Company?\nIncrease Direct Bookings on Your Hotel Website\nEffective Hotel Marketing Ideas to Maximize Revenue\nPost-Pandemic Travel Trends for the Hospitality Industry\nConnect\nGet In Touch\n11590 West Bernardo Court\nSuite 211\nSan Diego, CA 92127\n858.673.1534 Office\n858.673.8539 Fax\ninfo@hmghospitality.com\nInsights\nTop Questions Owners Should Ask Hotel Management Companies\nWhen Should I Hire a Hotel Management Company?\nIncrease Direct Bookings on Your Hotel Website\nEffective Hotel Marketing Ideas to Maximize Revenue\nPost-Pandemic Travel Trends for the Hospitality Industry\nConnect\n© 2024 HMG Hospitality. All rights reserved.\nTerms\nPrivacy\nSitemap\nPowered by\nParallel Interactive\n\n© 2024 HMG Hospitality. All rights reserved.\nTerms\nPrivacy\nSitemap\nPowered by\nParallel Interactive\nHome\nAbout\nTeam\nServices\n← Back\nServices Overview\nFinancial Package\nPolicy & Procedure Manuals\nPortfolio\n← Back\nHotel Portfolio\nHotel Case Study\nInsights\nContact"
  },
  "doc_id": "18d00f0e-257f-5d70-9e5f-c11ee70a6b62"
}