{
  "url": "http://insideaoa.com",
  "timestamp": 1734668660.1965837,
  "text_by_page_url": {
    "https://www.insideaoa.com/about": "About | From Concept To Completion | AOA\ntop of page\nABOUT\nPROJECTS\nTEAM\nCAREERS\nBLOG\nCONTACT\nUse tab to navigate through the menu items.\nI'm a paragraph. Click here to add your own text and edit me. It's easy.\nOne Vanderbilt, NYC\nWelcome to the world of the dream makers. We live out on the tantalizing edge of one’s imagination. Where the familiar swirls with the fantastic. We are the makers of places that don’t exist and moments no one has ever experienced. Until now.\n​\nMorimoto Asia\nWhat we dream gets built.\nRight here, inside AOA.\nFounded by two former Walt Disney Imagineers, our culture takes creativity beyond the story. We seek to capture the nexus of the big idea at the earliest stage in the process and refine it into a concise plan for seamless execution and delivery. We are ceaselessly passionate about transforming your vision into a one-of-a-kind experience that will astonish guests and exceed expectations. As an industry leader in immersive experience design, production, installation, and full-service project management, we can design your dream, create your vision, and build your experience.\nDr. Jane Goodall Legacy Preservation\nCoca-Cola Store\nGLOBAL REACH\nNO PROJECT TOO BIG OR TOO SMALL\nThere's no project too big or too small. From project managing the area development for  a new, billion dollar theme park land, to rebranding a small, local ice cream shop, no project is off our radar. Whether it's high end design, historic architecture, or a technologically groundbreaking project, AOA has the expertise to drive your project to the finish line with your goals always in mind.\nENTERTAINMENT\nTHEMED LANDS\nE-TICKET ATTRACTIONS AND COASTERS\nMEDIA  CREATIONS AND INSTALLATIONS\nONLINE APP DEVELOPMENT\nMUSEUM AND AQUARIUM EXHIBITS\nHIGHLY KINETIC PARADE DISPLAYS\nFLYING THEATERS\nHOSPITALITY\nHOTELS\nPRIVATE CLUBS\nKINETIC RETAIL\nFINE DINING RESTAURANTS\nALL ASPECTS OF THE CRUISE INDUSTRY\nKIDS CLUBS\nINFRASTRUCTURE\nPARKING GARAGES\nPEDESTRIAN BRIDGES\nWELCOME CENTERS\nTRANSIT & TRAIN STATIONS\nFUTURISTIC TRANSPORT EXPERIENCES\nTECHNOLOGY\nSPACE INDUSTRY SUPPORT\nHIGH END TRANSPORTATION  DEVELOPMENT\n​\nSERVICES\nDREAM\nStory Writing and Development\nStoryboarding\nMasterplanning\nFeasibility\nConceptual Design\nPrevisualization + VR/AR\nShow Set Design\nCreative Direction\nArchitecture\nInterior Design\nFull Design Services\nFabrication Drawings\nMedia Production\nBrand Development Support\nI.P. Rights Management\nDesign Management\nCost Estimating\nFunding Document Creation\nCREATE\nProgram Development\nProof of Concept /Mock Up\nTechnical Direction\nTechnical Integration\nSpecialty Fabrication\nScenic Painting\nShow Programming\nShow/Ride Systems\nShow/Ride Vendor Management\nFacility/Show/Ride Design Integration\nEngineering for Entertainment\nProjection Mapping\nShow Lighting Design\nSpecial Effects Creation\nDrawings & Designs for Permit\nLifecycle Schedule Development\nCost Estimating\nBUILD\nOwner’s Representation\nProject Management\nCost Estimating\nField Art Direction\nField Quality Control and Assurance\nComplex System Programming\nShow/Ride Field Support\nSpecialty Fabrication/Installation\nProcurement of Owner Furnished\nInventory/ FF&E /OS&E\nProject System Commissioning\nOperator Systems Training\nSchedule Management\nPermitting Leadership\nCost Management / Cost Control\nPunch List Management\nPost Turnover Support\nWarranty Administration\nPROCESS\nASHLEY\nMARSHALL\n1\nCONCEPT DEVELOPMENT\nBLUE SKY AND FEASIBILITY\nDESIGN DEVELOPMENT\nSCHEMATIC THROUGH PERMITTING\n2\nCOORDINATION\nBID AND FABRICATE\n3\nEXECUTION\nINSTALLATION AND TESTING\n4\nOPERATION\nCLOSE OUT\n5\nWe lead projects from concept to completion.\nAs a part of The Edison in Disney Springs, AOA designed and built the iconic two-story clock. Rendering above, picture below. In addition to being the overall Project Manager for the four venues withing the complex facility.\nTESTIMONIALS\nSTEPHEN\nHARRINGTON\nChief Procurement Officer for Delaware North\nDelaware North (Patina Restaurant Group) has partnered with AOA multiple times over the years.  The team from AOA delivers great creativity, they are always transparent, pay close attention to detail, leverage partnerships, and have talented associates that have always exceeded our expectations.\nCONTACT US\nUSA  +1  (407) 730 - 5965\nINFO@INSIDEAOA.COM\nEAST COAST HEADQUARTERS\n906 RAILROAD AVENUE\nWINTER PARK, FLORIDA 32789\nSITE OFFICES  IN ORLANDO, LA, DENVER, NYC, LAS VEGAS, DALLAS\nEAST COAST PRODUCTION SHOP\n655 HERNDON AVENUE\nORLANDO, FLORIDA 32803\nWEST COAST OFFICE\n811 S MAIN STREET\nBURBANK, CALIFORNIA 91506\n© 2023 by AOA\nbottom of page",
    "https://www.insideaoa.com/projects": "Creative Design, Technical Production, and Project Management Projects | AOA\ntop of page\nABOUT\nPROJECTS\nTEAM\nCAREERS\nBLOG\nCONTACT\nUse tab to navigate through the menu items.\nEXPERIENCE\nDREAM\nCREATE\nBUILD\nConceptual Design ,  Schematic Design,  Documentation,   Media Creation\nProject Management, Quality Control + Assurance,  Superintendents\nEngineering ,  Show Programming, Technical Direction + Integration\nPandora: World of Avatar\nAnimal Kingdom, Walt Disney World Resort; Orlando, Florida\nStar Wars: Galaxy's Edge\nHollywood Studios, Walt Disney World Resort; Orlando, Florida\nOne Vanderbilt - SUMMIT Ascent\nNew York, New York\nThe Incredible Hulk Experience\nUniversal's Islands of Adventure, Universal Orlando, Florida\nThe Wizarding World of Harry Potter - Diagon Alley\nUniversal Studios Florida\nArizona Biltmore\nPhoenix, Arizona\nBaha Mar - Lake Show\nNassau, Bahamas\nClub Wyndham Desert Blue\nLas Vegas, NV\nGrand Wailea Maui Resort\nMaui, Hawaii\nHotel Del Coronado\nCoronado, California\nInfinity Falls\nSeaworld Orlando, Florida\nMacy's Parade Float - Rexy by Coach\nNew York, New York\nQiddiya Wahat\nNew City outside of Riyadh, Saudi Arabia\nTurtle Bay Resort\nOahu, Hawaii\nBaha Mar\nCable Beach, Nassau, Bahamas\nEnzo's Hideaway Tunnel Bar\nDisney Springs, Walt Disney World Resort, Lake Buena Vista, Florida\nMaria and Enzo's Ristorante\nDisney Springs, Walt Disney World Resort, Lake Buena Vista Florida\nNBA Experience\nDisney Springs, Walt Disney World Resort; Orlando, Florida\nPizza Ponte\nDisney Springs, Walt Disney World Resort, Lake Buena Vista, Florida\nThe Edison\nDisney Springs, Walt Disney World Resort, Lake Buena Vista, Florida\nBaha Mar - Bond Nightclub\nBaha Mar, Nassau, Bahamas\nDigital Graffiti\nAlys Beach, Florida\nDr. Jane Goodall Legacy Preservation\nJGI Headquarters; Washington, D.C.\nLEGOLAND Florida - Resort Hotel\nWinter Haven, Florida\nLEGOLAND Florida - Water Park\nWinter Haven, Florida\nMOTE Aquarium\nSarasota, Florida\nMeow Wolf\nLas Vegas, NV\nMorimoto Asia\nDisney Springs, Walt Disney World Resort, Lake Buena Vista Florida\nThe Wheel at Icon Park\nOrlando, Florida\nYuri's Night\nKennedy Space Center, Cape Canaveral, Florida\n4D Theater - The Long March Road\nYan'an Cultural City, Shaanxi, China\nCoca-Cola Store\nDisney Springs, Walt Disney World Resort, Lake Buena Vista, Florida\nDisney Springs Pedestrian Bridges\nBuena Vista Drive, Walt Disney World Resort, Lake Buena Vista, Florida\nOrange, Lime, and Grapefruit Parking Garages\nDisney Springs, Walt Disney World Resort, Lake Buena Vista, Florida\nPlanet Hollywood\nDisney Springs, Walt Disney World Resort, Lake Buena Vista, Florida\nThe Centenary Theater\nTaronga Zoo, Sydney, Australia\nMargaritaville Vacation Club\nSmith Bay, Saint Thomas, US Virgin Islands\nWyndham Grand Clearwater Beach\nClearwater Beach, Florida\nArnold Palmer Hospital for Children\nOrlando, Florida\nClub Wyndham Austin\nAustin, Texas\nErin McKenna's Bakery NYC\nDisney Springs, Walt Disney World Resort, Lake Buena Vista, Florida\nHarmon Corner\nLas Vegas, Nevada\nVivoli Il Gelato\nDisney Springs, Walt Disney World Resort, Florida\nWyndham Grand Rio Mar Resort\nRio Grande, Puerto Rico\nBattle Street Brewery\nDansville, New York\nSands Macao\nMacao SR, P.R. China\nTopper's Craft Creamery\nOrlando, Florida\nTHERE'S MORE WHERE THAT CAME FROM\nContact us\nto see what else we've worked on.\nCONTACT US\nUSA  +1  (407) 730 - 5965\nINFO@INSIDEAOA.COM\nEAST COAST HEADQUARTERS\n906 RAILROAD AVENUE\nWINTER PARK, FLORIDA 32789\nSITE OFFICES  IN ORLANDO, LA, DENVER, NYC, LAS VEGAS, DALLAS\nEAST COAST PRODUCTION SHOP\n655 HERNDON AVENUE\nORLANDO, FLORIDA 32803\nWEST COAST OFFICE\n811 S MAIN STREET\nBURBANK, CALIFORNIA 91506\n© 2023 by AOA\nbottom of page",
    "https://www.insideaoa.com/careers": "Careers | Jobs and Internships | Designers, Engineers, Project Managers | AOA\ntop of page\nABOUT\nPROJECTS\nTEAM\nCAREERS\nBLOG\nCONTACT\nUse tab to navigate through the menu items.\nCULTURE\nABOUT\nPROJECTS\nTEAM\nCAREERS\nBLOG\nCONTACT\nMore\nUse tab to navigate through the menu items.\nMISSION\nTo create and build innovative and transformative experiences that astonish and exceed expectations.\nVISION\nTo dream, create, and build global experiences of a lifetime.\nVALUES\n1.     Communication\n2.    Quality\n3.     Leadership\n4.    Teamwork\n5.     Balance\nWHAT'S IT LIKE WORKING AT AOA?\nA reflection of the first 10 years of AOA in business, said in 10 minutes, by our team members themselves.\nEQUAL OPPORTUNITY\nAOA is an equal opportunity employer.  Our job application will not be used for limiting or excluding any applicant from consideration for employment on a basis prohibited by local, state, or federal law.  Applicants requiring reasonable accommodation in the application and/or interview process should notify a representative of our company.\nCONTACT US\nUSA  +1  (407) 730 - 5965\nINFO@INSIDEAOA.COM\nEAST COAST HEADQUARTERS\n906 RAILROAD AVENUE\nWINTER PARK, FLORIDA 32789\nSITE OFFICES  IN ORLANDO, LA, DENVER, NYC, LAS VEGAS, DALLAS\nEAST COAST PRODUCTION SHOP\n655 HERNDON AVENUE\nORLANDO, FLORIDA 32803\nWEST COAST OFFICE\n811 S MAIN STREET\nBURBANK, CALIFORNIA 91506\n© 2023 by AOA\nbottom of page",
    "https://www.insideaoa.com/blog": "Blog | Inside AOA\ntop of page\nABOUT\nPROJECTS\nTEAM\nCAREERS\nBLOG\nCONTACT\nUse tab to navigate through the menu items.\nBLOG\nAOA\nMay 30\n5 min read\nAMUSE!ngs: May 2024\nWelcome to Amuseings: a quarterly blog where we explore the amusing details behind themed entertainment’s newest amusements. I’m James...\n188 views\n0 comments\n2 likes. Post not marked as liked\n2\nAOA\nFeb 2\n5 min read\nAMUSE!ngs: February 2024\nWelcome to Amuseings: a quarterly blog where we explore the amusing details behind themed entertainment’s newest amusements. I’m James...\n156 views\n0 comments\n1 like. Post not marked as liked\n1\nAOA\nOct 27, 2023\n7 min read\nAMUSE!ngs: October 2023\nWelcome to Amuseings: a quarterly blog where we explore the amusing details behind themed entertainment’s newest amusements. I’m James...\n170 views\n0 comments\n1 like. Post not marked as liked\n1\nAOA\nJul 16, 2023\n5 min read\nAMUSE!ngs: July 2023\nWelcome to Amuseings: a quarterly blog where we explore the amusing details behind themed entertainment’s newest amusements. I’m James...\n114 views\n0 comments\n1 like. Post not marked as liked\n1\n1\n2\nCONTACT US\nUSA  +1  (407) 730 - 5965\nINFO@INSIDEAOA.COM\nEAST COAST HEADQUARTERS\n906 RAILROAD AVENUE\nWINTER PARK, FLORIDA 32789\nSITE OFFICES  IN ORLANDO, LA, DENVER, NYC, LAS VEGAS, DALLAS\nEAST COAST PRODUCTION SHOP\n655 HERNDON AVENUE\nORLANDO, FLORIDA 32803\nWEST COAST OFFICE\n811 S MAIN STREET\nBURBANK, CALIFORNIA 91506\n© 2023 by AOA\nbottom of page",
    "https://www.insideaoa.com/contact": "Contact Us | Orlando, FL Headquarters | AOA\ntop of page\nABOUT\nPROJECTS\nTEAM\nCAREERS\nBLOG\nCONTACT\nUse tab to navigate through the menu items.\nCONTACT\n407 - 730 - 5965\ninfo@insideaoa.com\nEAST COAST HEADQUARTERS\n906 Railroad Avenue\nWinter Park, Florida  32789\nEAST COAST\nPRODUCTION SHOP\n655 Herndon Avenue\nOrlando, Florida 32803\nWEST COAST OFFICE\n811 S. Main Street\nBurbank, California 91506\nFor inquiries about our services,  please fill out the contact form.\n​\nSUBMIT\nFor job and internship opportunities, visit\ninsideaoa.com/careers\n​\nCONTACT US\nUSA  +1  (407) 730 - 5965\nINFO@INSIDEAOA.COM\nEAST COAST HEADQUARTERS\n906 RAILROAD AVENUE\nWINTER PARK, FLORIDA 32789\nSITE OFFICES  IN ORLANDO, LA, DENVER, NYC, LAS VEGAS, DALLAS\nEAST COAST PRODUCTION SHOP\n655 HERNDON AVENUE\nORLANDO, FLORIDA 32803\nWEST COAST OFFICE\n811 S MAIN STREET\nBURBANK, CALIFORNIA 91506\n© 2023 by AOA\nbottom of page",
    "https://www.insideaoa.com/Projects/Morimoto-Asia": "",
    "https://www.insideaoa.com/Projects/Becoming-Jane": "",
    "https://www.insideaoa.com/Projects/Coca-Cola-Store": "",
    "https://www.insideaoa.com/team": "Team | Meet the Dreamers, Creators, and Builders | AOA\ntop of page\nABOUT\nPROJECTS\nTEAM\nCAREERS\nBLOG\nCONTACT\nUse tab to navigate through the menu items.\nTEAM\nVIEW OUR SERVICES\n© Copyright\nCONTACT US\nUSA  +1  (407) 730 - 5965\nINFO@INSIDEAOA.COM\nEAST COAST HEADQUARTERS\n906 RAILROAD AVENUE\nWINTER PARK, FLORIDA 32789\nSITE OFFICES  IN ORLANDO, LA, DENVER, NYC, LAS VEGAS, DALLAS\nEAST COAST PRODUCTION SHOP\n655 HERNDON AVENUE\nORLANDO, FLORIDA 32803\nWEST COAST OFFICE\n811 S MAIN STREET\nBURBANK, CALIFORNIA 91506\n© 2023 by AOA\nbottom of page",
    "https://www.insideaoa.com/Projects/The-Edison": "",
    "https://www.insideaoa.com/Projects/pandora:-world-of-avatar": "Project | Pandora: World of Avatar | Animal Kingdom, Walt Disney World Resort; Orlando, Florida | Inside AOA\ntop of page\nABOUT\nPROJECTS\nTEAM\nCAREERS\nBLOG\nCONTACT\nUse tab to navigate through the menu items.\nPandora: World of Avatar\nAnimal Kingdom, Walt Disney World Resort; Orlando, Florida\nClient:\nWalt Disney Imagineering\nAOA provided technical direction, AV coordination, Interactive technologies coordination, SFX support and scenic paint support for area development across the land. AOA supported installation efforts for Flight of Passage’s state of the art projection system, SFX system, and supported the scenic paint team. For the Na’vi River Journey, AOA supported Walt Disney Imagineering by providing scenic painting and prop support.\nSERVICES\nTechnical Direction, Technical Coordination, Project Management, Scenic Painting\nSize: 13.2 Acres\nStart Date: 2014\nEnd Date: 2017\nPROJECT GALLERY\nCLICK TO ENLARGE IMAGE\n< Previous Project\nNext Project >\nCONTACT US\nUSA  +1  (407) 730 - 5965\nINFO@INSIDEAOA.COM\nEAST COAST HEADQUARTERS\n906 RAILROAD AVENUE\nWINTER PARK, FLORIDA 32789\nSITE OFFICES  IN ORLANDO, LA, DENVER, NYC, LAS VEGAS, DALLAS\nEAST COAST PRODUCTION SHOP\n655 HERNDON AVENUE\nORLANDO, FLORIDA 32803\nWEST COAST OFFICE\n811 S MAIN STREET\nBURBANK, CALIFORNIA 91506\n© 2023 by AOA\nbottom of page",
    "https://www.insideaoa.com/Projects/star-wars:-galaxy's-edge": "Project | Star Wars: Galaxy's Edge | Hollywood Studios, Walt Disney World Resort; Orlando, Florida | Inside AOA\ntop of page\nABOUT\nPROJECTS\nTEAM\nCAREERS\nBLOG\nCONTACT\nUse tab to navigate through the menu items.\nStar Wars: Galaxy's Edge\nHollywood Studios, Walt Disney World Resort; Orlando, Florida\nClient:\nWalt Disney Imagineering\nStar Wars: Galaxy’s Edge is Disney’s largest ever single-themed land expansion in the history of the park. Bob Iger calls it the most immersive, ambitious, and technically advanced attractions ever created for a Disney Park. With over $1 Billion invested into Galaxy’s Edge, Disney turned to AOA to manage the scope that included over 50 contractors and a few thousand construction team members working around the clock.  AOA worked with Disney and the general contractor in several capacities. This project consisted of 14 acres of area development, 2 restaurants, 8 shops, 1 production stage, 2-major (E-Ticket) ride attractions, and 1 Millennium Falcon and over 200 multi-use rooms.\nAOA provided Construction Management for both rides, all of the restaurant and retail buildings, and the overall area development of the project. For Rise of the Resistance, AOA also provided projection and technical support. Scenic painting services were also provided for both attractions and land development.\nSERVICES\nProject Management; Show Set Design, Fabrication, and Installation; Technical Direction; Construction Management; Ride Development\nSize: 14 Acres\nStart Date: 2016\nEnd Date: 2019\nPROJECT GALLERY\nCLICK TO ENLARGE IMAGE\n< Previous Project\nNext Project >\nCONTACT US\nUSA  +1  (407) 730 - 5965\nINFO@INSIDEAOA.COM\nEAST COAST HEADQUARTERS\n906 RAILROAD AVENUE\nWINTER PARK, FLORIDA 32789\nSITE OFFICES  IN ORLANDO, LA, DENVER, NYC, LAS VEGAS, DALLAS\nEAST COAST PRODUCTION SHOP\n655 HERNDON AVENUE\nORLANDO, FLORIDA 32803\nWEST COAST OFFICE\n811 S MAIN STREET\nBURBANK, CALIFORNIA 91506\n© 2023 by AOA\nbottom of page",
    "https://www.insideaoa.com/Projects/one-vanderbilt---summit-ascent": "Project | One Vanderbilt - SUMMIT Ascent | New York, New York | Inside AOA\ntop of page\nABOUT\nPROJECTS\nTEAM\nCAREERS\nBLOG\nCONTACT\nUse tab to navigate through the menu items.\nOne Vanderbilt - SUMMIT Ascent\nNew York, New York\nClient:\nHines\nOne Vanderbilt is the tallest occupied building in Midtown. Our team was given the task of designing a thrilling experience that accentuated the architecture of a Manhattan skyscraper – a skyscraper that was already under construction. The AOA team dreamed up the show-stopping Ascent and Levitation concepts, which are now complete and near mirror images of the artwork we developed. As the Executive Producer for this experience, AOA provided creative direction, oversight and management input, tech and design planning strategies for all guest experiences leading to the top of the observation deck.\nExperience the thrill in 4k:\nhttps://vimeo.com/641151240\nSERVICES\nExecutive Producer, Creative Design, Technical Direction\n​\nStart Date: 2017\nEnd Date: 2019\nPROJECT GALLERY\nCLICK TO ENLARGE IMAGE\n< Previous Project\nNext Project >\nCONTACT US\nUSA  +1  (407) 730 - 5965\nINFO@INSIDEAOA.COM\nEAST COAST HEADQUARTERS\n906 RAILROAD AVENUE\nWINTER PARK, FLORIDA 32789\nSITE OFFICES  IN ORLANDO, LA, DENVER, NYC, LAS VEGAS, DALLAS\nEAST COAST PRODUCTION SHOP\n655 HERNDON AVENUE\nORLANDO, FLORIDA 32803\nWEST COAST OFFICE\n811 S MAIN STREET\nBURBANK, CALIFORNIA 91506\n© 2023 by AOA\nbottom of page",
    "https://www.insideaoa.com/Projects/the-incredible-hulk-experience": "Project | The Incredible Hulk Experience | Universal's Islands of Adventure, Universal Orlando, Florida | Inside AOA\ntop of page\nABOUT\nPROJECTS\nTEAM\nCAREERS\nBLOG\nCONTACT\nUse tab to navigate through the menu items.\nThe Incredible Hulk Experience\nUniversal's Islands of Adventure, Universal Orlando, Florida\nClient:\nMarvel, Universal Creative\nAs a major E-ticket attraction in the center of Universal’s Islands of Adventure, AOA developed bid set documentation for show set based on character storylines with Marvel.  Design packages included all show elements of the pre-show including interior and exterior queue elevations, entry marquee and gateway, launch tube, and special effects and technology concepting. AOA developed drawings through Design Development for bid.\nSERVICES\nCost Estimation, Show Set Design Services\nSize: 20,000 SQ FT\nStart Date: 2015\nEnd Date: 2016\nPROJECT GALLERY\nCLICK TO ENLARGE IMAGE\n< Previous Project\nNext Project >\nCONTACT US\nUSA  +1  (407) 730 - 5965\nINFO@INSIDEAOA.COM\nEAST COAST HEADQUARTERS\n906 RAILROAD AVENUE\nWINTER PARK, FLORIDA 32789\nSITE OFFICES  IN ORLANDO, LA, DENVER, NYC, LAS VEGAS, DALLAS\nEAST COAST PRODUCTION SHOP\n655 HERNDON AVENUE\nORLANDO, FLORIDA 32803\nWEST COAST OFFICE\n811 S MAIN STREET\nBURBANK, CALIFORNIA 91506\n© 2023 by AOA\nbottom of page",
    "https://www.insideaoa.com/Projects/the-wizarding-world-of-harry-potter---diagon-alley": "Project | The Wizarding World of Harry Potter - Diagon Alley | Universal Studios Florida | Inside AOA\ntop of page\nABOUT\nPROJECTS\nTEAM\nCAREERS\nBLOG\nCONTACT\nUse tab to navigate through the menu items.\nThe Wizarding World of Harry Potter - Diagon Alley\nUniversal Studios Florida\nClient:\nUniversal Orlando Resort\nWalk into the magical world of Harry Potter at Universal Studios in Orlando. AOA’s team supported early conceptual work with cost estimation and program development. AOA’s technical team developed the special effects for the fire-breathing Ukrainian Ironbelly Dragon, bringing the mythical creature to life.\nSERVICES\nProject Management, Technical Direction\n​\n​\n​\nPROJECT GALLERY\nCLICK TO ENLARGE IMAGE\n< Previous Project\nNext Project >\nCONTACT US\nUSA  +1  (407) 730 - 5965\nINFO@INSIDEAOA.COM\nEAST COAST HEADQUARTERS\n906 RAILROAD AVENUE\nWINTER PARK, FLORIDA 32789\nSITE OFFICES  IN ORLANDO, LA, DENVER, NYC, LAS VEGAS, DALLAS\nEAST COAST PRODUCTION SHOP\n655 HERNDON AVENUE\nORLANDO, FLORIDA 32803\nWEST COAST OFFICE\n811 S MAIN STREET\nBURBANK, CALIFORNIA 91506\n© 2023 by AOA\nbottom of page",
    "https://www.insideaoa.com/Projects/arizona-biltmore": "Project | Arizona Biltmore | Phoenix, Arizona | Inside AOA\ntop of page\nABOUT\nPROJECTS\nTEAM\nCAREERS\nBLOG\nCONTACT\nUse tab to navigate through the menu items.\nArizona Biltmore\nPhoenix, Arizona\nClient:\nBRE Hotels and Resorts\nFrank Lloyd Wright’s Arizona Biltmore was in need of renovation of their pool area and historic speakeasy. For the speakeasy, the scope included restoring the original speakeasy from its current conference room status to its authentic state with custom designed furniture and period pieces. AOA was also responsible for the creation of an Augmented Reality app guiding guests to the hidden speakeasy.\nThe aquatic scope included renovation to the Paradise Pool including resurfacing the pools, repaving the deck, refreshing the cabanas, and replacing the existing slide tower structure. It included the construction of two new ADA accessible cabanas, and a new Main Entry Building with Retail and Storage spaces. The existing slide tower structure was transformed, in the sense that it was demolished and completely reconceptualized and modernized to include a theme-park grade waterslide with a custom stair tower that reflects the property’s distinctly modernist design origins. AOA was responsible for the Design Management Coordination with Owner’s Selected Design Consultants for Civil, Landscape Architecture, Aquatic Design, Interiors, and Architecture. AOA was also responsible for FF&E Procurement, management of the Purchasing Agent, and scheduling deliveries according to the Contractor’s schedule.\nSERVICES\nCost Estimation, Design Management, Specialty Concept Design, Project Management\nSize: 600,000 SQ FT\nStart Date: 2019\nEnd Date: 2020\nPROJECT GALLERY\nCLICK TO ENLARGE IMAGE\n< Previous Project\nNext Project >\nCONTACT US\nUSA  +1  (407) 730 - 5965\nINFO@INSIDEAOA.COM\nEAST COAST HEADQUARTERS\n906 RAILROAD AVENUE\nWINTER PARK, FLORIDA 32789\nSITE OFFICES  IN ORLANDO, LA, DENVER, NYC, LAS VEGAS, DALLAS\nEAST COAST PRODUCTION SHOP\n655 HERNDON AVENUE\nORLANDO, FLORIDA 32803\nWEST COAST OFFICE\n811 S MAIN STREET\nBURBANK, CALIFORNIA 91506\n© 2023 by AOA\nbottom of page",
    "https://www.insideaoa.com/Projects/baha-mar---lake-show": "Project | Baha Mar - Lake Show | Nassau, Bahamas | Inside AOA\ntop of page\nABOUT\nPROJECTS\nTEAM\nCAREERS\nBLOG\nCONTACT\nUse tab to navigate through the menu items.\nBaha Mar - Lake Show\nNassau, Bahamas\nClient:\nBaha Mar\nBaha Mar fountains are transformed nightly into an extravaganza of LED lighting, color, Bahamian-inspired moving imagery, and high-energy music. AOA completed Technical Direction for production, installation, and show programming for the Entry Lake Show. The show includes water, lighting, and projection effects as well as media pyrotechnics and original score.\nSERVICES\nConcept Development, Cost Estimating, Design Management, Project Management, Technical Direction\n​\n​\n​\nPROJECT GALLERY\nCLICK TO ENLARGE IMAGE\n< Previous Project\nNext Project >\nCONTACT US\nUSA  +1  (407) 730 - 5965\nINFO@INSIDEAOA.COM\nEAST COAST HEADQUARTERS\n906 RAILROAD AVENUE\nWINTER PARK, FLORIDA 32789\nSITE OFFICES  IN ORLANDO, LA, DENVER, NYC, LAS VEGAS, DALLAS\nEAST COAST PRODUCTION SHOP\n655 HERNDON AVENUE\nORLANDO, FLORIDA 32803\nWEST COAST OFFICE\n811 S MAIN STREET\nBURBANK, CALIFORNIA 91506\n© 2023 by AOA\nbottom of page",
    "https://www.insideaoa.com/Projects/club-wyndham-desert-blue": "Project | Club Wyndham Desert Blue | Las Vegas, NV\n | Inside AOA\ntop of page\nABOUT\nPROJECTS\nTEAM\nCAREERS\nBLOG\nCONTACT\nUse tab to navigate through the menu items.\nClub Wyndham Desert Blue\nLas Vegas, NV\nClient:\nWyndham\n​\nSERVICES\nProject Management\n​\n​\n​\nPROJECT GALLERY\nCLICK TO ENLARGE IMAGE\n< Previous Project\nNext Project >\nCONTACT US\nUSA  +1  (407) 730 - 5965\nINFO@INSIDEAOA.COM\nEAST COAST HEADQUARTERS\n906 RAILROAD AVENUE\nWINTER PARK, FLORIDA 32789\nSITE OFFICES  IN ORLANDO, LA, DENVER, NYC, LAS VEGAS, DALLAS\nEAST COAST PRODUCTION SHOP\n655 HERNDON AVENUE\nORLANDO, FLORIDA 32803\nWEST COAST OFFICE\n811 S MAIN STREET\nBURBANK, CALIFORNIA 91506\n© 2023 by AOA\nbottom of page",
    "https://www.insideaoa.com/Projects/grand-wailea-maui-resort": "Project | Grand Wailea Maui Resort | Maui, Hawaii | Inside AOA\ntop of page\nABOUT\nPROJECTS\nTEAM\nCAREERS\nBLOG\nCONTACT\nUse tab to navigate through the menu items.\nGrand Wailea Maui Resort\nMaui, Hawaii\nClient:\nBRE Hotels and Resorts\nThe beautiful Grand Wailea in Maui, Hawaii houses 780 guestrooms, including 52 suites. AOA was responsible for partial renovation, partial new construction, and overall transformation of spaces at the Grand Wailea including food and beverage renovations for 5 venues. The food and beverage projects included design coordination effort with Tihany Design, the architect of record, and consultant teams as well as Vita landscaping / Focus lighting coordination. AOA was also responsible for value engineering, scope clarification, and buy-out for the adult and family pools as well as guestrooms. AOA hosted weekly coordination meetings in regards to the Owner/Architect/Contractor, food and beverage, open issues, and model room design coordination.\nSERVICES\nCost Estimation, Show Set Design Services, Project Management, Technical Direction\nSize: 40 Acres\nStart Date: 2019\nEnd Date: 2023\nPROJECT GALLERY\nCLICK TO ENLARGE IMAGE\n< Previous Project\nNext Project >\nCONTACT US\nUSA  +1  (407) 730 - 5965\nINFO@INSIDEAOA.COM\nEAST COAST HEADQUARTERS\n906 RAILROAD AVENUE\nWINTER PARK, FLORIDA 32789\nSITE OFFICES  IN ORLANDO, LA, DENVER, NYC, LAS VEGAS, DALLAS\nEAST COAST PRODUCTION SHOP\n655 HERNDON AVENUE\nORLANDO, FLORIDA 32803\nWEST COAST OFFICE\n811 S MAIN STREET\nBURBANK, CALIFORNIA 91506\n© 2023 by AOA\nbottom of page",
    "https://www.insideaoa.com/Projects/hotel-del-coronado": "Project | Hotel Del Coronado | Coronado, California | Inside AOA\ntop of page\nABOUT\nPROJECTS\nTEAM\nCAREERS\nBLOG\nCONTACT\nUse tab to navigate through the menu items.\nHotel Del Coronado\nCoronado, California\nClient:\nBRE Hotels and Resorts\nThe legendary Hotel Del Coronado has welcomed discerning travelers for more than 130 years to experience Southern California coastal lifestyle at its best. The hotel is an iconic west coast beach resort and happens to be the second largest wooden structure in the US. Hotel Del Coronado and its newest addition, Beach Village at The Del, have every modern amenity imaginable from bespoke concierge services and holistic spa experiences to private chefs and exquisite oceanfront dining.\nAOA provided design and project management support for Ocean 1500/Serea restaurant renovation, sun deck, pool deck, and Babcock & Story grab-n-go. AOA directed project management for the spa and fitness renovation as well as is design/project management assistance for the Victorian front porch, meeting rooms, ballrooms, lobby, courtyard, and Grande Hall renovations. AOA’s procurement department originated with the successful management of FF&E and OS&E needs for The Del Coronado.\nThe original structures in this Victorian building were entirely out of wood. With years of tacked on renovations, it was an incredible undertaking for the team to understand the property’s existing conditions and make important design decisions that were sensitive to the past while celebrating the future. With the exception of the front porch, the design intent is not to replicate what was once there, but to provide a modern interpretation of the past.\nSERVICES\nProject Management, Owner’s Rep Support, Design Management, Coordination, Interior Design, Quality Assurance, Quality Control, Estimating, Procurement Management for FF&E and OS&E\nSize: 757 Keys, 28 Oceanfront Acres\nStart Date: 2018\nEnd Date: Ongoing\nPROJECT GALLERY\nCLICK TO ENLARGE IMAGE\n< Previous Project\nNext Project >\nCONTACT US\nUSA  +1  (407) 730 - 5965\nINFO@INSIDEAOA.COM\nEAST COAST HEADQUARTERS\n906 RAILROAD AVENUE\nWINTER PARK, FLORIDA 32789\nSITE OFFICES  IN ORLANDO, LA, DENVER, NYC, LAS VEGAS, DALLAS\nEAST COAST PRODUCTION SHOP\n655 HERNDON AVENUE\nORLANDO, FLORIDA 32803\nWEST COAST OFFICE\n811 S MAIN STREET\nBURBANK, CALIFORNIA 91506\n© 2023 by AOA\nbottom of page",
    "https://www.insideaoa.com/Projects/infinity-falls": "Project | Infinity Falls | Seaworld Orlando, Florida | Inside AOA\ntop of page\nABOUT\nPROJECTS\nTEAM\nCAREERS\nBLOG\nCONTACT\nUse tab to navigate through the menu items.\nInfinity Falls\nSeaworld Orlando, Florida\nClient:\nSeaWorld\nThis thrilling river ride holds the record for tallest water drop in the world. AOA developed the story for this jungle adventure featuring ancient ruins and show set elements designed by our team.\nSERVICES\nShow Writing, Storyboarding, Concept Show Set Design\n​\n​\n​\nPROJECT GALLERY\nCLICK TO ENLARGE IMAGE\n< Previous Project\nNext Project >\nCONTACT US\nUSA  +1  (407) 730 - 5965\nINFO@INSIDEAOA.COM\nEAST COAST HEADQUARTERS\n906 RAILROAD AVENUE\nWINTER PARK, FLORIDA 32789\nSITE OFFICES  IN ORLANDO, LA, DENVER, NYC, LAS VEGAS, DALLAS\nEAST COAST PRODUCTION SHOP\n655 HERNDON AVENUE\nORLANDO, FLORIDA 32803\nWEST COAST OFFICE\n811 S MAIN STREET\nBURBANK, CALIFORNIA 91506\n© 2023 by AOA\nbottom of page",
    "https://www.insideaoa.com/Projects/macy's-parade-float---rexy-by-coach": "Project | Macy's Parade Float - Rexy by Coach | New York, New York | Inside AOA\ntop of page\nABOUT\nPROJECTS\nTEAM\nCAREERS\nBLOG\nCONTACT\nUse tab to navigate through the menu items.\nMacy's Parade Float - Rexy by Coach\nNew York, New York\nClient:\nMacy's Parade Studio\nAOA's Tech team provided engineering support for Macy's Rexy float for Coach. As one of the only moving floats in the 2019 Macy's Thanksgiving Day Parade, Rexy came with structural challenges. AOA provided third party review of the mechanical structure and mechanism that would allow Rexy's head to be animated on two axes and Rexy's tail on one axis, per AOA's conceptual video. After AOA's careful planning and calculations, the top-heavy dinosaur was able to stand tall on it's two small circular platforms during the Parade.\nSERVICES\nMechanical and Structural Engineering Third Party Review, Concept Modeling\nSize: NA\nStart Date: 2019\nEnd Date: 2019\nPROJECT GALLERY\nCLICK TO ENLARGE IMAGE\n< Previous Project\nNext Project >\nCONTACT US\nUSA  +1  (407) 730 - 5965\nINFO@INSIDEAOA.COM\nEAST COAST HEADQUARTERS\n906 RAILROAD AVENUE\nWINTER PARK, FLORIDA 32789\nSITE OFFICES  IN ORLANDO, LA, DENVER, NYC, LAS VEGAS, DALLAS\nEAST COAST PRODUCTION SHOP\n655 HERNDON AVENUE\nORLANDO, FLORIDA 32803\nWEST COAST OFFICE\n811 S MAIN STREET\nBURBANK, CALIFORNIA 91506\n© 2023 by AOA\nbottom of page",
    "https://www.insideaoa.com/Projects/qiddiya-wahat": "Project | Qiddiya Wahat | New City outside of Riyadh, Saudi Arabia | Inside AOA\ntop of page\nABOUT\nPROJECTS\nTEAM\nCAREERS\nBLOG\nCONTACT\nUse tab to navigate through the menu items.\nQiddiya Wahat\nNew City outside of Riyadh, Saudi Arabia\nClient:\nQiddiya\nAOA was responsible for the conceptual planning and previsualization of a future rest area leading to the development of Qiddiya - a bold, new Capital of Entertainment, Sports and the Arts in Saudi Arabia. Complete with restaurants, retail, food truck area, kids playground, and water features all under a green grass canopy, this conceptual development truly transforms the bareen dessert into an Oasis (the meaning of Wahat).\nBased on the background story AOA created featuring a caravan of camels bringing seven gifts to an Oasis, the giant, low-poly, metal camels will be the leading figures directing drivers to Qiddiya from Riyadh. The camels will stand 30 ft tall in the flat landscape.\nSERVICES\nMasterplanning, Conceptual Direction, Previsualization, Rendered Flythrough Video\nSize: 1,076,000 SQ FT\nStart Date: 2018\nEnd Date: 2018\nPROJECT GALLERY\nCLICK TO ENLARGE IMAGE\n< Previous Project\nNext Project >\nCONTACT US\nUSA  +1  (407) 730 - 5965\nINFO@INSIDEAOA.COM\nEAST COAST HEADQUARTERS\n906 RAILROAD AVENUE\nWINTER PARK, FLORIDA 32789\nSITE OFFICES  IN ORLANDO, LA, DENVER, NYC, LAS VEGAS, DALLAS\nEAST COAST PRODUCTION SHOP\n655 HERNDON AVENUE\nORLANDO, FLORIDA 32803\nWEST COAST OFFICE\n811 S MAIN STREET\nBURBANK, CALIFORNIA 91506\n© 2023 by AOA\nbottom of page",
    "https://www.insideaoa.com/Projects/turtle-bay-resort": "Project | Turtle Bay Resort | Oahu, Hawaii | Inside AOA\ntop of page\nABOUT\nPROJECTS\nTEAM\nCAREERS\nBLOG\nCONTACT\nUse tab to navigate through the menu items.\nTurtle Bay Resort\nOahu, Hawaii\nClient:\nBRE Hotels and Resorts\nTurtle Bay Resort was originally constructed in the early 1970s and is located on the North Shore of Oahu. Remarkably, all guestrooms have an ocean view. AOA was responsible for renovation and transformation of existing structures including complete enhancement and refurbishment of existing hotel, cottages, pools, and outdoor venues.\nRenovations included the new entry and porte-cochere, 410 refurbished guestrooms (construction and FF&E upgrades), meeting spaces, retail outlets, food and beverage locations, lobby check-in, refurbishment of 42 Cottages, and the landscaping and lighting upgrades throughout entire resort facility (indoors and outdoors). AOA provided coordination on signage, lighting, landscaping, and more – including new stables.\nSERVICES\nDesign Management, Construction Management, Project Management\nSize: 858 Acres\nStart Date: 2018\nEnd Date: 2022\nPROJECT GALLERY\nCLICK TO ENLARGE IMAGE\n< Previous Project\nNext Project >\nCONTACT US\nUSA  +1  (407) 730 - 5965\nINFO@INSIDEAOA.COM\nEAST COAST HEADQUARTERS\n906 RAILROAD AVENUE\nWINTER PARK, FLORIDA 32789\nSITE OFFICES  IN ORLANDO, LA, DENVER, NYC, LAS VEGAS, DALLAS\nEAST COAST PRODUCTION SHOP\n655 HERNDON AVENUE\nORLANDO, FLORIDA 32803\nWEST COAST OFFICE\n811 S MAIN STREET\nBURBANK, CALIFORNIA 91506\n© 2023 by AOA\nbottom of page",
    "https://www.insideaoa.com/Projects/baha-mar": "Project | Baha Mar | Cable Beach, Nassau, Bahamas | Inside AOA\ntop of page\nABOUT\nPROJECTS\nTEAM\nCAREERS\nBLOG\nCONTACT\nUse tab to navigate through the menu items.\nBaha Mar\nCable Beach, Nassau, Bahamas\nClient:\nBaha Mar\nWith over 400 hectares along one of the world’s most beautiful white sand beaches, Baha Mar is home to astonishing surprises and artful luxury unique to the Caribbean—a distinctive melding of world-class hospitality and authentic Bahamian culture through four distinguished brands: Rosewood, Mondrian, Grand Hyatt, and a dazzling newcomer, The Baha Mar Casino & Hotel.  ​\nSERVICES\nProgram Development, Cost Estimation, Project Management\nSize: 10,000 SQ FT\nStart Date: 2014\nEnd Date: 2017\nPROJECT GALLERY\nCLICK TO ENLARGE IMAGE\n< Previous Project\nNext Project >\nCONTACT US\nUSA  +1  (407) 730 - 5965\nINFO@INSIDEAOA.COM\nEAST COAST HEADQUARTERS\n906 RAILROAD AVENUE\nWINTER PARK, FLORIDA 32789\nSITE OFFICES  IN ORLANDO, LA, DENVER, NYC, LAS VEGAS, DALLAS\nEAST COAST PRODUCTION SHOP\n655 HERNDON AVENUE\nORLANDO, FLORIDA 32803\nWEST COAST OFFICE\n811 S MAIN STREET\nBURBANK, CALIFORNIA 91506\n© 2023 by AOA\nbottom of page",
    "https://www.insideaoa.com/Projects/enzo's-hideaway-tunnel-bar": "Project | Enzo's Hideaway Tunnel Bar | Disney Springs, Walt Disney World Resort, Lake Buena Vista, Florida | Inside AOA\ntop of page\nABOUT\nPROJECTS\nTEAM\nCAREERS\nBLOG\nCONTACT\nUse tab to navigate through the menu items.\nEnzo's Hideaway Tunnel Bar\nDisney Springs, Walt Disney World Resort, Lake Buena Vista, Florida\nClient:\nPatina Restaurant Group\nEnzo’s Hideaway was created by remodeling the old operations tunnels between the Adventurers Club and the BET Nightclub in Disney Springs. Although a lot of the construction in this building is new, this place will transport guests to a speakeasy atmosphere straight out of the 1920s. Once a meeting place for flyers smuggling hooch, it now serves up food and drinks for guests within its tunnels and archways.\nSERVICES\nProject Management\n​\n​\n​\nPROJECT GALLERY\nCLICK TO ENLARGE IMAGE\n< Previous Project\nNext Project >\nCONTACT US\nUSA  +1  (407) 730 - 5965\nINFO@INSIDEAOA.COM\nEAST COAST HEADQUARTERS\n906 RAILROAD AVENUE\nWINTER PARK, FLORIDA 32789\nSITE OFFICES  IN ORLANDO, LA, DENVER, NYC, LAS VEGAS, DALLAS\nEAST COAST PRODUCTION SHOP\n655 HERNDON AVENUE\nORLANDO, FLORIDA 32803\nWEST COAST OFFICE\n811 S MAIN STREET\nBURBANK, CALIFORNIA 91506\n© 2023 by AOA\nbottom of page",
    "https://www.insideaoa.com/Projects/maria-and-enzo's-ristorante": "Project | Maria and Enzo's Ristorante | Disney Springs, Walt Disney World Resort, Lake Buena Vista Florida | Inside AOA\ntop of page\nABOUT\nPROJECTS\nTEAM\nCAREERS\nBLOG\nCONTACT\nUse tab to navigate through the menu items.\nMaria and Enzo's Ristorante\nDisney Springs, Walt Disney World Resort, Lake Buena Vista Florida\nClient:\nPatina Restaurant Group\nThe creation of Maria & Enzo’s Ristorante began as a renovation of the former BET Nightclub located in Disney Springs. As legend has it, the building was a 1930s air terminal, remodeled by an immigrant family as a place for Italian cuisine. Guests can be seated in the Main Terminal, or enjoy an upgrade to the First Class Lounge.\nSERVICES\nProject Management\n​\n​\n​\nPROJECT GALLERY\nCLICK TO ENLARGE IMAGE\n< Previous Project\nNext Project >\nCONTACT US\nUSA  +1  (407) 730 - 5965\nINFO@INSIDEAOA.COM\nEAST COAST HEADQUARTERS\n906 RAILROAD AVENUE\nWINTER PARK, FLORIDA 32789\nSITE OFFICES  IN ORLANDO, LA, DENVER, NYC, LAS VEGAS, DALLAS\nEAST COAST PRODUCTION SHOP\n655 HERNDON AVENUE\nORLANDO, FLORIDA 32803\nWEST COAST OFFICE\n811 S MAIN STREET\nBURBANK, CALIFORNIA 91506\n© 2023 by AOA\nbottom of page",
    "https://www.insideaoa.com/Projects/nba-experience": "Project | NBA Experience | Disney Springs, Walt Disney World Resort; Orlando, Florida | Inside AOA\ntop of page\nABOUT\nPROJECTS\nTEAM\nCAREERS\nBLOG\nCONTACT\nUse tab to navigate through the menu items.\nNBA Experience\nDisney Springs, Walt Disney World Resort; Orlando, Florida\nClient:\nWalt Disney Imagineering\nIn collaboration with the NBA, Disney is developed the NBA Experience as a one-of-a-kind environment packed with 13 interactive elements and hands-on activities across 44,000 square feet and two floors. NBA Experience will give guests the chance to feel like a basketball superstar, starting with getting drafted in their favorite team. AOA provided show set designers through the full length of the project and provided technical production support, supported Walt Disney Imagineering with proof-of-concept mock-up at our headquarters, and provided show coordination and general labor to support WDI at the final phase of the project. AOA’s construction management team led the electrical construction group to the successful completion of the project. This attraction is home to two large Mitsubishi ribbon boards and eight LED scoreboards along with two theaters and extensive show effects. The exterior facade consists of an expansive artwork piece with an intricate lighting system. The unseen components of the building include a complex life-safety system including emergency lighting and a complete smoke evacuation system. The AOA team worked with the vendors and contractors to make all of these systems work together seamlessly and safely.\nSERVICES\nShow Set Design, Technical Production Support,\nShow Production, Project Management, Electrical Engineering, Construction Management\nSize: 44,000 SQ FT\nStart Date: 2017\nEnd Date: 2019\nPROJECT GALLERY\nCLICK TO ENLARGE IMAGE\n< Previous Project\nNext Project >\nCONTACT US\nUSA  +1  (407) 730 - 5965\nINFO@INSIDEAOA.COM\nEAST COAST HEADQUARTERS\n906 RAILROAD AVENUE\nWINTER PARK, FLORIDA 32789\nSITE OFFICES  IN ORLANDO, LA, DENVER, NYC, LAS VEGAS, DALLAS\nEAST COAST PRODUCTION SHOP\n655 HERNDON AVENUE\nORLANDO, FLORIDA 32803\nWEST COAST OFFICE\n811 S MAIN STREET\nBURBANK, CALIFORNIA 91506\n© 2023 by AOA\nbottom of page",
    "https://www.insideaoa.com/Projects/pizza-ponte": "Project | Pizza Ponte | Disney Springs, Walt Disney World Resort, Lake Buena Vista, Florida | Inside AOA\ntop of page\nABOUT\nPROJECTS\nTEAM\nCAREERS\nBLOG\nCONTACT\nUse tab to navigate through the menu items.\nPizza Ponte\nDisney Springs, Walt Disney World Resort, Lake Buena Vista, Florida\nClient:\nPatina Restaurant Group\nPizza Ponte was created by remodeling a portion of the former BET Nightclub. According to Disney lore, the bakery and pizzeria occupy part of the lobby of the old 1930s air terminal that once served the town. Located next to Maria & Enzo’s, Pizza Ponte is a casual place for family celebrations featuring wood-fired pizza, pastries, pasta, and more.\nSERVICES\nProject Management\n​\n​\n​\nPROJECT GALLERY\nCLICK TO ENLARGE IMAGE\n< Previous Project\nNext Project >\nCONTACT US\nUSA  +1  (407) 730 - 5965\nINFO@INSIDEAOA.COM\nEAST COAST HEADQUARTERS\n906 RAILROAD AVENUE\nWINTER PARK, FLORIDA 32789\nSITE OFFICES  IN ORLANDO, LA, DENVER, NYC, LAS VEGAS, DALLAS\nEAST COAST PRODUCTION SHOP\n655 HERNDON AVENUE\nORLANDO, FLORIDA 32803\nWEST COAST OFFICE\n811 S MAIN STREET\nBURBANK, CALIFORNIA 91506\n© 2023 by AOA\nbottom of page",
    "https://www.insideaoa.com/Projects/the-edison": "Project | The Edison | Disney Springs, Walt Disney World Resort, Lake Buena Vista, Florida | Inside AOA\ntop of page\nABOUT\nPROJECTS\nTEAM\nCAREERS\nBLOG\nCONTACT\nUse tab to navigate through the menu items.\nThe Edison\nDisney Springs, Walt Disney World Resort, Lake Buena Vista, Florida\nClient:\nPatina Restaurant Group\nPosed within the district of Disney Springs as an industrial era power plant, The Edison boasts industrial steampunk style throughout.  The atmosphere is energized with live nightly performances, music, media, themed propping, craft cocktails and cuisine.      AOA served as the project management team for the client throughout the life of the project.  AOA also supported the creative development of the show set scenes including the clock, generator and also production of the Breaker Bar.\nSERVICES\nProject Management, Show Set Design, Production\n​\n​\n​\nPROJECT GALLERY\nCLICK TO ENLARGE IMAGE\n< Previous Project\nNext Project >\nCONTACT US\nUSA  +1  (407) 730 - 5965\nINFO@INSIDEAOA.COM\nEAST COAST HEADQUARTERS\n906 RAILROAD AVENUE\nWINTER PARK, FLORIDA 32789\nSITE OFFICES  IN ORLANDO, LA, DENVER, NYC, LAS VEGAS, DALLAS\nEAST COAST PRODUCTION SHOP\n655 HERNDON AVENUE\nORLANDO, FLORIDA 32803\nWEST COAST OFFICE\n811 S MAIN STREET\nBURBANK, CALIFORNIA 91506\n© 2023 by AOA\nbottom of page",
    "https://www.insideaoa.com/Projects/baha-mar---bond-nightclub": "Project | Baha Mar - Bond Nightclub | Baha Mar, Nassau, Bahamas | Inside AOA\ntop of page\nABOUT\nPROJECTS\nTEAM\nCAREERS\nBLOG\nCONTACT\nUse tab to navigate through the menu items.\nBaha Mar - Bond Nightclub\nBaha Mar, Nassau, Bahamas\nClient:\nBaha Mar\nBaha Mar’s resort features a glamorous,725-guest-capacity night club designed by Kravitz Design. This high-end nightclub and flexible event space boasts a state-of-the-art sound system, digital LED ceiling and walls, and DJ booth. AOA took Lenny Kravitz’s conceptual design and progressed it through schematic design, detailed design, and construction documentation. AOA’s role as Project Manager and Technical Director aided in the completion of all media, sound, lighting, and effects within the club. Sound attenuation was the biggest challenge since the club was located on the ground floor underneath 18 stories.  The team overcame this with the implementation of building ‘a box within a box’ design and construction method. In addition, AOA oversaw the General Contractor and construction management as well as provided successful completion and turnover.\nSERVICES\nConcept Development, Design, Technical Direction, Program Management, Construction Project Management\nSize: 10,000 SQ FT\nStart Date: 2014\nEnd Date: 2017\nPROJECT GALLERY\nCLICK TO ENLARGE IMAGE\n< Previous Project\nNext Project >\nCONTACT US\nUSA  +1  (407) 730 - 5965\nINFO@INSIDEAOA.COM\nEAST COAST HEADQUARTERS\n906 RAILROAD AVENUE\nWINTER PARK, FLORIDA 32789\nSITE OFFICES  IN ORLANDO, LA, DENVER, NYC, LAS VEGAS, DALLAS\nEAST COAST PRODUCTION SHOP\n655 HERNDON AVENUE\nORLANDO, FLORIDA 32803\nWEST COAST OFFICE\n811 S MAIN STREET\nBURBANK, CALIFORNIA 91506\n© 2023 by AOA\nbottom of page",
    "https://www.insideaoa.com/Projects/digital-graffiti": "Project | Digital Graffiti | Alys Beach, Florida | Inside AOA\ntop of page\nABOUT\nPROJECTS\nTEAM\nCAREERS\nBLOG\nCONTACT\nUse tab to navigate through the menu items.\nDigital Graffiti\nAlys Beach, Florida\nClient:\nAlys Beach, Florida\nDigital Graffiti is an annual, international projection mapping festival. Out of the 500 applicants that submitted to the 2018 festival, AOA was one of 30 that was accepted, and took home the prize of \"Best of Show\" for the immersive, interactive projection. AOA's Media Designer was then invited back for the 2019 festival where she represented AOA as an Artist in Residence.\nSERVICES\nInteractive Media + Animation, Projection Mapping, Production, Technical Direction\n​\n​\n​\nPROJECT GALLERY\nCLICK TO ENLARGE IMAGE\n< Previous Project\nNext Project >\nCONTACT US\nUSA  +1  (407) 730 - 5965\nINFO@INSIDEAOA.COM\nEAST COAST HEADQUARTERS\n906 RAILROAD AVENUE\nWINTER PARK, FLORIDA 32789\nSITE OFFICES  IN ORLANDO, LA, DENVER, NYC, LAS VEGAS, DALLAS\nEAST COAST PRODUCTION SHOP\n655 HERNDON AVENUE\nORLANDO, FLORIDA 32803\nWEST COAST OFFICE\n811 S MAIN STREET\nBURBANK, CALIFORNIA 91506\n© 2023 by AOA\nbottom of page",
    "https://www.insideaoa.com/Projects/legoland-florida---resort-hotel": "Project | LEGOLAND Florida - Resort Hotel | Winter Haven, Florida | Inside AOA\ntop of page\nABOUT\nPROJECTS\nTEAM\nCAREERS\nBLOG\nCONTACT\nUse tab to navigate through the menu items.\nLEGOLAND Florida - Resort Hotel\nWinter Haven, Florida\nClient:\nMerlin Entertainments\nThis 152-room hotel is located just a few steps away from the entrance to Legoland Florida. Themed to look as though it was assembled from LEGO bricks, the hotel will feature interactive play areas, a pool and a restaurant.\nSERVICES\nTurn-Key Project Management, Design Management\n​\n​\n​\nPROJECT GALLERY\nCLICK TO ENLARGE IMAGE\n< Previous Project\nNext Project >\nCONTACT US\nUSA  +1  (407) 730 - 5965\nINFO@INSIDEAOA.COM\nEAST COAST HEADQUARTERS\n906 RAILROAD AVENUE\nWINTER PARK, FLORIDA 32789\nSITE OFFICES  IN ORLANDO, LA, DENVER, NYC, LAS VEGAS, DALLAS\nEAST COAST PRODUCTION SHOP\n655 HERNDON AVENUE\nORLANDO, FLORIDA 32803\nWEST COAST OFFICE\n811 S MAIN STREET\nBURBANK, CALIFORNIA 91506\n© 2023 by AOA\nbottom of page",
    "https://www.insideaoa.com/Projects/legoland-florida---water-park": "Project | LEGOLAND Florida - Water Park | Winter Haven, Florida | Inside AOA\ntop of page\nABOUT\nPROJECTS\nTEAM\nCAREERS\nBLOG\nCONTACT\nUse tab to navigate through the menu items.\nLEGOLAND Florida - Water Park\nWinter Haven, Florida\nClient:\nMerlin Entertainments\nLegoland Florida opened their new water park in Spring of 2012 with Project Management support from AOA. This amenity expands their entertainment offerings and provides a splash of family fun in the Florida sunshine.  ​\nSERVICES\nDesign Management, Project Management\n​\n​\n​\nPROJECT GALLERY\nCLICK TO ENLARGE IMAGE\n< Previous Project\nNext Project >\nCONTACT US\nUSA  +1  (407) 730 - 5965\nINFO@INSIDEAOA.COM\nEAST COAST HEADQUARTERS\n906 RAILROAD AVENUE\nWINTER PARK, FLORIDA 32789\nSITE OFFICES  IN ORLANDO, LA, DENVER, NYC, LAS VEGAS, DALLAS\nEAST COAST PRODUCTION SHOP\n655 HERNDON AVENUE\nORLANDO, FLORIDA 32803\nWEST COAST OFFICE\n811 S MAIN STREET\nBURBANK, CALIFORNIA 91506\n© 2023 by AOA\nbottom of page",
    "https://www.insideaoa.com/Projects/mote-aquarium": "Project | MOTE Aquarium | Sarasota, Florida | Inside AOA\ntop of page\nABOUT\nPROJECTS\nTEAM\nCAREERS\nBLOG\nCONTACT\nUse tab to navigate through the menu items.\nMOTE Aquarium\nSarasota, Florida\nClient:\nMote Marine Laboratory & Aquarium\nMote Marine Laboratory Inc. will be constructing a new 110,000 SF Science and Education Aquarium in Sarasota, FL. The facility must house roughly 1 million gallons water for the aquariums to include the display tanks, holding tanks and filtration systems. The current approved concept proposes a rectilinear building with a self-supporting oval skin element. AOA was brought in by MOTE to oversee the early design and contractor onboarding process, AOA quickly identified cost/ budget concerns with the Architects contract value and was also engaged to rebid the design scope with other firms.  AOA will project manage the project from start to finish as well as assist in the design of the exterior skin, future exhibit design, VE, ensure the project stays on budget and completes on time, as well as staff AOA Construction managers and superintendents as the project moves into the construction phase. Concept and initial ideation was created by MOTE and original Architect (Cambridge Seven).  However, final and constructed design will be by TVS with an exterior, technology-driven concept update by AOA.\nSERVICES\nCost Estimation, Project Management, Program Management, Construction Management, Exhibit Design\nSize: 110,000 SQ FT, 1,000,000 Gallons of water\nStart Date: 2020\nEnd Date: 2024\nPROJECT GALLERY\nCLICK TO ENLARGE IMAGE\n< Previous Project\nNext Project >\nCONTACT US\nUSA  +1  (407) 730 - 5965\nINFO@INSIDEAOA.COM\nEAST COAST HEADQUARTERS\n906 RAILROAD AVENUE\nWINTER PARK, FLORIDA 32789\nSITE OFFICES  IN ORLANDO, LA, DENVER, NYC, LAS VEGAS, DALLAS\nEAST COAST PRODUCTION SHOP\n655 HERNDON AVENUE\nORLANDO, FLORIDA 32803\nWEST COAST OFFICE\n811 S MAIN STREET\nBURBANK, CALIFORNIA 91506\n© 2023 by AOA\nbottom of page",
    "https://www.insideaoa.com/Projects/meow-wolf": "Project | Meow Wolf | Las Vegas, NV | Inside AOA\ntop of page\nABOUT\nPROJECTS\nTEAM\nCAREERS\nBLOG\nCONTACT\nUse tab to navigate through the menu items.\nMeow Wolf\nLas Vegas, NV\nClient:\nMeow Wolf, Inc\nMeow Wolf creates immersive and interactive experiences that transport audiences of all ages into fantastic realms of story and exploration. This includes art installations, video and music production, and extended reality content.\nThe AOA team joined Meow Wolf in July of 2019. Responsibilities include assisting their creative development team with taking their conceptual creative design intent and turning it into a final product by collaborating with the assigned Architects of Record. The general scope of services is in overall project management, from finance, design development, scheduling, and field management.  AOA’s internal design team is preparing schematic design services, and involving local fabricators to complete various themed elements in a multitude of anchor spaces that make up the entire immersive experience.\nSERVICES\nProject Management\n19,000 - 50,000 SQ FT\n2017\n2024\nPROJECT GALLERY\nCLICK TO ENLARGE IMAGE\n< Previous Project\nNext Project >\nCONTACT US\nUSA  +1  (407) 730 - 5965\nINFO@INSIDEAOA.COM\nEAST COAST HEADQUARTERS\n906 RAILROAD AVENUE\nWINTER PARK, FLORIDA 32789\nSITE OFFICES  IN ORLANDO, LA, DENVER, NYC, LAS VEGAS, DALLAS\nEAST COAST PRODUCTION SHOP\n655 HERNDON AVENUE\nORLANDO, FLORIDA 32803\nWEST COAST OFFICE\n811 S MAIN STREET\nBURBANK, CALIFORNIA 91506\n© 2023 by AOA\nbottom of page",
    "https://www.insideaoa.com/Projects/morimoto-asia": "Project | Morimoto Asia | Disney Springs, Walt Disney World Resort, Lake Buena Vista Florida | Inside AOA\ntop of page\nABOUT\nPROJECTS\nTEAM\nCAREERS\nBLOG\nCONTACT\nUse tab to navigate through the menu items.\nMorimoto Asia\nDisney Springs, Walt Disney World Resort, Lake Buena Vista Florida\nClient:\nPatina Restaurant Group\nHeadlined by a world-renowned celebrity chef, this 522-seat Pan-Asian restaurant aims to inspire and excite through sensory experience and a blend of authenticity and innovation. The star attraction is a spectacular show kitchen, visible to nearly all diners. Brightly lit and taking up more floor space than the dining areas, this gorgeous showpiece places the skill of the staff and the preparation of food in full view, the main attraction of an immersive 'show' experience.\nSERVICES\nCost Estimating, Financial Analysis, Turn-key Project Management\n​\n​\n​\nPROJECT GALLERY\nCLICK TO ENLARGE IMAGE\n< Previous Project\nNext Project >\nCONTACT US\nUSA  +1  (407) 730 - 5965\nINFO@INSIDEAOA.COM\nEAST COAST HEADQUARTERS\n906 RAILROAD AVENUE\nWINTER PARK, FLORIDA 32789\nSITE OFFICES  IN ORLANDO, LA, DENVER, NYC, LAS VEGAS, DALLAS\nEAST COAST PRODUCTION SHOP\n655 HERNDON AVENUE\nORLANDO, FLORIDA 32803\nWEST COAST OFFICE\n811 S MAIN STREET\nBURBANK, CALIFORNIA 91506\n© 2023 by AOA\nbottom of page",
    "https://www.insideaoa.com/Projects/the-wheel-at-icon-park": "Project | The Wheel at Icon Park | Orlando, Florida | Inside AOA\ntop of page\nABOUT\nPROJECTS\nTEAM\nCAREERS\nBLOG\nCONTACT\nUse tab to navigate through the menu items.\nThe Wheel at Icon Park\nOrlando, Florida\nClient:\nCircle Entertainment NYC\nAOA provided overall project management services and acted as the owner representative for the predevelopment of this destination. Specifically, AOA was responsible for overseeing the Eye ride system and its integration with the Terminal Building, 4D Theater, and the attractions and amenities.\nSERVICES\nTurn-Key Project Management, Pre-Development\n​\n​\n​\nPROJECT GALLERY\nCLICK TO ENLARGE IMAGE\n< Previous Project\nNext Project >\nCONTACT US\nUSA  +1  (407) 730 - 5965\nINFO@INSIDEAOA.COM\nEAST COAST HEADQUARTERS\n906 RAILROAD AVENUE\nWINTER PARK, FLORIDA 32789\nSITE OFFICES  IN ORLANDO, LA, DENVER, NYC, LAS VEGAS, DALLAS\nEAST COAST PRODUCTION SHOP\n655 HERNDON AVENUE\nORLANDO, FLORIDA 32803\nWEST COAST OFFICE\n811 S MAIN STREET\nBURBANK, CALIFORNIA 91506\n© 2023 by AOA\nbottom of page",
    "https://www.insideaoa.com/Projects/yuri's-night": "Project | Yuri's Night | Kennedy Space Center, Cape Canaveral, Florida | Inside AOA\ntop of page\nABOUT\nPROJECTS\nTEAM\nCAREERS\nBLOG\nCONTACT\nUse tab to navigate through the menu items.\nYuri's Night\nKennedy Space Center, Cape Canaveral, Florida\nClient:\nYuri's Night\nYuri's Night is an international day featuring the celebration of space exploration. AOA provided custom media, projection mapping, and a laser show for the event for 2018 and 2019. AOA collaborated with NASA for projection mapping the Atlantis - a first for the space shuttle!\nSERVICES\nMedia + Animation, Projection Mapping, Production, Technical Direction\n​\n​\n​\nPROJECT GALLERY\nCLICK TO ENLARGE IMAGE\n< Previous Project\nNext Project >\nCONTACT US\nUSA  +1  (407) 730 - 5965\nINFO@INSIDEAOA.COM\nEAST COAST HEADQUARTERS\n906 RAILROAD AVENUE\nWINTER PARK, FLORIDA 32789\nSITE OFFICES  IN ORLANDO, LA, DENVER, NYC, LAS VEGAS, DALLAS\nEAST COAST PRODUCTION SHOP\n655 HERNDON AVENUE\nORLANDO, FLORIDA 32803\nWEST COAST OFFICE\n811 S MAIN STREET\nBURBANK, CALIFORNIA 91506\n© 2023 by AOA\nbottom of page",
    "https://www.insideaoa.com/Projects/4d-theater---the-long-march-road": "Project | 4D Theater - The Long March Road | Yan'an Cultural City, Shaanxi, China  | Inside AOA\ntop of page\nABOUT\nPROJECTS\nTEAM\nCAREERS\nBLOG\nCONTACT\nUse tab to navigate through the menu items.\n4D Theater - The Long March Road\nYan'an Cultural City, Shaanxi, China\nClient:\nSCG\nThe Long March is simply an amazing story to tell in a 4D theater experience setting. The team was tasked with months of research to develop a movie that highlighted the most important story in Chinese history. Storyboards, theater architecture, script, interior design and pre-show were all designed hand-in-hand for the best guest experience. The final deliverable was presented in a design development level to the client.   ​\nSERVICES\nScreenplay and Storyboarding, Architectural Design Development, Interior Design, MEP Package, Technical (Special Effects & Equipment), Production Development, Project Management, Cost Estimation\n​\n​\n​\nPROJECT GALLERY\nCLICK TO ENLARGE IMAGE\n< Previous Project\nNext Project >\nCONTACT US\nUSA  +1  (407) 730 - 5965\nINFO@INSIDEAOA.COM\nEAST COAST HEADQUARTERS\n906 RAILROAD AVENUE\nWINTER PARK, FLORIDA 32789\nSITE OFFICES  IN ORLANDO, LA, DENVER, NYC, LAS VEGAS, DALLAS\nEAST COAST PRODUCTION SHOP\n655 HERNDON AVENUE\nORLANDO, FLORIDA 32803\nWEST COAST OFFICE\n811 S MAIN STREET\nBURBANK, CALIFORNIA 91506\n© 2023 by AOA\nbottom of page",
    "https://www.insideaoa.com/Projects/coca-cola-store": "Project | Coca-Cola Store | Disney Springs, Walt Disney World Resort, Lake Buena Vista, Florida | Inside AOA\ntop of page\nABOUT\nPROJECTS\nTEAM\nCAREERS\nBLOG\nCONTACT\nUse tab to navigate through the menu items.\nCoca-Cola Store\nDisney Springs, Walt Disney World Resort, Lake Buena Vista, Florida\nClient:\nCoca-Cola\nCoca-Cola has created a ground-breaking concept in Disney Springs with an architectural masterpiece as well as exciting functions within. The Coca-Cola store has a one-of-a-kind shopping experience featuring cool collectibles, recycled gear, and a rooftop beverage bar. AOA contributed Project Management through the life of the project as well as\nTechnical Direction for a guest meet-and-greet experience.  After opening, AOA revisited the front exterior with Coca-Cola and provided renderings and concepts for additional design and technology solutions.\nSERVICES\nTurn-Key Project Management,Technical Direction, Exterior Design and Technology Additions\n​\n​\n​\nPROJECT GALLERY\nCLICK TO ENLARGE IMAGE\n< Previous Project\nNext Project >\nCONTACT US\nUSA  +1  (407) 730 - 5965\nINFO@INSIDEAOA.COM\nEAST COAST HEADQUARTERS\n906 RAILROAD AVENUE\nWINTER PARK, FLORIDA 32789\nSITE OFFICES  IN ORLANDO, LA, DENVER, NYC, LAS VEGAS, DALLAS\nEAST COAST PRODUCTION SHOP\n655 HERNDON AVENUE\nORLANDO, FLORIDA 32803\nWEST COAST OFFICE\n811 S MAIN STREET\nBURBANK, CALIFORNIA 91506\n© 2023 by AOA\nbottom of page",
    "https://www.insideaoa.com/Projects/disney-springs-pedestrian-bridges": "Project | Disney Springs Pedestrian Bridges | Buena Vista Drive, Walt Disney World Resort, Lake Buena Vista, Florida | Inside AOA\ntop of page\nABOUT\nPROJECTS\nTEAM\nCAREERS\nBLOG\nCONTACT\nUse tab to navigate through the menu items.\nDisney Springs Pedestrian Bridges\nBuena Vista Drive, Walt Disney World Resort, Lake Buena Vista, Florida\nClient:\nReedy Creek Improvement District\nOver the years, the amount of foot traffic across Buena Vista Drive has steadily increased. The answer came in the form of pre-engineered steel truss bridges, one of which spans the intersection of Hotel Plaza Boulevard and Buena Vista Drive, the other crossing Buena Vista Drive at its third traffic intersection.\nSERVICES\nProject Management\n​\n​\n​\nPROJECT GALLERY\nCLICK TO ENLARGE IMAGE\n< Previous Project\nNext Project >\nCONTACT US\nUSA  +1  (407) 730 - 5965\nINFO@INSIDEAOA.COM\nEAST COAST HEADQUARTERS\n906 RAILROAD AVENUE\nWINTER PARK, FLORIDA 32789\nSITE OFFICES  IN ORLANDO, LA, DENVER, NYC, LAS VEGAS, DALLAS\nEAST COAST PRODUCTION SHOP\n655 HERNDON AVENUE\nORLANDO, FLORIDA 32803\nWEST COAST OFFICE\n811 S MAIN STREET\nBURBANK, CALIFORNIA 91506\n© 2023 by AOA\nbottom of page",
    "https://www.insideaoa.com/Projects/orange,-lime,-and-grapefruit-parking-garages-": "Project | Orange, Lime, and Grapefruit Parking Garages  | Disney Springs, Walt Disney World Resort, Lake Buena Vista, Florida | Inside AOA\ntop of page\nABOUT\nPROJECTS\nTEAM\nCAREERS\nBLOG\nCONTACT\nUse tab to navigate through the menu items.\nOrange, Lime, and Grapefruit Parking Garages\nDisney Springs, Walt Disney World Resort, Lake Buena Vista, Florida\nClient:\nReedy Creek Improvement District\nThis project consists of two new cast-in-place and one pre-cast parking garages. The Western garage connects directly to I-4 via a third floor by a new connector bridge.  Included in the West garage are, operational spaces, accessible Wi-Fi for guests and operations, video security and radio repeaters.  There are pedestrian access bridges with vertical transportation nodes at each garage to facilitate movement of guests into the Downtown Disney venues.     ​\nSERVICES\nCost Estimation and Program Management, Design Management, Project Scheduling, Bid Process Management\n​\n​\n​\nPROJECT GALLERY\nCLICK TO ENLARGE IMAGE\n< Previous Project\nNext Project >\nCONTACT US\nUSA  +1  (407) 730 - 5965\nINFO@INSIDEAOA.COM\nEAST COAST HEADQUARTERS\n906 RAILROAD AVENUE\nWINTER PARK, FLORIDA 32789\nSITE OFFICES  IN ORLANDO, LA, DENVER, NYC, LAS VEGAS, DALLAS\nEAST COAST PRODUCTION SHOP\n655 HERNDON AVENUE\nORLANDO, FLORIDA 32803\nWEST COAST OFFICE\n811 S MAIN STREET\nBURBANK, CALIFORNIA 91506\n© 2023 by AOA\nbottom of page",
    "https://www.insideaoa.com/Projects/planet-hollywood": "Project | Planet Hollywood | Disney Springs, Walt Disney World Resort, Lake Buena Vista, Florida | Inside AOA\ntop of page\nABOUT\nPROJECTS\nTEAM\nCAREERS\nBLOG\nCONTACT\nUse tab to navigate through the menu items.\nPlanet Hollywood\nDisney Springs, Walt Disney World Resort, Lake Buena Vista, Florida\nClient:\nPatina Restaurant Group\nAOA supplied Project Management for the famous, red carpet themed restaurant at Disney Springs when it got a makeover in Disney Springs. Guests can enjoy a delicious menu, state-of-the-art multimedia, and rare, selfie-worthy artifacts from Hollywood history.  ​\nSERVICES\nProject Management, Site Superintendent\n​\n​\n​\nPROJECT GALLERY\nCLICK TO ENLARGE IMAGE\n< Previous Project\nNext Project >\nCONTACT US\nUSA  +1  (407) 730 - 5965\nINFO@INSIDEAOA.COM\nEAST COAST HEADQUARTERS\n906 RAILROAD AVENUE\nWINTER PARK, FLORIDA 32789\nSITE OFFICES  IN ORLANDO, LA, DENVER, NYC, LAS VEGAS, DALLAS\nEAST COAST PRODUCTION SHOP\n655 HERNDON AVENUE\nORLANDO, FLORIDA 32803\nWEST COAST OFFICE\n811 S MAIN STREET\nBURBANK, CALIFORNIA 91506\n© 2023 by AOA\nbottom of page",
    "https://www.insideaoa.com/Projects/the-centenary-theater": "Project | The Centenary Theater | Taronga Zoo, Sydney, Australia | Inside AOA\ntop of page\nABOUT\nPROJECTS\nTEAM\nCAREERS\nBLOG\nCONTACT\nUse tab to navigate through the menu items.\nThe Centenary Theater\nTaronga Zoo, Sydney, Australia\nClient:\nTaranga Zoo\nAs the centerpiece for the century anniversary of the zoo, Taronga is focused on the development of a new 4D theater experience.  The theater will transport guests into the natural world from the perspective of animals and their environments. The team developed concepts for the entire guest experience including the entry of the zoo, pre-show, theater, and post-show while working closely with the client and other local consultant teams with budget and schedule.  ​\nSERVICES\nCreative Design, Architecture and Planning, Project Management, Cost Estimation, Scheduling\n​\n​\n​\nPROJECT GALLERY\nCLICK TO ENLARGE IMAGE\n< Previous Project\nNext Project >\nCONTACT US\nUSA  +1  (407) 730 - 5965\nINFO@INSIDEAOA.COM\nEAST COAST HEADQUARTERS\n906 RAILROAD AVENUE\nWINTER PARK, FLORIDA 32789\nSITE OFFICES  IN ORLANDO, LA, DENVER, NYC, LAS VEGAS, DALLAS\nEAST COAST PRODUCTION SHOP\n655 HERNDON AVENUE\nORLANDO, FLORIDA 32803\nWEST COAST OFFICE\n811 S MAIN STREET\nBURBANK, CALIFORNIA 91506\n© 2023 by AOA\nbottom of page",
    "https://www.insideaoa.com/Projects/margaritaville-vacation-club": "Project | Margaritaville Vacation Club | Smith Bay, Saint Thomas, US Virgin Islands | Inside AOA\ntop of page\nABOUT\nPROJECTS\nTEAM\nCAREERS\nBLOG\nCONTACT\nUse tab to navigate through the menu items.\nMargaritaville Vacation Club\nSmith Bay, Saint Thomas, US Virgin Islands\nClient:\nWyndham\nWyndham’s St. Thomas Margaritaville is one of the seven projects that AOA has worked on with Wyndham. This resort mimics the lifestyle of Jimmy Buffett’s famous Margaritaville. AOA was responsible for completing plan review, determining constructibility and future serviceability, and coordinated MEP-F contractor functions with other trades for the The Hillside buildings, Marketplace, Spa and Hillside Pool.  ​\nSERVICES\nDevelopment Management, Project Management\n​\n​\n​\nPROJECT GALLERY\nCLICK TO ENLARGE IMAGE\n< Previous Project\nNext Project >\nCONTACT US\nUSA  +1  (407) 730 - 5965\nINFO@INSIDEAOA.COM\nEAST COAST HEADQUARTERS\n906 RAILROAD AVENUE\nWINTER PARK, FLORIDA 32789\nSITE OFFICES  IN ORLANDO, LA, DENVER, NYC, LAS VEGAS, DALLAS\nEAST COAST PRODUCTION SHOP\n655 HERNDON AVENUE\nORLANDO, FLORIDA 32803\nWEST COAST OFFICE\n811 S MAIN STREET\nBURBANK, CALIFORNIA 91506\n© 2023 by AOA\nbottom of page",
    "https://www.insideaoa.com/Projects/wyndham-grand-clearwater-beach": "Project | Wyndham Grand Clearwater Beach | Clearwater Beach, Florida | Inside AOA\ntop of page\nABOUT\nPROJECTS\nTEAM\nCAREERS\nBLOG\nCONTACT\nUse tab to navigate through the menu items.\nWyndham Grand Clearwater Beach\nClearwater Beach, Florida\nClient:\nWyndham\nAOA’s project management team has proven successes in delivering Wyndham properties, Wyndham Clearwater was AOA’s seventh successful delivery in early 2018.  Leadership from the AOA team, allowed an effective hand-off of “client ready” units per an aggressive project schedule. Performing and tracking the punch list, coordinating numerous trades and general oversight of remaining, outlying scope, AOA exceeded client expectations for this stunning beachfront venue.\nSERVICES\nProject Management\n​\n​\n​\nPROJECT GALLERY\nCLICK TO ENLARGE IMAGE\n< Previous Project\nNext Project >\nCONTACT US\nUSA  +1  (407) 730 - 5965\nINFO@INSIDEAOA.COM\nEAST COAST HEADQUARTERS\n906 RAILROAD AVENUE\nWINTER PARK, FLORIDA 32789\nSITE OFFICES  IN ORLANDO, LA, DENVER, NYC, LAS VEGAS, DALLAS\nEAST COAST PRODUCTION SHOP\n655 HERNDON AVENUE\nORLANDO, FLORIDA 32803\nWEST COAST OFFICE\n811 S MAIN STREET\nBURBANK, CALIFORNIA 91506\n© 2023 by AOA\nbottom of page",
    "https://www.insideaoa.com/Projects/arnold-palmer-hospital-for-children": "Project | Arnold Palmer Hospital for Children | Orlando, Florida | Inside AOA\ntop of page\nABOUT\nPROJECTS\nTEAM\nCAREERS\nBLOG\nCONTACT\nUse tab to navigate through the menu items.\nArnold Palmer Hospital for Children\nOrlando, Florida\nClient:\nArnold Palmer Children's Hospital\nBy creating a memorable and positive sense of arrival through this creative entrance renovation, the hospital’s team is able to greet their small patients and their families warmly through the spirit of Disney magic and a cast of characters. The renovation of the entrance to the Arnold Palmer Hospital for Children opened in 2005.  ​\nSERVICES\nTurn-Key Project Management\n​\n​\n​\nPROJECT GALLERY\nCLICK TO ENLARGE IMAGE\n< Previous Project\nNext Project >\nCONTACT US\nUSA  +1  (407) 730 - 5965\nINFO@INSIDEAOA.COM\nEAST COAST HEADQUARTERS\n906 RAILROAD AVENUE\nWINTER PARK, FLORIDA 32789\nSITE OFFICES  IN ORLANDO, LA, DENVER, NYC, LAS VEGAS, DALLAS\nEAST COAST PRODUCTION SHOP\n655 HERNDON AVENUE\nORLANDO, FLORIDA 32803\nWEST COAST OFFICE\n811 S MAIN STREET\nBURBANK, CALIFORNIA 91506\n© 2023 by AOA\nbottom of page",
    "https://www.insideaoa.com/Projects/club-wyndham-austin": "Project | Club Wyndham Austin | Austin, Texas | Inside AOA\ntop of page\nABOUT\nPROJECTS\nTEAM\nCAREERS\nBLOG\nCONTACT\nUse tab to navigate through the menu items.\nClub Wyndham Austin\nAustin, Texas\nClient:\nWyndham\nLocated minutes from Austin's local attractions, this resort brings you next to the sparkling lights of this small-scale metropolis from the comfort of your own room. AOA was responsible for project management for the owner and GC focusing on room quality control, closeout, and ADA compliance.\nSERVICES\nProject Management\n​\n​\n​\nPROJECT GALLERY\nCLICK TO ENLARGE IMAGE\n< Previous Project\nNext Project >\nCONTACT US\nUSA  +1  (407) 730 - 5965\nINFO@INSIDEAOA.COM\nEAST COAST HEADQUARTERS\n906 RAILROAD AVENUE\nWINTER PARK, FLORIDA 32789\nSITE OFFICES  IN ORLANDO, LA, DENVER, NYC, LAS VEGAS, DALLAS\nEAST COAST PRODUCTION SHOP\n655 HERNDON AVENUE\nORLANDO, FLORIDA 32803\nWEST COAST OFFICE\n811 S MAIN STREET\nBURBANK, CALIFORNIA 91506\n© 2023 by AOA\nbottom of page",
    "https://www.insideaoa.com/Projects/erin-mckenna's-bakery-nyc": "Project | Erin McKenna's Bakery NYC | Disney Springs, Walt Disney World Resort, Lake Buena Vista, Florida | Inside AOA\ntop of page\nABOUT\nPROJECTS\nTEAM\nCAREERS\nBLOG\nCONTACT\nUse tab to navigate through the menu items.\nErin McKenna's Bakery NYC\nDisney Springs, Walt Disney World Resort, Lake Buena Vista, Florida\nClient:\nErin McKenna\nErin McKenna’s Bakery NYC is part of the first phase of “The Landing” at Disney Springs.  Bakery NYC, formally known as Babycakes, boasts a large menu of vegan, low-glycemic and gluten-free baked goods to cater to all guest of the park.  This small bakery creates many delightful and decadent doughnuts, pastries, cookies and brownies that are sure to bring a smile to your face.   ​\nSERVICES\nCost Estimating, Financial Analysis, Turn-Key Project Management\n​\n​\n​\nPROJECT GALLERY\nCLICK TO ENLARGE IMAGE\n< Previous Project\nNext Project >\nCONTACT US\nUSA  +1  (407) 730 - 5965\nINFO@INSIDEAOA.COM\nEAST COAST HEADQUARTERS\n906 RAILROAD AVENUE\nWINTER PARK, FLORIDA 32789\nSITE OFFICES  IN ORLANDO, LA, DENVER, NYC, LAS VEGAS, DALLAS\nEAST COAST PRODUCTION SHOP\n655 HERNDON AVENUE\nORLANDO, FLORIDA 32803\nWEST COAST OFFICE\n811 S MAIN STREET\nBURBANK, CALIFORNIA 91506\n© 2023 by AOA\nbottom of page",
    "https://www.insideaoa.com/Projects/harmon-corner": "Project | Harmon Corner | Las Vegas, Nevada | Inside AOA\ntop of page\nABOUT\nPROJECTS\nTEAM\nCAREERS\nBLOG\nCONTACT\nUse tab to navigate through the menu items.\nHarmon Corner\nLas Vegas, Nevada\nClient:\nBPS Partners\nConstruction on the exterior shell of the new Harmon Corner, located on the Las Vegas strip, was completed in December 2011. AOA managed the bidding process for BPS Partners for the 65-foot- tall by 320-foot $10 million dollar video billboard. The screen wraps around this new shopping mall inspired by New York’s Time Square and is expected to be the defining feature of the project.  ​  The structure seeks to obtain a silver level certification in Leadership in Energy and Environmental Design for the USGBC. As of 2012, this screen is the largest of its kind in the United States.\nSERVICES\nCost Estimation, Project Management\n​\n​\n​\nPROJECT GALLERY\nCLICK TO ENLARGE IMAGE\n< Previous Project\nNext Project >\nCONTACT US\nUSA  +1  (407) 730 - 5965\nINFO@INSIDEAOA.COM\nEAST COAST HEADQUARTERS\n906 RAILROAD AVENUE\nWINTER PARK, FLORIDA 32789\nSITE OFFICES  IN ORLANDO, LA, DENVER, NYC, LAS VEGAS, DALLAS\nEAST COAST PRODUCTION SHOP\n655 HERNDON AVENUE\nORLANDO, FLORIDA 32803\nWEST COAST OFFICE\n811 S MAIN STREET\nBURBANK, CALIFORNIA 91506\n© 2023 by AOA\nbottom of page",
    "https://www.insideaoa.com/Projects/vivoli-il-gelato-": "Project | Vivoli Il Gelato  | Disney Springs, Walt Disney World Resort, Florida | Inside AOA\ntop of page\nABOUT\nPROJECTS\nTEAM\nCAREERS\nBLOG\nCONTACT\nUse tab to navigate through the menu items.\nVivoli Il Gelato\nDisney Springs, Walt Disney World Resort, Florida\nClient:\nVivoli Orlando, LLC\nVivoli Il Gelato opened it's doors 85 years ago in Florence Italy. Now, guests of Disney Springs can experience world-famous Italian gelati, sorbetti, and espresso drinks. AOA was excited to continue the tradition by providing Project Management through the life of the project.  ​\nSERVICES\nProject Management\n​\n​\n​\nPROJECT GALLERY\nCLICK TO ENLARGE IMAGE\n< Previous Project\nNext Project >\nCONTACT US\nUSA  +1  (407) 730 - 5965\nINFO@INSIDEAOA.COM\nEAST COAST HEADQUARTERS\n906 RAILROAD AVENUE\nWINTER PARK, FLORIDA 32789\nSITE OFFICES  IN ORLANDO, LA, DENVER, NYC, LAS VEGAS, DALLAS\nEAST COAST PRODUCTION SHOP\n655 HERNDON AVENUE\nORLANDO, FLORIDA 32803\nWEST COAST OFFICE\n811 S MAIN STREET\nBURBANK, CALIFORNIA 91506\n© 2023 by AOA\nbottom of page",
    "https://www.insideaoa.com/Projects/wyndham-grand-rio-mar-resort": "Project | Wyndham Grand Rio Mar Resort | Rio Grande, Puerto Rico | Inside AOA\ntop of page\nABOUT\nPROJECTS\nTEAM\nCAREERS\nBLOG\nCONTACT\nUse tab to navigate through the menu items.\nWyndham Grand Rio Mar Resort\nRio Grande, Puerto Rico\nClient:\nWyndham\nWyndham’s Grand Rio Mar was one of the seven projects that AOA has worked on with Wyndham. With the help of AOA's on-site Project Managers, the resort was able to complete multiple expansion projects on time and on budget, including post-hurricane renovations.\nSERVICES\nDevelopment Management, Project Management\n​\n​\n​\nPROJECT GALLERY\nCLICK TO ENLARGE IMAGE\n< Previous Project\nNext Project >\nCONTACT US\nUSA  +1  (407) 730 - 5965\nINFO@INSIDEAOA.COM\nEAST COAST HEADQUARTERS\n906 RAILROAD AVENUE\nWINTER PARK, FLORIDA 32789\nSITE OFFICES  IN ORLANDO, LA, DENVER, NYC, LAS VEGAS, DALLAS\nEAST COAST PRODUCTION SHOP\n655 HERNDON AVENUE\nORLANDO, FLORIDA 32803\nWEST COAST OFFICE\n811 S MAIN STREET\nBURBANK, CALIFORNIA 91506\n© 2023 by AOA\nbottom of page",
    "https://www.insideaoa.com/Projects/battle-street-brewery-": "Project | Battle Street Brewery  | Dansville, New York | Inside AOA\ntop of page\nABOUT\nPROJECTS\nTEAM\nCAREERS\nBLOG\nCONTACT\nUse tab to navigate through the menu items.\nBattle Street Brewery\nDansville, New York\nClient:\nBattle Street Brewery\nA once abandoned train depot has been given a new life as a micro-brewery. The depot began operation in 1870 and ran until 1975. Remnants of operation days are scattered throughout the brewery highlighting the rich history.  ​  Won a honorable mention in the Building Design and Construction Network 2018 Reconstruction Awards.\nSERVICES\nConcept Development, Cost Estimating, Design Support, Project Management\n​\n​\n​\nPROJECT GALLERY\nCLICK TO ENLARGE IMAGE\n< Previous Project\nNext Project >\nCONTACT US\nUSA  +1  (407) 730 - 5965\nINFO@INSIDEAOA.COM\nEAST COAST HEADQUARTERS\n906 RAILROAD AVENUE\nWINTER PARK, FLORIDA 32789\nSITE OFFICES  IN ORLANDO, LA, DENVER, NYC, LAS VEGAS, DALLAS\nEAST COAST PRODUCTION SHOP\n655 HERNDON AVENUE\nORLANDO, FLORIDA 32803\nWEST COAST OFFICE\n811 S MAIN STREET\nBURBANK, CALIFORNIA 91506\n© 2023 by AOA\nbottom of page",
    "https://www.insideaoa.com/Projects/sands-macao": "Project | Sands Macao | Macao SR, P.R. China | Inside AOA\ntop of page\nABOUT\nPROJECTS\nTEAM\nCAREERS\nBLOG\nCONTACT\nUse tab to navigate through the menu items.\nSands Macao\nMacao SR, P.R. China\nClient:\nLas Vegas Sands Corporation\nAOA was responsible for the overall facility design management for the Sands development in  Macao near Hong Kong.​ This 400 Million Capital improvement included facility/MEP system integration and design management, and facility constructibility reviews for interior design and construction. Landscaping, pool, and graphics design management and buyout was also done by AOA as well as other interior design management as it pertains to the Spa, Athletic Center, Presidential Suite, Executive Room, and integration with corporate sponsor Rolls Royce/ Bentley.  ​\nSERVICES\nProject Management, Architectural Design Management\n​\n​\n​\nPROJECT GALLERY\nCLICK TO ENLARGE IMAGE\n< Previous Project\nNext Project >\nCONTACT US\nUSA  +1  (407) 730 - 5965\nINFO@INSIDEAOA.COM\nEAST COAST HEADQUARTERS\n906 RAILROAD AVENUE\nWINTER PARK, FLORIDA 32789\nSITE OFFICES  IN ORLANDO, LA, DENVER, NYC, LAS VEGAS, DALLAS\nEAST COAST PRODUCTION SHOP\n655 HERNDON AVENUE\nORLANDO, FLORIDA 32803\nWEST COAST OFFICE\n811 S MAIN STREET\nBURBANK, CALIFORNIA 91506\n© 2023 by AOA\nbottom of page",
    "https://www.insideaoa.com/Projects/topper's-craft-creamery": "Project | Topper's Craft Creamery | Orlando, Florida | Inside AOA\ntop of page\nABOUT\nPROJECTS\nTEAM\nCAREERS\nBLOG\nCONTACT\nUse tab to navigate through the menu items.\nTopper's Craft Creamery\nOrlando, Florida\nClient:\nTopper's Craft Creamery\nAOA was responsible for the make-over of this classic Floridian soft-serve ice cream chain. The remodeling of Toppers began with a new logo and the renovation of their Renaissance location near SeaWorld.\nSERVICES\nRebranding, Signage, Interior Design, Design Management, Project Management\n​\n​\n​\nPROJECT GALLERY\nCLICK TO ENLARGE IMAGE\n< Previous Project\nNext Project >\nCONTACT US\nUSA  +1  (407) 730 - 5965\nINFO@INSIDEAOA.COM\nEAST COAST HEADQUARTERS\n906 RAILROAD AVENUE\nWINTER PARK, FLORIDA 32789\nSITE OFFICES  IN ORLANDO, LA, DENVER, NYC, LAS VEGAS, DALLAS\nEAST COAST PRODUCTION SHOP\n655 HERNDON AVENUE\nORLANDO, FLORIDA 32803\nWEST COAST OFFICE\n811 S MAIN STREET\nBURBANK, CALIFORNIA 91506\n© 2023 by AOA\nbottom of page",
    "https://www.insideaoa.com/Team/Mike-Ostendorf": "",
    "https://www.insideaoa.com/Team/Nabil-May": "",
    "https://www.insideaoa.com/Team/Ever-Gonzalez": "",
    "https://www.insideaoa.com/Team/Paul-Bailey": "",
    "https://www.insideaoa.com/Team/Erin-Woodman": "",
    "https://www.insideaoa.com/Team/Kimberly-Cuturilo,-NCIDQ": "",
    "https://www.insideaoa.com/Team/Romil-Pujani": "",
    "https://www.insideaoa.com/Team/Tom-Acomb": "",
    "https://www.insideaoa.com/Team/Arthur-Price": "",
    "https://www.insideaoa.com/Team/Jackie-Wolford": ""
  },
  "doc_id": "941a03dc-16c3-5702-94ed-bdd2aa5b546b"
}