{
  "url": "http://koons.com",
  "timestamp": 1732746082.3172324,
  "text_by_page_url": {
    "http://koons.com/about": "The Koons Story | Koons\nShop\nSell/Trade\nService\nMore\nThe Koons Story\nWhen you're talkin' cars, you're talkin' Koons.\nAbout Koons\nAs one of the 15 largest automotive retailers in the country, the ever-growing Jim Koons Automotive Companies currently represents 15 brands across 20 locations, and was founded in 1964. Koons Automotive employs a team of over 2,500 happy employees in the Mid-Atlantic region, and is the only automotive dealer to be named a Washington Business Journal's \"Best Place to Work\" 11 times, and a Washington Post’s \"Top Workplace\" three times. Koons is focused on delivering a modern, simple, and convenient vehicle purchase and service experience.\nFounded in 1964\nThe very first Koons location opened in Falls Church, VA in 1964. Over 55 years in the industry, Jim Koons and Koons Automotive is still proudly serving the Maryland, DC, Virginia and Delaware communities.\n20 Convenient Locations\nKoons has 20 incredible, state-of-the-art stores in the DMV's hottest, most convenient locations. This makes it simple to come drive all of the new cars you have your eye on, regardless of the brand.\n15 Brands\nThere is nothing more convenient when buying a car than having all of your the new car brands you're considering in one place. At Koons, you'll find new vehicles from Toyota, Ford, Chevy, Jeep, Mercedes-Benz, Lexus, Kia, Hyundai, GMC, Dodge, and more! Why waste time looking anywhere else?\nBest Place to Work\nAt Koons, we know that a happy team makes for great customer service, which is why we have worked so hard to create an inclusive, fun, and rewarding culture. Koons is a proud 11-time winner of the Washington Business Journal's Top Workplace Award, and a 3-time winner of the Washington Post's Best Places to Work.\nShop\nUsed Cars Nearby\nNew Cars Nearby\nSell/Trade\nGet an Offer\nHow Sell/Trade Works\nService\nSchedule Service\nHow Service Works\nFinance\nGet Pre-Qualified\nHow Financing Works\nMore\nSupport & FAQ\nAbout Koons\nKoons Reviews\nTop Brands\nToyota\nFord\nJeep\nVolvo\nDodge\nPopular\nElectric Cars\nApple CarPlay\nFuel-Efficient Cars\nPopular SUVs\nPickup Trucks\nNew Cars\nTerms of Use / Privacy Policy\nThe #1 family-owned dealer serving the Virginia, Maryland & Washington, DC area for over 25 years.\nCopyright © 2000-\n2024\nKoons. Powered by\nAuto Genius\n."
  },
  "doc_id": "ac7dc1a4-fece-50ea-a7c0-751a5cb23720"
}