{
  "url": "http://littletongroup.com",
  "timestamp": 1735440143.006545,
  "text_by_page_url": {
    "https://littletongroup.com/about-us/": "The Littleton Group\nAbout Us\nLeadership\nContact Us\nJoin Our Team\nWho We Are\nIA Services\nIA Locations\nService Description\nSubmit a Claim\nLloyd’s of London\nTPA\nTPA Locations\nService Description\nLloyd’s of London\nServices\nCatastrophe Services\nStaffing Services\nLocations\nIA Locations\nTPA Locations\nSubmit a Claim\nAbout Us\nCorporate Headquarters – Austin, TX\nThe Littleton Group is headquartered in Austin, Texas and has been a leader in the insurance claims industry since its inception in 1979. Throughout our history, we have performed insurance claim services for various types of clients including, but not limited to insurance carriers, managing general agents, off-shore & stateside captives, municipalities, private entities, and self-insureds.\nAcross the nation, the Littleton Group employs over 200 experienced insurance professionals, with a diverse range of claim related skill sets. The Littleton Group offers claim services in the following fields:\nThird Party Administration\nIndependent Claims Services\nLloyd’s of London Programs\nCatastrophe Services\nTemporary and Project Staffing\nThe Littleton Group also serves the niche market of providing third party administrative services for technology-based start-ups. These programs are handled on a national basis and coordinated by our offices in Texas, New Mexico, California and Florida. Additionally, we offer independent adjusting services on a more regional basis in 22 offices throughout the states of Texas, New Mexico and Arkansas.\nWith 40 years of insurance experience, The Littleton Group holds a sterling reputation throughout the insurance industry by offering reliable, quality and customized claim related services.\n© 2020\nThe Littleton Group | All Rights Reserved | Austin, TX\nAbout Us\n▼\nLeadership\nContact Us\nJoin Our Team\nWho We Are\nIA Services\n▼\nIA Locations\nService Description\nSubmit a Claim\nLloyd’s of London\nTPA\n▼\nTPA Locations\nService Description\nLloyd’s of London\nServices\n▼\nCatastrophe Services\nStaffing Services\nLocations\n▼\nIA Locations\nTPA Locations\nSubmit a Claim\n×",
    "https://littletongroup.com/leadership/": "The Littleton Group\nAbout Us\nLeadership\nContact Us\nJoin Our Team\nWho We Are\nIA Services\nIA Locations\nService Description\nSubmit a Claim\nLloyd’s of London\nTPA\nTPA Locations\nService Description\nLloyd’s of London\nServices\nCatastrophe Services\nStaffing Services\nLocations\nIA Locations\nTPA Locations\nSubmit a Claim\nLeadership\nSteve Streetman\nCEO\nSteve serves as the CEO for The Littleton Group and is based out of the company’s corporate office in Austin, Texas.  In his role as the CEO, Steve is the driving force behind The Littleton Group’s strategic initiatives and the company’s performance.  Additionally, Steve serves on numerous boards.  He received his Bachelor of Science in Science Education from Texas A&M University.\nJeff Bode\nPresident / COO\nJeff serves as the President and COO for The Littleton Group and is based out of the company’s corporate office in Austin, Texas.  In his role as the President and COO, Jeff oversees Littleton’s operations and is responsible for the overall performance of the company.  This includes the oversight of all operational lines of the business along with the creation and maintenance of programs to best serve the needs of Littleton’s clients.  He received his Bachelor of Science in Agricultural Science from Tarleton State University.\nKyle Streetman\nVP TPA Services\nKyle Streetman serves as the Vice President of TPA Services for the Littleton Group and is based out of the company’s corporate office in Austin, Texas. In his role as the Vice President of TPA Services, he manages and oversees Third Party Administrative claim programs for a variety of organizations within the insurance industry from an operational and marketing aspect. These organizations include admitted & non-admitted insurers, managing general agents (MGAs), self-insureds, municipalities, and offshore & stateside captives. Kyle served a three year term on the Surplus Lines Stamping Office of Texas board of directors from 2017-2019 and chaired the SLTX Audit and Finance committee in 2019. He received his Bachelor of Science in Economics and Master of Science in Economics from Texas A&M University.\nChas Nickells\nVP Business Development\nChas serves as the Vice President of Business Development for The Littleton Group and is based out of the company’s corporate office in Austin, Texas.  In his role as the Vice President of Business Development, Chas is responsible for the client service functions for our top tier clients, while also identifying and capturing sales opportunities to expand Littleton’s sales and increase our revenue.   He received his Bachelor of Science in Business Administration from Lamar University.\n© 2020\nThe Littleton Group | All Rights Reserved | Austin, TX\nAbout Us\n▼\nLeadership\nContact Us\nJoin Our Team\nWho We Are\nIA Services\n▼\nIA Locations\nService Description\nSubmit a Claim\nLloyd’s of London\nTPA\n▼\nTPA Locations\nService Description\nLloyd’s of London\nServices\n▼\nCatastrophe Services\nStaffing Services\nLocations\n▼\nIA Locations\nTPA Locations\nSubmit a Claim\n×",
    "https://littletongroup.com/contact-us/": "The Littleton Group\nAbout Us\nLeadership\nContact Us\nJoin Our Team\nWho We Are\nIA Services\nIA Locations\nService Description\nSubmit a Claim\nLloyd’s of London\nTPA\nTPA Locations\nService Description\nLloyd’s of London\nServices\nCatastrophe Services\nStaffing Services\nLocations\nIA Locations\nTPA Locations\nSubmit a Claim\nContact Us\nThe Littleton Group is always striving to improve our internal processes and ensure we are exceeding our client’s expectations. As part of our continual improvement model, we encourage feedback from our clients and customers so that we can address areas of need.\nPlease complete the form below and submit it to us and a member of our staff will follow up with you to address any questions or concerns.\nIf you would like to contact one of our local offices directly,\nCLICK HERE\nNotice: JavaScript is required for this content.\n© 2020\nThe Littleton Group | All Rights Reserved | Austin, TX\nAbout Us\n▼\nLeadership\nContact Us\nJoin Our Team\nWho We Are\nIA Services\n▼\nIA Locations\nService Description\nSubmit a Claim\nLloyd’s of London\nTPA\n▼\nTPA Locations\nService Description\nLloyd’s of London\nServices\n▼\nCatastrophe Services\nStaffing Services\nLocations\n▼\nIA Locations\nTPA Locations\nSubmit a Claim\n×",
    "https://littletongroup.com/join-our-team/": "The Littleton Group\nAbout Us\nLeadership\nContact Us\nJoin Our Team\nWho We Are\nIA Services\nIA Locations\nService Description\nSubmit a Claim\nLloyd’s of London\nTPA\nTPA Locations\nService Description\nLloyd’s of London\nServices\nCatastrophe Services\nStaffing Services\nLocations\nIA Locations\nTPA Locations\nSubmit a Claim\nJoin Our Team\nNotice: JavaScript is required for this content.\n© 2020\nThe Littleton Group | All Rights Reserved | Austin, TX\nAbout Us\n▼\nLeadership\nContact Us\nJoin Our Team\nWho We Are\nIA Services\n▼\nIA Locations\nService Description\nSubmit a Claim\nLloyd’s of London\nTPA\n▼\nTPA Locations\nService Description\nLloyd’s of London\nServices\n▼\nCatastrophe Services\nStaffing Services\nLocations\n▼\nIA Locations\nTPA Locations\nSubmit a Claim\n×",
    "https://littletongroup.com/services/independent-claims-services/": "The Littleton Group\nAbout Us\nLeadership\nContact Us\nJoin Our Team\nWho We Are\nIA Services\nIA Locations\nService Description\nSubmit a Claim\nLloyd’s of London\nTPA\nTPA Locations\nService Description\nLloyd’s of London\nServices\nCatastrophe Services\nStaffing Services\nLocations\nIA Locations\nTPA Locations\nSubmit a Claim\nIndependent Claims Services\nWith 22 individual office locations, The Littleton Group offers the most comprehensive territorial coverage for independent adjusting services throughout the states of Texas, New Mexico and Arkansas.\nWith an average adjuster experience level of 19 years and turnover at less than 3%, The Littleton Group ensures a level of expertise unrivaled in the industry. Unlike many of our competitors, our independent adjusters are full time employees and not independent contractors, which allows for a more reliable and professional product.\nWe provide all levels of service from limited task assignments to comprehensive claims handling. Additionally, we offer competitive pricing with aggressive claims adjudication geared toward prompt resolution. Our reporting is expeditious and thorough, while keeping our clients current on new claims developments. The list below provides a brief overview of our areas of expertise;\nCasualty\nProperty\nGeneral Liability\nProfessional Liability\nWorkers’ Compensation\nNon-subscription ERISA employer plans\nMarine Liability\nAppraisals\nCatastrophe\nAutomobile Physical Damage\nFire & Allied Lines\nMobile Homes\nTruck & Heavy Equipment\nTransportation\nIf you wish to submit a new independent adjusting assignment, please\nCLICK HERE\n. Additionally, if you have any questions relating to our independent adjusting service, please do hesitate to call us at\n800-404-2908\n.\nThe Littleton Group also offers 24-hour emergency services for commercial trucking related accidents. For assistance with a commercial trucking related loss outside of normal business hours, please contact us at 1\n1-800-404-2908\nand we will provide you with immediate assistance.\n© 2020\nThe Littleton Group | All Rights Reserved | Austin, TX\nAbout Us\n▼\nLeadership\nContact Us\nJoin Our Team\nWho We Are\nIA Services\n▼\nIA Locations\nService Description\nSubmit a Claim\nLloyd’s of London\nTPA\n▼\nTPA Locations\nService Description\nLloyd’s of London\nServices\n▼\nCatastrophe Services\nStaffing Services\nLocations\n▼\nIA Locations\nTPA Locations\nSubmit a Claim\n×",
    "https://littletongroup.com/ia-locations/": "The Littleton Group\nAbout Us\nLeadership\nContact Us\nJoin Our Team\nWho We Are\nIA Services\nIA Locations\nService Description\nSubmit a Claim\nLloyd’s of London\nTPA\nTPA Locations\nService Description\nLloyd’s of London\nServices\nCatastrophe Services\nStaffing Services\nLocations\nIA Locations\nTPA Locations\nSubmit a Claim\nIA Locations\nDownload Map & Directory PDF\nEnter City or Zip\nSearch radius\n25 mi\n50 mi\n100 mi\n200 mi\n500 mi\n2500 mi\nResults\n25\n50\n75\n100\n© 2020\nThe Littleton Group | All Rights Reserved | Austin, TX\nAbout Us\n▼\nLeadership\nContact Us\nJoin Our Team\nWho We Are\nIA Services\n▼\nIA Locations\nService Description\nSubmit a Claim\nLloyd’s of London\nTPA\n▼\nTPA Locations\nService Description\nLloyd’s of London\nServices\n▼\nCatastrophe Services\nStaffing Services\nLocations\n▼\nIA Locations\nTPA Locations\nSubmit a Claim\n×",
    "https://littletongroup.com/services/lloyds-of-london/": "The Littleton Group\nAbout Us\nLeadership\nContact Us\nJoin Our Team\nWho We Are\nIA Services\nIA Locations\nService Description\nSubmit a Claim\nLloyd’s of London\nTPA\nTPA Locations\nService Description\nLloyd’s of London\nServices\nCatastrophe Services\nStaffing Services\nLocations\nIA Locations\nTPA Locations\nSubmit a Claim\nLloyd’s of London\nAs a Third Party Administrator and Loss Adjusting firm, The Littleton Group has serviced the Lloyd’s market on a daily basis for over 40 years. We have been providing claims handling services to underwriters, brokers and coverholders with the efficiency and expertise that is unmatched in the industry. Current loss handling includes commercial, residential and multi-use property, dealers open lot, commercial transportation, motor truck cargo, auto physical damage and general liability claims.\nThe Littleton Group partners with our clients to develop specialized programs to ensure proper claims handling, managerial oversight and real time data reporting for our Lloyd’s programs. This specialization also ensures best in class service levels and claim resolutions.\nOne of the foundations to our service levels and outcomes is the attention to detail and the extra level of review by both front line and senior management. This allows us to maintain an efficient and comprehensive account of our claims handling.\nLittleton offers our clients the ability to maintain loss fund and trust accounts which are specific to each client. This enables the timely issuance of payments which we pair with our current borderaux reporting. We also have the capability to provide real time data transfers via a system bridge to connect our systems and streaming the process.\nFor more information, please contact:\nThe Littleton Group : Chas Nickells\n[email protected]\nTelephone:\n1-512-600-4501\n| Fax:\n1-512-600-4501\nFor more information, please contact:\nThe Littleton Group : Chas Nickells\n[email protected]\nTelephone:\n1-512-600-4501\n| Fax:\n1-512-600-4501\n© 2020\nThe Littleton Group | All Rights Reserved | Austin, TX\nAbout Us\n▼\nLeadership\nContact Us\nJoin Our Team\nWho We Are\nIA Services\n▼\nIA Locations\nService Description\nSubmit a Claim\nLloyd’s of London\nTPA\n▼\nTPA Locations\nService Description\nLloyd’s of London\nServices\n▼\nCatastrophe Services\nStaffing Services\nLocations\n▼\nIA Locations\nTPA Locations\nSubmit a Claim\n×",
    "https://littletongroup.com/services/third-party-administration/": "The Littleton Group\nAbout Us\nLeadership\nContact Us\nJoin Our Team\nWho We Are\nIA Services\nIA Locations\nService Description\nSubmit a Claim\nLloyd’s of London\nTPA\nTPA Locations\nService Description\nLloyd’s of London\nServices\nCatastrophe Services\nStaffing Services\nLocations\nIA Locations\nTPA Locations\nSubmit a Claim\nThird Party Administration\nAs Third-Party Administrators, The Littleton Group serves as our clients’ claims department and administrates claims on a national basis. The Third-Party Administrative division has physical presence in four states, which include Texas, California, Florida and New Mexico and is appropriately licensed and currently adjudicates claims in all 50 states. The Third-Party Administrative division provides insurance claim services on the risks of preferred auto, non-standard auto, commercial auto, transportation/trucking, personal and commercial property, workers’ compensation, non-subscription, medical malpractice and occupational accident coverages.\nThe Littleton Group is on the forefront of the industry concerning technological adaptation and advancement. We operate on an assortment of technological platforms which include a variety of claims management systems, cloud-based customer support systems, short message services (SMS), content management systems and other technological tools. This enables Littleton to collaborate with every client and tailor our operations and programs to ensure we meet or exceed all program objectives. Our technological advantage also allows us to easily adapt to client directives and utilizing preferred vendors.\nThe importance of following best claim practices is emphasized at Littleton in order to operate in the most efficient manner and reduce overall cycle time. We strive for highest levels of professionalism and customer service upon claim intake and throughout the life of the file. Our call centers are fully customizable and we can tailor the phone tree and hours of operations to meet and exceed our client’s expectations.\nTo ensure compliance with financial requirements set by the regulatory and banking industries, Littleton is SSAE18 SOC 1 Type 2 certified. This ensures clients that our check issuance, banking, reserving and financial security meets or exceeds industry standards.\nFor more information, please contact:\nThe Littleton Group : Kyle Streetman\n[email protected]\nTelephone:\n1-512-600-4499\n|   Fax:\n1-512-600-4499\nFor more information, please contact:\nThe Littleton Group : Kyle Streetman\n[email protected]\nTelephone:\n1-512-600-4499\n|   Fax:\n1-512-600-4499\n© 2020\nThe Littleton Group | All Rights Reserved | Austin, TX\nAbout Us\n▼\nLeadership\nContact Us\nJoin Our Team\nWho We Are\nIA Services\n▼\nIA Locations\nService Description\nSubmit a Claim\nLloyd’s of London\nTPA\n▼\nTPA Locations\nService Description\nLloyd’s of London\nServices\n▼\nCatastrophe Services\nStaffing Services\nLocations\n▼\nIA Locations\nTPA Locations\nSubmit a Claim\n×",
    "https://littletongroup.com/tpa-locations/": "The Littleton Group\nAbout Us\nLeadership\nContact Us\nJoin Our Team\nWho We Are\nIA Services\nIA Locations\nService Description\nSubmit a Claim\nLloyd’s of London\nTPA\nTPA Locations\nService Description\nLloyd’s of London\nServices\nCatastrophe Services\nStaffing Services\nLocations\nIA Locations\nTPA Locations\nSubmit a Claim\nTPA Locations\nNationwide TPA Services & Coverage\nFor more information, please contact:\nThe Littleton Group : Kyle Streetman\n[email protected]\nTelephone:\n1-512-600-4499\n|   Fax:\n1-512-600-4499\nFor more information, please contact:\nThe Littleton Group : Kyle Streetman\n[email protected]\nTelephone:\n1-512-600-4499\n|   Fax:\n1-512-600-4499\n© 2020\nThe Littleton Group | All Rights Reserved | Austin, TX\nAbout Us\n▼\nLeadership\nContact Us\nJoin Our Team\nWho We Are\nIA Services\n▼\nIA Locations\nService Description\nSubmit a Claim\nLloyd’s of London\nTPA\n▼\nTPA Locations\nService Description\nLloyd’s of London\nServices\n▼\nCatastrophe Services\nStaffing Services\nLocations\n▼\nIA Locations\nTPA Locations\nSubmit a Claim\n×",
    "https://littletongroup.com/services/catastrophe-services/": "The Littleton Group\nAbout Us\nLeadership\nContact Us\nJoin Our Team\nWho We Are\nIA Services\nIA Locations\nService Description\nSubmit a Claim\nLloyd’s of London\nTPA\nTPA Locations\nService Description\nLloyd’s of London\nServices\nCatastrophe Services\nStaffing Services\nLocations\nIA Locations\nTPA Locations\nSubmit a Claim\nCatastrophe Services\nOur Catastrophe Division provides nationwide adjusting services for all types of residential and commercial property damage. Whether your loss results from wind, hail, earthquake, fire or flood – we are committed to the same high standards that you expect from our daily claim operations. Within hours of your initial call, our CAT Team can supplement your existing staff, establish a remote claims facility, or deploy remote adjusters to the loss location.\nQualified Personnel\n– Our Personnel Evaluation System measures and qualifies our independent, multi-line adjusters to ensure a high level of quality control.\nWell-Managed Operations\n– We ensure each deployment is conducted in a professional manner in order to provide positive outcomes for our clients.\nStandardized Systems\n– Our claims management system allows claims to be uploaded directly from clients and tracked in real time. We can also provide a myriad of reports that reflect real time loss information such as claim payments, reserves, inspection data, etc.\nFor more information, please contact:\nThe Littleton Group : Chas Nickells\n[email protected]\nTelephone:\n1-512-600-4501\n|   Fax:\n1-512-600-4501\nFor more information, please contact:\nThe Littleton Group : Chas Nickells\n[email protected]\nTelephone:\n1-512-600-4501\n|   Fax:\n1-512-600-4501\n© 2020\nThe Littleton Group | All Rights Reserved | Austin, TX\nAbout Us\n▼\nLeadership\nContact Us\nJoin Our Team\nWho We Are\nIA Services\n▼\nIA Locations\nService Description\nSubmit a Claim\nLloyd’s of London\nTPA\n▼\nTPA Locations\nService Description\nLloyd’s of London\nServices\n▼\nCatastrophe Services\nStaffing Services\nLocations\n▼\nIA Locations\nTPA Locations\nSubmit a Claim\n×",
    "https://littletongroup.com/services/temporary-project-staffing/": "The Littleton Group\nAbout Us\nLeadership\nContact Us\nJoin Our Team\nWho We Are\nIA Services\nIA Locations\nService Description\nSubmit a Claim\nLloyd’s of London\nTPA\nTPA Locations\nService Description\nLloyd’s of London\nServices\nCatastrophe Services\nStaffing Services\nLocations\nIA Locations\nTPA Locations\nSubmit a Claim\nTemporary and Project Staffing\nThe Littleton Group offers quality claims related temporary and project staffing solutions for insurance organizations across the country. We are experienced in quickly recruiting highly skilled property and casualty insurance professionals to fill a diverse range of needs required by our clients. Our rates are very competitive and can be provided on a daily or hourly basis. Additionally, all temporary and project staffing clients will be provided an account manager who will be available at any time to facilitate any needs as requested. Our staffing solutions include the following areas of emphasis:\nTemporary Staffing\n– We provide temporary staffing services for a wide range of circumstances, which may include rapid growth, employee turnover, a catastrophe setting, etc.  We specialize in recruiting experienced insurance adjusters in the fields of auto (personal & commercial), property (residential & commercial), general liability and workers’ compensation.  Most commonly, the temporary insurance professionals are placed and trained at our client’s office, but we can also arrange an interim work space for the temporary staff. If the client wishes to retain the services of a temporary employee for the long term, we can provide a temp to hire option as well. We are flexible in providing staffing solutions that cater to the needs of our clients. If you are interested in having The Littleton Group assist with your staffing needs, please do not hesitate to reach out to us.\nProject Staffing\n– Our project staffing service provides a bespoke product for our clients attempting to accomplish specific goals within their organization. We will consult and work with our client in order to develop a project plan that offers strategic staffing to achieve their target objectives. For more information relating to our project staffing, please contact us to schedule an introductory call.\nFor more information, please contact:\nThe Littleton Group : Kyle Streetman\n[email protected]\nTelephone:\n1-512-600-4501\n|   Fax:\n1-512-600-4499\nFor more information, please contact:\nThe Littleton Group : Kyle Streetman\n[email protected]\nTelephone:\n1-512-600-4501\n|   Fax:\n1-512-600-4499\n© 2020\nThe Littleton Group | All Rights Reserved | Austin, TX\nAbout Us\n▼\nLeadership\nContact Us\nJoin Our Team\nWho We Are\nIA Services\n▼\nIA Locations\nService Description\nSubmit a Claim\nLloyd’s of London\nTPA\n▼\nTPA Locations\nService Description\nLloyd’s of London\nServices\n▼\nCatastrophe Services\nStaffing Services\nLocations\n▼\nIA Locations\nTPA Locations\nSubmit a Claim\n×",
    "https://littletongroup.com/locations/": "The Littleton Group\nAbout Us\nLeadership\nContact Us\nJoin Our Team\nWho We Are\nIA Services\nIA Locations\nService Description\nSubmit a Claim\nLloyd’s of London\nTPA\nTPA Locations\nService Description\nLloyd’s of London\nServices\nCatastrophe Services\nStaffing Services\nLocations\nIA Locations\nTPA Locations\nSubmit a Claim\nAll Locations\nDownload Map & Directory PDF\nEnter City or Zip\nSearch radius\n25 mi\n50 mi\n100 mi\n200 mi\n500 mi\n2500 mi\nResults\n25\n50\n75\n100\n© 2020\nThe Littleton Group | All Rights Reserved | Austin, TX\nAbout Us\n▼\nLeadership\nContact Us\nJoin Our Team\nWho We Are\nIA Services\n▼\nIA Locations\nService Description\nSubmit a Claim\nLloyd’s of London\nTPA\n▼\nTPA Locations\nService Description\nLloyd’s of London\nServices\n▼\nCatastrophe Services\nStaffing Services\nLocations\n▼\nIA Locations\nTPA Locations\nSubmit a Claim\n×",
    "https://www.littletongroup.com/services/catastrophe/": "The Littleton Group\nAbout Us\nLeadership\nContact Us\nJoin Our Team\nWho We Are\nIA Services\nIA Locations\nService Description\nSubmit a Claim\nLloyd’s of London\nTPA\nTPA Locations\nService Description\nLloyd’s of London\nServices\nCatastrophe Services\nStaffing Services\nLocations\nIA Locations\nTPA Locations\nSubmit a Claim\nCatastrophe Services\nOur Catastrophe Division provides nationwide adjusting services for all types of residential and commercial property damage. Whether your loss results from wind, hail, earthquake, fire or flood – we are committed to the same high standards that you expect from our daily claim operations. Within hours of your initial call, our CAT Team can supplement your existing staff, establish a remote claims facility, or deploy remote adjusters to the loss location.\nQualified Personnel\n– Our Personnel Evaluation System measures and qualifies our independent, multi-line adjusters to ensure a high level of quality control.\nWell-Managed Operations\n– We ensure each deployment is conducted in a professional manner in order to provide positive outcomes for our clients.\nStandardized Systems\n– Our claims management system allows claims to be uploaded directly from clients and tracked in real time. We can also provide a myriad of reports that reflect real time loss information such as claim payments, reserves, inspection data, etc.\nFor more information, please contact:\nThe Littleton Group : Chas Nickells\n[email protected]\nTelephone:\n1-512-600-4501\n|   Fax:\n1-512-600-4501\nFor more information, please contact:\nThe Littleton Group : Chas Nickells\n[email protected]\nTelephone:\n1-512-600-4501\n|   Fax:\n1-512-600-4501\n© 2020\nThe Littleton Group | All Rights Reserved | Austin, TX\nAbout Us\n▼\nLeadership\nContact Us\nJoin Our Team\nWho We Are\nIA Services\n▼\nIA Locations\nService Description\nSubmit a Claim\nLloyd’s of London\nTPA\n▼\nTPA Locations\nService Description\nLloyd’s of London\nServices\n▼\nCatastrophe Services\nStaffing Services\nLocations\n▼\nIA Locations\nTPA Locations\nSubmit a Claim\n×"
  },
  "doc_id": "6788cb2a-67c0-5f2c-8547-17ecba0ddfd1"
}