{
  "url": "http://momentshospice.com",
  "timestamp": 1734671474.1422257,
  "text_by_page_url": {
    "https://momentshospice.com/careers/": "Hospice Careers | Hospice Care Jobs | Moments Hospice\nBe a Volunteer\nCareers\nNews\nWe honor Vets\nMoments Foundation\nThe Moments Way\n24/7 Phone\n(763)-205-3600\n×\nAbout Us\nThe Moments Way\nAbout Us\nServices\nLevels of Care\nBereavement\nGrief Counseling\nBereavement Resources\nRecommended Reading\nWebinars\nResources\nPalliative Care\nAbout Moments Paliative Care\nPlan Of Care\nWhen To Call?\nResources\nLocations/Contact Us\nMENU\nCareers\nWe are always looking for highly skilled employees!\nAt\nMoments Hospice\nwe’re working every day to meet and exceed our goal of becoming the hospice care provider of choice. We dedicate ourselves to the highest level of patient care. This commitment to our patients requires another—to our employees. We pride ourselves on our welcoming and supportive work environment, and the opportunities we offer for training and advancement.\nOur promise is to treat everyone like family, also flows through the daily work environment, where all employees are part of the Moments family. We offer a workplace that employees are proud to be a part of.\nWe are looking for exceptional people to join our team. People who want to make a difference in the community and in the lives of others. The end of life can be accompanied by feelings of loss and isolation, and the Moments Hospice team is dedicated to ensuring that the transition is filled with dignity, comfort and peace. We are dedicated to doing this not only for our patients, but for their families and loves one as well.\nAs an employee at Moments Hospice, you will:\nMeet amazing and inspiring people every day.\nTap into your true potential.\nDevelop your existing skills while discovering new ones.\nFind meaning in every workday.\nReturn home from each day feeling that you have truly made a difference.\nWe are always interested in attracting professionals to our company and ready to consider all interesting offers. You can send easily apply through the link on our website. Don’t see an opening right for you? Feel free to upload/send your resume  and we will contact you if something becomes available\n.\nThe success of our company is dependent upon teamwork. Our specially trained team includes doctors, nurses, social workers, certified nursing assistants, spiritual counselors, therapists and volunteers, office staff, just to name a few. The one thing we are missing is YOU – please join us!\nApply for a Position Today\nCheck out our current job openings\nSee Open Positions\nThink you could work with us?\nContact us with a CV to arrange an interview!\nAPPLY TODAY ONLINE\nPatient services are provided without regard to race, color, religion, age, gender, gender identity, gender expression, sexual orientation, disability (mental or physical), communicable disease, or place of national origin.\n(763)-205-3600\ninfo@momentshospice.com\n820 Lilac Dr N suite 210, Golden Valley, MN 55422\nNotice of Non-Discrimination\nLatest News\nPortage woman experiences final wish on Wisconsin Dells boat tour\nJul 14\nPortage woman in hospice care granted wish of final motorcycle ride\nJul 14\nThe holiday blues: Everyone experiences the season differently\nJul 14\nCopyright ©2020 all rights reserved\nDesigned by\nWiRe Innovation",
    "https://momentshospice.com/news/": "Hospice news | Hospice Blog | Hospice Info | Moments Hospice\nBe a Volunteer\nCareers\nNews\nWe honor Vets\nMoments Foundation\nThe Moments Way\n24/7 Phone\n(763)-205-3600\n×\nAbout Us\nThe Moments Way\nAbout Us\nServices\nLevels of Care\nBereavement\nGrief Counseling\nBereavement Resources\nRecommended Reading\nWebinars\nResources\nPalliative Care\nAbout Moments Paliative Care\nPlan Of Care\nWhen To Call?\nResources\nLocations/Contact Us\nMENU\nThe Blog\nMedical Articles & News\nPortage woman experiences final wish on Wisconsin Dells boat tour\nJuly 14, 2023\nMoments Hospice\nNews\nWISCONSIN DELLS, Wis. (WMTV) – Delores Wade, a 92-year-old Portage woman living with multiple sclerosis, was granted a final wish from Moments Hospice and her daughters by taking a Dells Boat tour on the Wisconsin River. Wade was a teacher in Portage for 30 years and enjoys nature. “We’re all three together. This is the […]\nRead More\nPortage woman in hospice care granted wish of final motorcycle ride\nJuly 14, 2023\nMoments Hospice\nNews\nPosted: May 31, 2022 7:07 PM Updated: May 31, 2022 7:11 PM PORTAGE, Wis. — To anyone who rides a motorcycle, there’s nothing like the feeling of the open air on the open road. A woman in Portage wanted to experience that feeling one last time, and on Tuesday she did, rumbling down the pavement with an […]\nRead More\nThe holiday blues: Everyone experiences the season differently\nJuly 14, 2023\nMoments Hospice\nNews\nROCHESTER, Minn. (KTTC) – The holiday season brings families together and also triggers memories. This can be challenging if you are dealing with the loss of a loved one. Grief is not openly talked about, especially during this time of year. According to grief expert, Caitlin Feasby, everyone experiences loss and grief, but not in […]\nRead More\nEaster Bunny surprises seniors\nApril 13, 2020\nnikola\nNews\nEaster Bunny this year decided to stop by and bring cheer to the elder citizens. ….and they were thrilled to see him! Moments Hospice team knows that every moment counts, especially this year when the elders are in great danger due to the COVID-19 pandemic. But we found our way to show them how much […]\nRead More\nImportant Information Regarding COVID-19\nMarch 13, 2020\nMoments Hospice\nNews\nMoments Hospice remains committed to our mission of Changing the Hospice Experience One Moments at a Time. We also remain committed to taking care of our staff, patients, families and referral partners. We wanted to provide an update on what we’re doing to help mitigate the spread of the COVID-19 Virus. Education All Moments Hospice […]\nRead More\nWhy hospice care is a good choice for Veterans\nApril 24, 2018\nnikola\nNews\nMeeting spiritual and physical needs of veterans at the very end of their journey.  Moments Hospice is proud to be a part of ‘’We honor Vets’’ program. Lots of recent studies have shown that lots of veterans decide to take hospice care at the end of their life journey. Veterans have recognized their chance to […]\nRead More\n10 benefits of choosing hospice care\nApril 23, 2018\nnikola\nNews\nHospice care is a special type of care meant for patients with terminal health prognosis. This end of life care is considered special because it is not limited to patients only, it is the type of care for both patient and family. We know that your family is an integral part of your very soul […]\nRead More\nRecent Posts\nPortage woman experiences final wish on Wisconsin Dells boat tour\nPortage woman in hospice care granted wish of final motorcycle ride\nThe holiday blues: Everyone experiences the season differently\nEaster Bunny surprises seniors\nImportant Information Regarding COVID-19\nCategories\nNews\nPatient services are provided without regard to race, color, religion, age, gender, gender identity, gender expression, sexual orientation, disability (mental or physical), communicable disease, or place of national origin.\n(763)-205-3600\ninfo@momentshospice.com\n820 Lilac Dr N suite 210, Golden Valley, MN 55422\nNotice of Non-Discrimination\nLatest News\nPortage woman experiences final wish on Wisconsin Dells boat tour\nJul 14\nPortage woman in hospice care granted wish of final motorcycle ride\nJul 14\nThe holiday blues: Everyone experiences the season differently\nJul 14\nCopyright ©2020 all rights reserved\nDesigned by\nWiRe Innovation",
    "https://momentshospice.com/about-us/": "Hospice care at home | End of life care | Moments Hospice\nBe a Volunteer\nCareers\nNews\nWe honor Vets\nMoments Foundation\nThe Moments Way\n24/7 Phone\n(763)-205-3600\n×\nAbout Us\nThe Moments Way\nAbout Us\nServices\nLevels of Care\nBereavement\nGrief Counseling\nBereavement Resources\nRecommended Reading\nWebinars\nResources\nPalliative Care\nAbout Moments Paliative Care\nPlan Of Care\nWhen To Call?\nResources\nLocations/Contact Us\nMENU\nAbout Us\nOur Mission\nChanging the Hospice experience, one Moment at a time.\nMoments Hospice is a Medicare Certified Hospice Agency serving most of Minnesota and Wisconsin as well as the Des Moines, IA metro area. We are focused on creating individual plans of care, because every patient and family is unique. Moments Hospice is committed to honoring patient’s and family’s wishes during the end of life process. We take great pride in creating long lasting partnerships with our Hospitals, Facilities and Community partners by recognizing that we are guests in their facilities and that collaborating on a joint plan of care always results in the best outcome for the patient. It is our mission to help increase the communities awareness of the Hospice Benefit as we believe that everyone deserves to be comfortable with an optimal quality of life during the end of life process.\nOur Vision\nBy keeping patients at the center of all we do, we seek to fulfill our promise of ensuring comfort and dignity from admission through bereavement.\nUtilizing “The Moments Way,” we serve patients, families, and referral partners with expertise and integrity, ensuring all patients die with dignity.\nWe practice Open Access for eligible patients with high-complexity or individualized needs.\nThrough educational empowerment, we create a better understanding and use of the hospice benefit.\nInvesting in technology and resources to create an effective work environment to provide exceptional care.\nWith humility, Moments Hospice utilizes each missed opportunity to create process improvement.\nComfort\nWe focus on making our patients lives easier\nWe will provide only the best care for your mental, spiritual and physical being. Every part of your being counts, we at Moments Hospice are nurturing real family and traditional values. We are here to continue when life-prolonging therapy is not doing any good to you. It is not about curing – it is about caring. We can ease your pain and help you enjoy your routine you miss so much, to nurture friendships and spend the rest of time with your family. We are here when you need comfort, when you need a friendly face and safe and warm environment. Moments Hospice can help you enrich your life with different experiences and much-needed comfort, for you and your loved ones.\nPatient services are provided without regard to race, color, religion, age, gender, gender identity, gender expression, sexual orientation, disability (mental or physical), communicable disease, or place of national origin.\n(763)-205-3600\ninfo@momentshospice.com\n820 Lilac Dr N suite 210, Golden Valley, MN 55422\nNotice of Non-Discrimination\nLatest News\nPortage woman experiences final wish on Wisconsin Dells boat tour\nJul 14\nPortage woman in hospice care granted wish of final motorcycle ride\nJul 14\nThe holiday blues: Everyone experiences the season differently\nJul 14\nCopyright ©2020 all rights reserved\nDesigned by\nWiRe Innovation",
    "https://momentshospice.com/services/": "Hospice services | Hospice Care Services | Moments Hospice\nBe a Volunteer\nCareers\nNews\nWe honor Vets\nMoments Foundation\nThe Moments Way\n24/7 Phone\n(763)-205-3600\n×\nAbout Us\nThe Moments Way\nAbout Us\nServices\nLevels of Care\nBereavement\nGrief Counseling\nBereavement Resources\nRecommended Reading\nWebinars\nResources\nPalliative Care\nAbout Moments Paliative Care\nPlan Of Care\nWhen To Call?\nResources\nLocations/Contact Us\nMENU\nServices\nWe’re here to help you\nThe most important thing is that you will remain in the well-known environment you love so much so you can enjoy your daily activities.  Moments Hospice is not a typical medical staff – our interdisciplinary team will be here with every step you take. We know how every step is important to you so our team can create a very comprehensive life-changing plan, personalized only for you. They are not only here for you – they will be taking care of your family also, helping them cherish the precious memory of you, keeping you in their hearts forever.\nMeet our highly trained and professional staff – every one of them has their own role to play in your life. Meeting your spiritual, health and psychical needs for a complete circle of care.\nRoles and responsibilities of the team\nComplete care\nPRIMARY CARE PHYSICIAN\nHOSPICE MEDICAL DIRECTOR\nREGISTERED NURSE CASE MANAGER\nSOCIAL WORKER\nCHAPLAIN\nBEREAVEMENT COORDINATOR\nHOSPICE AIDE\nHOSPICE VOLUNTEER\nMASSAGE THERAPY\nMUSIC THERAPY\nPHYSICAL THERAPY\nSPEECH THERAPY\nOCCUPATIONAL THERAPY\nRESPIRATORY THERAPIST\nFRIENDS AND FAMILY\nWant to schedule an appointment?\nCall us at\n(763)-205-3600\nor fill in the appointment form...\nAppointment Form\nPatient services are provided without regard to race, color, religion, age, gender, gender identity, gender expression, sexual orientation, disability (mental or physical), communicable disease, or place of national origin.\n(763)-205-3600\ninfo@momentshospice.com\n820 Lilac Dr N suite 210, Golden Valley, MN 55422\nNotice of Non-Discrimination\nLatest News\nPortage woman experiences final wish on Wisconsin Dells boat tour\nJul 14\nPortage woman in hospice care granted wish of final motorcycle ride\nJul 14\nThe holiday blues: Everyone experiences the season differently\nJul 14\nCopyright ©2020 all rights reserved\nDesigned by\nWiRe Innovation",
    "https://momentshospice.com/bereavement-resources/": "Bereavement Resources - Moments Hospice\nBe a Volunteer\nCareers\nNews\nWe honor Vets\nMoments Foundation\nThe Moments Way\n24/7 Phone\n(763)-205-3600\n×\nAbout Us\nThe Moments Way\nAbout Us\nServices\nLevels of Care\nBereavement\nGrief Counseling\nBereavement Resources\nRecommended Reading\nWebinars\nResources\nPalliative Care\nAbout Moments Paliative Care\nPlan Of Care\nWhen To Call?\nResources\nLocations/Contact Us\nMENU\nBereavement Resources\nADULTS\nWhen experiencing grief, it is common to feel isolated, out of touch with your former self, or as though you are “going crazy.” There are resources that can help.\nREAD MORE\nCHILDREN\nActivities, communities, and information designed specifically to support child grievers and the adults who love them.\nREAD MORE\nTEENS AND YOUNG ADULTS\nWebsites, articles, podcasts, and Instagram pages designed to help teens and young adults cope with loss and find community.\nREAD MORE\nFINDING SUPPORT AND COMMUNITY\nA simple guide for finding support when you need it most.\nREAD MORE\nAlways a specialized plan\nCall Now 763-205-3600 and receive Top Quality Healthcare for yourself or for your family member\nPatient services are provided without regard to race, color, religion, age, gender, gender identity, gender expression, sexual orientation, disability (mental or physical), communicable disease, or place of national origin.\n(763)-205-3600\ninfo@momentshospice.com\n820 Lilac Dr N suite 210, Golden Valley, MN 55422\nNotice of Non-Discrimination\nLatest News\nPortage woman experiences final wish on Wisconsin Dells boat tour\nJul 14\nPortage woman in hospice care granted wish of final motorcycle ride\nJul 14\nThe holiday blues: Everyone experiences the season differently\nJul 14\nCopyright ©2020 all rights reserved\nDesigned by\nWiRe Innovation",
    "https://momentshospice.com/resources/": "Hospice Resources | Hospice Care Information | Moments Hospice\nBe a Volunteer\nCareers\nNews\nWe honor Vets\nMoments Foundation\nThe Moments Way\n24/7 Phone\n(763)-205-3600\n×\nAbout Us\nThe Moments Way\nAbout Us\nServices\nLevels of Care\nBereavement\nGrief Counseling\nBereavement Resources\nRecommended Reading\nWebinars\nResources\nPalliative Care\nAbout Moments Paliative Care\nPlan Of Care\nWhen To Call?\nResources\nLocations/Contact Us\nMENU\nResources\nHelpful Links\nAmerican Academy of Hospice and Palliative Medicine\nProfessional organization for physicians, nurses and other healthcare providers specializing in hospice and palliative medicine.\nAmerican Health Care Association\nNon-profit organization of affiliated state health organizations.\nAmerican Medical Directors Association\nThe professional association of medical directors, attending physicians and others involved in long-term care.\nHospice and Palliative Nurses Association\nThe nation’s largest and oldest professional nursing organization dedicated to promoting excellence in hospice and palliative nursing care.\nMedicare\nThe U.S. government’s medical plan for people 65 years of age and older.\nNational Association for the Support of Long Term Care\nNational organization representing legislative and regulatory interests in healthcare.\nSocial Security\nThe official Web site of the U.S. Social Security Administration.\nNational Family Caregivers Association\nNon-profit organization that empowers family caregivers to act on behalf of themselves and their loved ones.\nNational Hospice and Palliative Care Organization\nCharitable organization advocating for the needs of people facing life-limiting illness.\nNational Alliance for Caregiving\nNon-profit coalition of national organizations focusing on issues of family caregiving.\nNational Alzheimer’s Association\nVoluntary health organization in Alzheimer’s care, support and research.\nEmployee Links\nCHEX Login\nOffice365/Email Login\nHCHB Login\nOneDrive Login\nPatient services are provided without regard to race, color, religion, age, gender, gender identity, gender expression, sexual orientation, disability (mental or physical), communicable disease, or place of national origin.\n(763)-205-3600\ninfo@momentshospice.com\n820 Lilac Dr N suite 210, Golden Valley, MN 55422\nNotice of Non-Discrimination\nLatest News\nPortage woman experiences final wish on Wisconsin Dells boat tour\nJul 14\nPortage woman in hospice care granted wish of final motorcycle ride\nJul 14\nThe holiday blues: Everyone experiences the season differently\nJul 14\nCopyright ©2020 all rights reserved\nDesigned by\nWiRe Innovation",
    "https://momentshospice.com/about-palliative-care/": "About Moments Palliative Care - Moments Hospice\nBe a Volunteer\nCareers\nNews\nWe honor Vets\nMoments Foundation\nThe Moments Way\n24/7 Phone\n(763)-205-3600\n×\nAbout Us\nThe Moments Way\nAbout Us\nServices\nLevels of Care\nBereavement\nGrief Counseling\nBereavement Resources\nRecommended Reading\nWebinars\nResources\nPalliative Care\nAbout Moments Paliative Care\nPlan Of Care\nWhen To Call?\nResources\nLocations/Contact Us\nMENU\nAbout Moments Palliative Care\nChanging the Palliative Care experience, one Moment at a time.\nWe recognize the unique stress and hardship advanced disease cause patients. We strive to extend the highest level of courtesy and service to patients and families/caregivers, community partners, and each other.\nWhat is Palliative Care?\nAccording to the Center to Advance Palliative Care (CAPC): “Palliative care is specialized medical care for people living with a serious illness. This type of care is focused on providing relief from the symptoms and stress of the illness. The goal is to improve quality of life for both the patient and the family.”\nInitial Moments\nAt Moments, we schedule visit at home, assisted living, skilled nursing, or other residence with a Nurse Practitioner. During that visit the provider will assess the need for therapy services and/or visits from the chaplain to assist with overall wellness of patient and family. Our visits typically last more than 45 minutes to discuss medical history, any unmanaged illness or symptoms, disease trajectory, and advanced care planning. With an understanding of each patient’s needs and goals, we help develop an individualized plan of care.\nSupportive Care\nNavigating the healthcare system can be difficult. Moments is pleased to offer the continuum of care to our patients. Our Palliative Care team is able to help discuss healthcare options, request therapies, and order tests or diagnostic studies while the patient stays in the comfort of their own home.\nMeaningful Care\nListening to patients and families about what is most important helps shape the plan of care. Each goal is selected to make a meaningful impact on patient’s quality of life. As new information or preferences are discussed, the goals may change but always respectful of patient’s wishes.\nCoordination of Care\nPalliative Care works with all other providers in a patient’s care team, including:\nHome Health\nSpecialists such as Oncology and Cardiology\nPain management centers\nAssisted Living and Skilled Nursing staff\nPrimary Care providers\nPHONE 877-MOMENTS\nINFO@MOMENTSPC.COM\nFAX 763-205-9350\nAlways a specialized plan\nCall Now 763-205-3600 and receive Top Quality Healthcare for yourself or for your family member\nPatient services are provided without regard to race, color, religion, age, gender, gender identity, gender expression, sexual orientation, disability (mental or physical), communicable disease, or place of national origin.\n(763)-205-3600\ninfo@momentshospice.com\n820 Lilac Dr N suite 210, Golden Valley, MN 55422\nNotice of Non-Discrimination\nLatest News\nPortage woman experiences final wish on Wisconsin Dells boat tour\nJul 14\nPortage woman in hospice care granted wish of final motorcycle ride\nJul 14\nThe holiday blues: Everyone experiences the season differently\nJul 14\nCopyright ©2020 all rights reserved\nDesigned by\nWiRe Innovation",
    "https://momentshospice.com/resources-palliative-care/": "Resources - Moments Hospice\nBe a Volunteer\nCareers\nNews\nWe honor Vets\nMoments Foundation\nThe Moments Way\n24/7 Phone\n(763)-205-3600\n×\nAbout Us\nThe Moments Way\nAbout Us\nServices\nLevels of Care\nBereavement\nGrief Counseling\nBereavement Resources\nRecommended Reading\nWebinars\nResources\nPalliative Care\nAbout Moments Paliative Care\nPlan Of Care\nWhen To Call?\nResources\nLocations/Contact Us\nMENU\nResources\nAmerican Cancer Society\nMore\nAmerican Society of Clinical Oncology\nBooklet\nMore\nGet Palliative Care\nMore\nNational Hospice and Palliative Care Organization\nMore\nPHONE 877-MOMENTS\nINFO@MOMENTSPC.COM\nFAX 763-205-9350\nPatient services are provided without regard to race, color, religion, age, gender, gender identity, gender expression, sexual orientation, disability (mental or physical), communicable disease, or place of national origin.\n(763)-205-3600\ninfo@momentshospice.com\n820 Lilac Dr N suite 210, Golden Valley, MN 55422\nNotice of Non-Discrimination\nLatest News\nPortage woman experiences final wish on Wisconsin Dells boat tour\nJul 14\nPortage woman in hospice care granted wish of final motorcycle ride\nJul 14\nThe holiday blues: Everyone experiences the season differently\nJul 14\nCopyright ©2020 all rights reserved\nDesigned by\nWiRe Innovation",
    "https://momentshospice.com/contact-us/": "Contact us - Moments Hospice\nBe a Volunteer\nCareers\nNews\nWe honor Vets\nMoments Foundation\nThe Moments Way\n24/7 Phone\n(763)-205-3600\n×\nAbout Us\nThe Moments Way\nAbout Us\nServices\nLevels of Care\nBereavement\nGrief Counseling\nBereavement Resources\nRecommended Reading\nWebinars\nResources\nPalliative Care\nAbout Moments Paliative Care\nPlan Of Care\nWhen To Call?\nResources\nLocations/Contact Us\nMENU\nOur Locations\nI consent to having this website store my submitted information so they can respond to my inquiry\nPrivacy Policy\nACCEPT\n0\nof\n0\nMoments Near you\nShow All\nClear All\nPlaceholder store name.\nPlaceholder address.\nGet Directions\nStreet View\nMoments near you\nPlaceholder store name\nPlaceholder for address\nWebsite\nWebsite\nWebsite placeholder\nEmail\nEmail\nEmail placeholder\nTelephone\nTelephone\nTelephone placeholder\nFax\nFax\nFax placeholder\nCustom Field 1\nCustom Field 1\nCustom Field 1 placeholder\nCustom Field 2\nCustom Field 2\nCustom Field 2 placeholder\nCustom Field 3\nCustom Field 3\nCustom Field 3 placeholder\nCustom Field 4\nCustom Field 4\nCustom Field 4 placeholder\nCustom Field 5\nCustom Field 5\nCustom Field 5 placeholder\nCustom Field 6\nCustom Field 6\nCustom Field 6 placeholder\nDescription\nDescription placeholder\nOperating Hours\nExternal URL\nExt placeholder\nContact Us\nGet Directions\nStreet View\nClose\nClose\nContact Store\nName: (\n)\nEmail: (\n)\nTelephone\nMessage: (\n)\nSend Message\nChoose location\nMINNESOTA\nWISCONSIN\nILLINOIS\nSOUTH DAKOTA\nIOWA\nFLORIDA\nMN\nMoments Hospice of Brainerd\n17021 Commercial Park Road Suite 8 Brainerd, MN 56401\nREAD MORE\nMoments Hospice Of Duluth\n4897 Miller Trunk Hwy Suite 220 Hermantown, MN 55811\nREAD MORE\nMoments Hospice of Golden Valley\n820 Lilac Dr N Suite 210 Golden Valley, MN 55422\nREAD MORE\nMoments Hospice of Mankato\n124 East Walnut Suite 330 Mankato, MN 56001\nREAD MORE\nMoments Hospice of Rochester\n1816 2nd Street SW Suite B Rochester, MN 55902\nREAD MORE\nMoments Hospice of St Cloud\n2229 Roosevelt Rd, Suite 1, St Cloud, MN 56301\nREAD MORE\nWI\nMoments Hospice of Appleton\n5517 Waterford Lane suite C Appleton, Wisconsin 54913\nREAD MORE\nMoments Hospice of Eau Claire\n2263 Eastridge Ctr, Eau Claire, WI 54701\nREAD MORE\nMoments Hospice of La Crosse\n4425 Mormon Coulee Rd., La Crosse, WI 54601\nREAD MORE\nMoments Hospice of Madison\n5315 Wall Street, Suite 135, Madison, WI 53718\nREAD MORE\nMoments Hospice Of Milwaukee\n1139 S Sunnyslope Dr, #200, Mt Pleasant, WI 53406\nREAD MORE\nMoments Hospice of Stevens Point\n1209 Church Street, Stevens Point, WI 54482\nREAD MORE\nMoments Hospice of Sheboygan\n2108 Kohler Memorial Drive, Suite 40 Sheboygan, WI 53081\nREAD MORE\nIL\nMoments Hospice of Chicago North\n2860 S. River Road, Suite 160 , Des Plaines, 60018\nREAD MORE\nMoments Hospice of Chicago South\n545 Plainfield Rd, Suite G–1, Willowbrook, IL 60527\nREAD MORE\nSD\nMoments Hospice of South Dakota\n5024 S Bur Oak Place, Ste 217, Sioux Falls, SD 57108\nREAD MORE\nIA\nMoments Hospice of Cedar Rapids\n1450 Boyson Road, B-3 Hiawatha, IA 52402\nREAD MORE\nFL\nMoments Hospice of Miami Lakes\n14400 NW 77th Court Suite 203 Miami Lakes, FL 33016\nREAD MORE\nPatient services are provided without regard to race, color, religion, age, gender, gender identity, gender expression, sexual orientation, disability (mental or physical), communicable disease, or place of national origin.\n(763)-205-3600\ninfo@momentshospice.com\n820 Lilac Dr N suite 210, Golden Valley, MN 55422\nNotice of Non-Discrimination\nLatest News\nPortage woman experiences final wish on Wisconsin Dells boat tour\nJul 14\nPortage woman in hospice care granted wish of final motorcycle ride\nJul 14\nThe holiday blues: Everyone experiences the season differently\nJul 14\nCopyright ©2020 all rights reserved\nDesigned by\nWiRe Innovation",
    "https://momentshospice.com/category/news/": "News Archives - Moments Hospice\nBe a Volunteer\nCareers\nNews\nWe honor Vets\nMoments Foundation\nThe Moments Way\n24/7 Phone\n(763)-205-3600\n×\nAbout Us\nThe Moments Way\nAbout Us\nServices\nLevels of Care\nBereavement\nGrief Counseling\nBereavement Resources\nRecommended Reading\nWebinars\nResources\nPalliative Care\nAbout Moments Paliative Care\nPlan Of Care\nWhen To Call?\nResources\nLocations/Contact Us\nMENU\nNews\nCategory description for “News”\nPortage woman experiences final wish on Wisconsin Dells boat tour\nJuly 14, 2023\nMoments Hospice\nNews\nWISCONSIN DELLS, Wis. (WMTV) – Delores Wade, a 92-year-old Portage woman living with multiple sclerosis, was granted a final wish from Moments Hospice and her daughters by taking a Dells Boat tour on the Wisconsin River. Wade was a teacher in Portage for 30 years and enjoys nature. “We’re all three together. This is the […]\nRead More\nPortage woman in hospice care granted wish of final motorcycle ride\nJuly 14, 2023\nMoments Hospice\nNews\nPosted: May 31, 2022 7:07 PM Updated: May 31, 2022 7:11 PM PORTAGE, Wis. — To anyone who rides a motorcycle, there’s nothing like the feeling of the open air on the open road. A woman in Portage wanted to experience that feeling one last time, and on Tuesday she did, rumbling down the pavement with an […]\nRead More\nThe holiday blues: Everyone experiences the season differently\nJuly 14, 2023\nMoments Hospice\nNews\nROCHESTER, Minn. (KTTC) – The holiday season brings families together and also triggers memories. This can be challenging if you are dealing with the loss of a loved one. Grief is not openly talked about, especially during this time of year. According to grief expert, Caitlin Feasby, everyone experiences loss and grief, but not in […]\nRead More\nEaster Bunny surprises seniors\nApril 13, 2020\nnikola\nNews\nEaster Bunny this year decided to stop by and bring cheer to the elder citizens. ….and they were thrilled to see him! Moments Hospice team knows that every moment counts, especially this year when the elders are in great danger due to the COVID-19 pandemic. But we found our way to show them how much […]\nRead More\nImportant Information Regarding COVID-19\nMarch 13, 2020\nMoments Hospice\nNews\nMoments Hospice remains committed to our mission of Changing the Hospice Experience One Moments at a Time. We also remain committed to taking care of our staff, patients, families and referral partners. We wanted to provide an update on what we’re doing to help mitigate the spread of the COVID-19 Virus. Education All Moments Hospice […]\nRead More\nWhy hospice care is a good choice for Veterans\nApril 24, 2018\nnikola\nNews\nMeeting spiritual and physical needs of veterans at the very end of their journey.  Moments Hospice is proud to be a part of ‘’We honor Vets’’ program. Lots of recent studies have shown that lots of veterans decide to take hospice care at the end of their life journey. Veterans have recognized their chance to […]\nRead More\n10 benefits of choosing hospice care\nApril 23, 2018\nnikola\nNews\nHospice care is a special type of care meant for patients with terminal health prognosis. This end of life care is considered special because it is not limited to patients only, it is the type of care for both patient and family. We know that your family is an integral part of your very soul […]\nRead More\nRecent Posts\nPortage woman experiences final wish on Wisconsin Dells boat tour\nPortage woman in hospice care granted wish of final motorcycle ride\nThe holiday blues: Everyone experiences the season differently\nEaster Bunny surprises seniors\nImportant Information Regarding COVID-19\nCategories\nNews\nPatient services are provided without regard to race, color, religion, age, gender, gender identity, gender expression, sexual orientation, disability (mental or physical), communicable disease, or place of national origin.\n(763)-205-3600\ninfo@momentshospice.com\n820 Lilac Dr N suite 210, Golden Valley, MN 55422\nNotice of Non-Discrimination\nLatest News\nPortage woman experiences final wish on Wisconsin Dells boat tour\nJul 14\nPortage woman in hospice care granted wish of final motorcycle ride\nJul 14\nThe holiday blues: Everyone experiences the season differently\nJul 14\nCopyright ©2020 all rights reserved\nDesigned by\nWiRe Innovation",
    "https://momentshospice.com/contact": "Contact us - Moments Hospice\nBe a Volunteer\nCareers\nNews\nWe honor Vets\nMoments Foundation\nThe Moments Way\n24/7 Phone\n(763)-205-3600\n×\nAbout Us\nThe Moments Way\nAbout Us\nServices\nLevels of Care\nBereavement\nGrief Counseling\nBereavement Resources\nRecommended Reading\nWebinars\nResources\nPalliative Care\nAbout Moments Paliative Care\nPlan Of Care\nWhen To Call?\nResources\nLocations/Contact Us\nMENU\nOur Locations\nI consent to having this website store my submitted information so they can respond to my inquiry\nPrivacy Policy\nACCEPT\n0\nof\n0\nMoments Near you\nShow All\nClear All\nPlaceholder store name.\nPlaceholder address.\nGet Directions\nStreet View\nMoments near you\nPlaceholder store name\nPlaceholder for address\nWebsite\nWebsite\nWebsite placeholder\nEmail\nEmail\nEmail placeholder\nTelephone\nTelephone\nTelephone placeholder\nFax\nFax\nFax placeholder\nCustom Field 1\nCustom Field 1\nCustom Field 1 placeholder\nCustom Field 2\nCustom Field 2\nCustom Field 2 placeholder\nCustom Field 3\nCustom Field 3\nCustom Field 3 placeholder\nCustom Field 4\nCustom Field 4\nCustom Field 4 placeholder\nCustom Field 5\nCustom Field 5\nCustom Field 5 placeholder\nCustom Field 6\nCustom Field 6\nCustom Field 6 placeholder\nDescription\nDescription placeholder\nOperating Hours\nExternal URL\nExt placeholder\nContact Us\nGet Directions\nStreet View\nClose\nClose\nContact Store\nName: (\n)\nEmail: (\n)\nTelephone\nMessage: (\n)\nSend Message\nChoose location\nMINNESOTA\nWISCONSIN\nILLINOIS\nSOUTH DAKOTA\nIOWA\nFLORIDA\nMN\nMoments Hospice of Brainerd\n17021 Commercial Park Road Suite 8 Brainerd, MN 56401\nREAD MORE\nMoments Hospice Of Duluth\n4897 Miller Trunk Hwy Suite 220 Hermantown, MN 55811\nREAD MORE\nMoments Hospice of Golden Valley\n820 Lilac Dr N Suite 210 Golden Valley, MN 55422\nREAD MORE\nMoments Hospice of Mankato\n124 East Walnut Suite 330 Mankato, MN 56001\nREAD MORE\nMoments Hospice of Rochester\n1816 2nd Street SW Suite B Rochester, MN 55902\nREAD MORE\nMoments Hospice of St Cloud\n2229 Roosevelt Rd, Suite 1, St Cloud, MN 56301\nREAD MORE\nWI\nMoments Hospice of Appleton\n5517 Waterford Lane suite C Appleton, Wisconsin 54913\nREAD MORE\nMoments Hospice of Eau Claire\n2263 Eastridge Ctr, Eau Claire, WI 54701\nREAD MORE\nMoments Hospice of La Crosse\n4425 Mormon Coulee Rd., La Crosse, WI 54601\nREAD MORE\nMoments Hospice of Madison\n5315 Wall Street, Suite 135, Madison, WI 53718\nREAD MORE\nMoments Hospice Of Milwaukee\n1139 S Sunnyslope Dr, #200, Mt Pleasant, WI 53406\nREAD MORE\nMoments Hospice of Stevens Point\n1209 Church Street, Stevens Point, WI 54482\nREAD MORE\nMoments Hospice of Sheboygan\n2108 Kohler Memorial Drive, Suite 40 Sheboygan, WI 53081\nREAD MORE\nIL\nMoments Hospice of Chicago North\n2860 S. River Road, Suite 160 , Des Plaines, 60018\nREAD MORE\nMoments Hospice of Chicago South\n545 Plainfield Rd, Suite G–1, Willowbrook, IL 60527\nREAD MORE\nSD\nMoments Hospice of South Dakota\n5024 S Bur Oak Place, Ste 217, Sioux Falls, SD 57108\nREAD MORE\nIA\nMoments Hospice of Cedar Rapids\n1450 Boyson Road, B-3 Hiawatha, IA 52402\nREAD MORE\nFL\nMoments Hospice of Miami Lakes\n14400 NW 77th Court Suite 203 Miami Lakes, FL 33016\nREAD MORE\nPatient services are provided without regard to race, color, religion, age, gender, gender identity, gender expression, sexual orientation, disability (mental or physical), communicable disease, or place of national origin.\n(763)-205-3600\ninfo@momentshospice.com\n820 Lilac Dr N suite 210, Golden Valley, MN 55422\nNotice of Non-Discrimination\nLatest News\nPortage woman experiences final wish on Wisconsin Dells boat tour\nJul 14\nPortage woman in hospice care granted wish of final motorcycle ride\nJul 14\nThe holiday blues: Everyone experiences the season differently\nJul 14\nCopyright ©2020 all rights reserved\nDesigned by\nWiRe Innovation",
    "https://momentshospice.com/madison/": "Madison - Moments Hospice\nBe a Volunteer\nCareers\nNews\nWe honor Vets\nMoments Foundation\nThe Moments Way\n24/7 Phone\n(763)-205-3600\n×\nAbout Us\nThe Moments Way\nAbout Us\nServices\nLevels of Care\nBereavement\nGrief Counseling\nBereavement Resources\nRecommended Reading\nWebinars\nResources\nPalliative Care\nAbout Moments Paliative Care\nPlan Of Care\nWhen To Call?\nResources\nLocations/Contact Us\nMENU\nMadison\nContact Info & Details\nWorking hours:\nMonday – Friday: 8:30am – 5pm\nSat-Sun: On Call 24 Hours a Day\nPhone: (608) 384-3710\nFax: (608) 384-3711\ninfo@momentshospice.com\nMoments Hospice of Madison\n5315 Wall Street, Suite 135, Madison, WI 53718\nCounties\nColumbia\nDane\nDodge\nGreem\nIowa\nJefferson\nLafayette\nRock\nSauk\nPatient services are provided without regard to race, color, religion, age, gender, gender identity, gender expression, sexual orientation, disability (mental or physical), communicable disease, or place of national origin.\n(763)-205-3600\ninfo@momentshospice.com\n820 Lilac Dr N suite 210, Golden Valley, MN 55422\nNotice of Non-Discrimination\nLatest News\nPortage woman experiences final wish on Wisconsin Dells boat tour\nJul 14\nPortage woman in hospice care granted wish of final motorcycle ride\nJul 14\nThe holiday blues: Everyone experiences the season differently\nJul 14\nCopyright ©2020 all rights reserved\nDesigned by\nWiRe Innovation",
    "https://momentshospice.com/tag/assisted-living-facilities/": "assisted living facilities Archives - Moments Hospice\nBe a Volunteer\nCareers\nNews\nWe honor Vets\nMoments Foundation\nThe Moments Way\n24/7 Phone\n(763)-205-3600\n×\nAbout Us\nThe Moments Way\nAbout Us\nServices\nLevels of Care\nBereavement\nGrief Counseling\nBereavement Resources\nRecommended Reading\nWebinars\nResources\nPalliative Care\nAbout Moments Paliative Care\nPlan Of Care\nWhen To Call?\nResources\nLocations/Contact Us\nMENU\nassisted living facilities\nEaster Bunny surprises seniors\nApril 13, 2020\nnikola\nNews\nEaster Bunny this year decided to stop by and bring cheer to the elder citizens. ….and they were thrilled to see him! Moments Hospice team knows that every moment counts, especially this year when the elders are in great danger due to the COVID-19 pandemic. But we found our way to show them how much […]\nRead More\nRecent Posts\nPortage woman experiences final wish on Wisconsin Dells boat tour\nPortage woman in hospice care granted wish of final motorcycle ride\nThe holiday blues: Everyone experiences the season differently\nEaster Bunny surprises seniors\nImportant Information Regarding COVID-19\nCategories\nNews\nPatient services are provided without regard to race, color, religion, age, gender, gender identity, gender expression, sexual orientation, disability (mental or physical), communicable disease, or place of national origin.\n(763)-205-3600\ninfo@momentshospice.com\n820 Lilac Dr N suite 210, Golden Valley, MN 55422\nNotice of Non-Discrimination\nLatest News\nPortage woman experiences final wish on Wisconsin Dells boat tour\nJul 14\nPortage woman in hospice care granted wish of final motorcycle ride\nJul 14\nThe holiday blues: Everyone experiences the season differently\nJul 14\nCopyright ©2020 all rights reserved\nDesigned by\nWiRe Innovation"
  },
  "doc_id": "0bbbd479-a612-5f3a-b0d0-7cac98b5b9b7"
}