{
  "url": "http://ncfcyouth.com",
  "timestamp": 1734875521.4596758,
  "text_by_page_url": {
    "http://ncfcyouth.com/player-development-program": "North Carolina FC Youth\nHome\nNew to the Club?\nRecreation\nCompetitive\nAcademy\nGirls Academy\nBoys Academy\nHomestay Program\nECNL\nGirls ECNL National\nBoys ECNL National\nGirls ECNL Regional\nBoys ECNL Regional\nClassic\nJuniors\nChallenge\nOther Programs\nAdv Player Development Program\nGoalkeeping\nPlayer Development Program\nCamps\nIn-Season Camps\nTOPSoccer\nOff Season Development\nDPAL\nJuniors Development Program\nAthletic Training\nTournaments\nShowcase Series\nColumbus Day\nOak City Friendlies\nRec Cup\n3v3s\n4v4 Kick 4 A Cause\nOutside Event Hosting\nFacilities\nField Locations\nWRAL Soccer Park\nWeather Policy\nPark Rules\nAthletic Trainers\nClub\nMission\nHistory\nStaff/Board\nPolicies\nAbuse Prevention\nHome\nEmployment Opportunities\n50th Anniversary\nClub Sponsors\nMore\nDonate\nReferees\nWomen's Coaching Collective\nEvents\nFinancial Aid\nCoach of the Season\nShield Award\nSenior Spotlight\nYouth To Pro\nGet in touch\n555-555-5555\nmymail@mailservice.com\nEnglish\nen\nEspañol\nes\nEnglish\nen\nEspañol\nes\nHOME OF THE 2024 USYS U18 GIRLS NATIONAL CHAMPIONS & USL W LEAGUE CHAMPIONS\nNorth\nCarolina\nFC\nYouth\nSpring Recreation\nLogin to PlayMetrics\nCreate an Account\nNew to the Club?\nRecreation\nRecreation\nKickstarters\nCompetitive\nChallenge\nJuniors\nClassic\nNPL\nECNL\nAcademy\nOther Programs\nGoalkeeping\nSupplemental Programs\nAll Supplemental Programs\nJuniors Development Program\nPlayer Development Program\nAdv Player Development Program\nGoalkeeping Player Development Program\nGoalkeeping Adv. Player Development Program\nCamps\nOff Season Development\nTOPSoccer\nLa Liga\nDPAL\nTournaments\nAll Tournament Info\nGirls Junior Showcase\nBoys Junior Showcase\nGirls College Showcase\nGirls College Combine\nBoys College Showcase\nBoys College Combine\nCapital City Classic\nCity of Oaks Classic\n3v3s\nRec Cup\n4v4 Kick 4 A Cause\nFacilities\nField Locations\nWRAL Soccer Park\nPark Rules\nAthletic Trainers\nClub\nMission\nHistory\nStaff/Board\n2024-25 Coach & Team List\nClub Sponsors\n50th Anniversary\nPolicies\nAbuse Prevention\nCollege  Recruiting\nEmployment Opportunities\nMore\nDonate\nHome\nEvents\nAthletic Training\nReferees\nNCFC/NC Courage\nShield Award\nSoccer Parenting Association\nWomen's Coaching Collective\nYouth To Pro\nSoccer in the Community\nTournament Photos\nCoach of the Season\nPLAYER DEVELOPMENT PROGRAM\nAbout Player Development Program\nLorem ipsum dolor sit amet\nButton\nContact Us\nContact Program Directors\nButton\nAbout Skill Building\nLorem ipsum dolor sit amet\nButton\nTraining Dates\nLorem ipsum dolor sit amet\nButton\nContact Us\nContact Program Directors\nButton\nAbout the Program\nOur Player Development Program (PDP) is a supplemental training option for U9 (2016) – U19 (2006) players who are currently playing at a Recreation or Challenge level. PDP is staffed by experienced coaches who will provide age and level-appropriate instruction with a strong emphasis on technical development. PDP will help bridge the gap between recreational soccer and competitive soccer and grow each player’s love for the game.\nPDP will provide training in a coed team-based environment to encourage development of individual skills, as well as using the players around them in a successful way. Participants are encouraged to play Recreational or Challenge soccer and participate in PDP to fulfill their desire to train and play more.\nCost is $200 for PDP and are 8-week programs.\nSpring 2025 Sessions:\nWake Comp: Sessions take place on Sundays starting February 16 from 5-6PM.\nWRAL: Sessions take place on Tuesdays starting February 11 from 5-6PM.\nWRAL: Sessions take place on Fridays starting February 14 from 5-6PM.\nAdv PDP & PDP - Refund & Amendment Policy\nRegistration Cancellations\n15+ days from start of program = full refund\n8-14 days from the start of program = 50% refund\n7 or less days from the start of camp = no refund\nTo submit CANCELLATION requests, click\nHERE\n.\nRegistration Changes\nAny participant wishing to change their registration must do so at least 8 days prior to the scheduled start date of the first training. Any change request received 7 or less days from the start of first training will not be approved.\nTo submit CHANGE requests, click\nHERE\n.\nAdv PDP & PDP - Weather Policy\nIn the case of inclement weather, the session will be halted under the pavilions and/or inside the various facilities (depending on location) until the inclement weather has passed and play can safely resume.\nThis is an outdoor program, which means the whole session will take place outdoors. In the event of extreme heat, extended breaks will be given.\nIn the event of weather-related cancellations, no refunds will be issued. If weather results in 2 or more days of cancellations, a partial refund or credit will be issued if a makeup day cannot be implemented.\nPlayers interested in our Player Development Program must create an account in PlayMetrics to register. Parents or guardians should create an account in their name and add each child as a participant. Existing players will just need to login to their accounts.\nLearn More →\nContact Us\nNicole Turner\nDirector of Supplemental Training\nCamps@NCFCYouth.com\nADDRESS\n3150 Spring Forest Road, Suite 116\nRaleigh, NC 27616\nOFFICE HOURS\nMonday 11 AM–4 PM\nTuesday 11 AM–4PM\nWednesday 11 AM–4 PM\nThursday 11 AM-4 PM\nFriday 9 AM-2 PM\nCONNECT\n919-834-3951\ninfo@NCFCYouth.com\n﻿\nCareers\nBack To Top Button\nBack to Top\nBack to Top Button\nBack to Top\nShare by:",
    "http://ncfcyouth.com/off-season-development": "North Carolina FC Youth\nHome\nNew to the Club?\nRecreation\nCompetitive\nAcademy\nGirls Academy\nBoys Academy\nHomestay Program\nECNL\nGirls ECNL National\nBoys ECNL National\nGirls ECNL Regional\nBoys ECNL Regional\nClassic\nJuniors\nChallenge\nOther Programs\nAdv Player Development Program\nGoalkeeping\nPlayer Development Program\nCamps\nIn-Season Camps\nTOPSoccer\nOff Season Development\nDPAL\nJuniors Development Program\nAthletic Training\nTournaments\nShowcase Series\nColumbus Day\nOak City Friendlies\nRec Cup\n3v3s\n4v4 Kick 4 A Cause\nOutside Event Hosting\nFacilities\nField Locations\nWRAL Soccer Park\nWeather Policy\nPark Rules\nAthletic Trainers\nClub\nMission\nHistory\nStaff/Board\nPolicies\nAbuse Prevention\nHome\nEmployment Opportunities\n50th Anniversary\nClub Sponsors\nMore\nDonate\nReferees\nWomen's Coaching Collective\nEvents\nFinancial Aid\nCoach of the Season\nShield Award\nSenior Spotlight\nYouth To Pro\nGet in touch\n555-555-5555\nmymail@mailservice.com\nEnglish\nen\nEspañol\nes\nEnglish\nen\nEspañol\nes\nHOME OF THE 2024 USYS U18 GIRLS NATIONAL CHAMPIONS & USL W LEAGUE CHAMPIONS\nNorth\nCarolina\nFC\nYouth\nSpring Recreation\nLogin to PlayMetrics\nCreate an Account\nNew to the Club?\nRecreation\nRecreation\nKickstarters\nCompetitive\nChallenge\nJuniors\nClassic\nNPL\nECNL\nAcademy\nOther Programs\nGoalkeeping\nSupplemental Programs\nAll Supplemental Programs\nJuniors Development Program\nPlayer Development Program\nAdv Player Development Program\nGoalkeeping Player Development Program\nGoalkeeping Adv. Player Development Program\nCamps\nOff Season Development\nTOPSoccer\nLa Liga\nDPAL\nTournaments\nAll Tournament Info\nGirls Junior Showcase\nBoys Junior Showcase\nGirls College Showcase\nGirls College Combine\nBoys College Showcase\nBoys College Combine\nCapital City Classic\nCity of Oaks Classic\n3v3s\nRec Cup\n4v4 Kick 4 A Cause\nFacilities\nField Locations\nWRAL Soccer Park\nPark Rules\nAthletic Trainers\nClub\nMission\nHistory\nStaff/Board\n2024-25 Coach & Team List\nClub Sponsors\n50th Anniversary\nPolicies\nAbuse Prevention\nCollege  Recruiting\nEmployment Opportunities\nMore\nDonate\nHome\nEvents\nAthletic Training\nReferees\nNCFC/NC Courage\nShield Award\nSoccer Parenting Association\nWomen's Coaching Collective\nYouth To Pro\nSoccer in the Community\nTournament Photos\nCoach of the Season\nOFF SEASON DEVELOPMENT\nAbout Off Season Development (OSD)\nOur Off-Season Development Program is a Supplemental Training Program we offer to players who are not currently playing for their high school teams to continue to play, develop, and get touches on the ball during the dead period of club soccer, when the Boys High School (Fall) and Girls High School (Spring) soccer season takes place. Our focus in the program is on individual player development through technical applications, small sided games, and scrimmages. We also included Goalkeeper specific training once a week for any keepers who are interested in the program.\nThe sessions will focus on both the technical aspect of the game along with team play and small sided games. Technical sessions: High intensity technical training that will mostly deal with dribbling, passing, and first touch. The goal of the session is to get as many touches on the ball in 90 minutes focusing on repetition and proper technique. Team play sessions: allow players to tactically improve in game situations, apply technical aspects and improve decision making in situations. also included will be possession drills and finishing to goal. We will also have Goal Keeping staff joining us this year to provide specific training for all Keepers in the program.﻿﻿\nOur goal is to significantly improve the technical, tactical, mental, and athletic ability of each player through the application of best practices developed from the training of our highest teams in the club. Teams will practice on Turf fields for all sessions in the Program.\nFor any questions, please contact\nCory.Elenio@ncfcyouth.com\nPlayers interested in our Off Season Development Program must create an account in PlayMetrics to register. Parents or guardians should create an account in their name and add each child as a participant.\nOff Season Development\nWho:\nProgram available to all 2007-2010 age group players in the following programs: ECNL, Elite/Premier, Classic, and Challenge.\nIntent to Play:\nCurrently open in PlayMetrics. Complete the \"Intent to Train in the Off-Season Development Program\".\nRegistration\n: If you are not clear of your intentions during the High School season, we suggest registering for the program and then withdrawing. It will be difficult for us to add players once we staff the program. Families that have registered via the ITP will receive an acceptance email 1 week prior to the start of the program.\nProgram Fees\n: The cost of the OSD training program is $350. When you receive the acceptance email 1 weeks prior to the program start date, and charged the program cost. this will give families the opportunity to accept or decline at that time and high school team placement should be completed.\nProgram Dates\n:\nSpring 2025 (Girls) - The program will run 8 weeks, starting the week of February 18th and concluding the week of April 14th.\nSouth Girls Spring 2025\nDay\nTime\nLocation\nWednesdays\n7:45-9:15 PM\nThomas Brooks\nFridays\n5:00-6:30 PM\nWake Competition Center\nNorth Girls Spring 2025\nDay\nTime\nLocation\nTuesdays\n4:45-6:15 PM\nWRAL Soccer Park\nFridays\n4:45-6:15 PM\nWRAL Soccer Park\n﻿\nCompetitive Events\n2-3 Competitive Events (Scrimmages and Small-sided games) will be scheduled (Typically on Sundays) allowing players to compete and utilize their development from training. Dates, Times and locations: TBD\nCoaching Staff For OSD 2024 Fall Program:\nNorth Region:\nCory Elenio (Lead)\nSouth Region:\nStefan Oakes (Lead)\nCory Elenio\nOSD Director\nCory.Elenio@NCFCYouth.com→\n¿PREGUNTAS?\nComuníquese con el administrador de Español, Ramon Gallardo o Giovanni Solis\nADDRESS\n3150 Spring Forest Road, Suite 116\nRaleigh, NC 27616\nOFFICE HOURS\nMonday 11 AM–4 PM\nTuesday 11 AM–4PM\nWednesday 11 AM–4 PM\nThursday 11 AM-4 PM\nFriday 9 AM-2 PM\nCONNECT\n919-834-3951\ninfo@NCFCYouth.com\n﻿\nCareers\nBack To Top Button\nBack to Top\nBack to Top Button\nBack to Top\nShare by:",
    "http://ncfcyouth.com/juniors-development-program": "North Carolina FC Youth\nHome\nNew to the Club?\nRecreation\nCompetitive\nAcademy\nGirls Academy\nBoys Academy\nHomestay Program\nECNL\nGirls ECNL National\nBoys ECNL National\nGirls ECNL Regional\nBoys ECNL Regional\nClassic\nJuniors\nChallenge\nOther Programs\nAdv Player Development Program\nGoalkeeping\nPlayer Development Program\nCamps\nIn-Season Camps\nTOPSoccer\nOff Season Development\nDPAL\nJuniors Development Program\nAthletic Training\nTournaments\nShowcase Series\nColumbus Day\nOak City Friendlies\nRec Cup\n3v3s\n4v4 Kick 4 A Cause\nOutside Event Hosting\nFacilities\nField Locations\nWRAL Soccer Park\nWeather Policy\nPark Rules\nAthletic Trainers\nClub\nMission\nHistory\nStaff/Board\nPolicies\nAbuse Prevention\nHome\nEmployment Opportunities\n50th Anniversary\nClub Sponsors\nMore\nDonate\nReferees\nWomen's Coaching Collective\nEvents\nFinancial Aid\nCoach of the Season\nShield Award\nSenior Spotlight\nYouth To Pro\nGet in touch\n555-555-5555\nmymail@mailservice.com\nEnglish\nen\nEspañol\nes\nEnglish\nen\nEspañol\nes\nHOME OF THE 2024 USYS U18 GIRLS NATIONAL CHAMPIONS & USL W LEAGUE CHAMPIONS\nNorth\nCarolina\nFC\nYouth\nSpring Recreation\nLogin to PlayMetrics\nCreate an Account\nNew to the Club?\nRecreation\nRecreation\nKickstarters\nCompetitive\nChallenge\nJuniors\nClassic\nNPL\nECNL\nAcademy\nOther Programs\nGoalkeeping\nSupplemental Programs\nAll Supplemental Programs\nJuniors Development Program\nPlayer Development Program\nAdv Player Development Program\nGoalkeeping Player Development Program\nGoalkeeping Adv. Player Development Program\nCamps\nOff Season Development\nTOPSoccer\nLa Liga\nDPAL\nTournaments\nAll Tournament Info\nGirls Junior Showcase\nBoys Junior Showcase\nGirls College Showcase\nGirls College Combine\nBoys College Showcase\nBoys College Combine\nCapital City Classic\nCity of Oaks Classic\n3v3s\nRec Cup\n4v4 Kick 4 A Cause\nFacilities\nField Locations\nWRAL Soccer Park\nPark Rules\nAthletic Trainers\nClub\nMission\nHistory\nStaff/Board\n2024-25 Coach & Team List\nClub Sponsors\n50th Anniversary\nPolicies\nAbuse Prevention\nCollege  Recruiting\nEmployment Opportunities\nMore\nDonate\nHome\nEvents\nAthletic Training\nReferees\nNCFC/NC Courage\nShield Award\nSoccer Parenting Association\nWomen's Coaching Collective\nYouth To Pro\nSoccer in the Community\nTournament Photos\nCoach of the Season\nJUNIORS DEVELOPMENT PROGRAM\nAbout the Program\nOur Juniors Development Program (JDP) is a supplemental training option for U7(2018) - U8(2017) players. JDP is staffed by Juniors directors and coaches who will provide age appropriate instruction with a strong emphasis on technical development. JDP will help bridge the gap between recreational soccer and competitive soccer, and grow each player’s love for the game. Participants are encouraged to play recreational soccer and participate in JDP to fulfill their desire to train and play more.\nEligible Players\nPlayers must satisfy both requirements in order to register for JDP:\n1. Born in 2017 or 2018\n2. Not currently registered with another NCYSA club*\n*Click here to see list of NCYSA member clubs in our area\nhttp://www.ncsoccer.org/member\ns\nRegister for JDP\nJDP Sponsors\nButton\nImportant Dates\n2024-25 Season\nDate\nDescription\nAugust 21\nFall registration deadline\nSeptember 4\nFall training begins\nTBD\nFestival #1\nOctober 23\nLast day of Fall training\nTBD\nFestival #2\nFebruary 19\nSpring training begins\nTBD\nFestival #1\nTBD\nFestival #2\nApril 16\nLast day of Spring training\nFestivals\nWe hold 2 small sided festivals each season for all JDP players at WakeMed Soccer Park. The festivals take place 2 hours prior to a NC Courage or NCFC league game. Each player will be able to purchase discounted tickets for the game following the festival.\nTrainings & Fields\nJDP runs in both the Fall and Spring in the following regions: North, South, Durham/Chapel Hill (DCH), Holly Springs/Fuquay Varina (HSFV), Chatham County, Wendell, and Rolesville. All sessions take place on Wednesday evenings during the season and runs for 75 minutes, with the exception of Rolesville, where sessions take place on Sundays.\nRegion\nField\nTime\nNorth\nWRAL Soccer Park\n5:00 - 6:15pm\nSouth\nCedar Fork Park\n5:15 - 6:30pm\nDCH\nTriangle Day School\n5:30 - 6:45pm\nHSFV\nMiddle Creek Park\n5:30 - 6:45pm\nChatham County\nMargarett B. Pollard MS\n5:30 - 6:45pm\nWake Forest\nWake Preparatory Academy\nTBD\nRolesville\nSanford Creek Elementary\n3:30 - 4:45pm (Sunday)\nCost\nSeason\nClub Fees\nSingle Season (Fall or Spring)\n$200\nBoth Seasons (Fall and Spring)\n$350\nUniforms\nAll JDP Players are required to wear the JDP training t-shirt sold through soccer.com. More information on ordering will be announced soon!\nContact Us\nEtienne Boulanger\nJ\nDP Director\nEtienne.Boulanger@NCFCYouth.com\nADDRESS\n3150 Spring Forest Road, Suite 116\nRaleigh, NC 27616\nOFFICE HOURS\nMonday 11 AM–4 PM\nTuesday 11 AM–4PM\nWednesday 11 AM–4 PM\nThursday 11 AM-4 PM\nFriday 9 AM-2 PM\nCONNECT\n919-834-3951\ninfo@NCFCYouth.com\n﻿\nCareers\nBack To Top Button\nBack to Top\nBack to Top Button\nBack to Top\nShare by:",
    "http://ncfcyouth.com/field-locations": "North Carolina FC Youth\nHome\nNew to the Club?\nRecreation\nCompetitive\nAcademy\nGirls Academy\nBoys Academy\nHomestay Program\nECNL\nGirls ECNL National\nBoys ECNL National\nGirls ECNL Regional\nBoys ECNL Regional\nClassic\nJuniors\nChallenge\nOther Programs\nAdv Player Development Program\nGoalkeeping\nPlayer Development Program\nCamps\nIn-Season Camps\nTOPSoccer\nOff Season Development\nDPAL\nJuniors Development Program\nAthletic Training\nTournaments\nShowcase Series\nColumbus Day\nOak City Friendlies\nRec Cup\n3v3s\n4v4 Kick 4 A Cause\nOutside Event Hosting\nFacilities\nField Locations\nWRAL Soccer Park\nWeather Policy\nPark Rules\nAthletic Trainers\nClub\nMission\nHistory\nStaff/Board\nPolicies\nAbuse Prevention\nHome\nEmployment Opportunities\n50th Anniversary\nClub Sponsors\nMore\nDonate\nReferees\nWomen's Coaching Collective\nEvents\nFinancial Aid\nCoach of the Season\nShield Award\nSenior Spotlight\nYouth To Pro\nGet in touch\n555-555-5555\nmymail@mailservice.com\nEnglish\nen\nEspañol\nes\nEnglish\nen\nEspañol\nes\nHOME OF THE 2024 USYS U18 GIRLS NATIONAL CHAMPIONS & USL W LEAGUE CHAMPIONS\nNorth\nCarolina\nFC\nYouth\nSpring Recreation\nLogin to PlayMetrics\nCreate an Account\nNew to the Club?\nRecreation\nRecreation\nKickstarters\nCompetitive\nChallenge\nJuniors\nClassic\nNPL\nECNL\nAcademy\nOther Programs\nGoalkeeping\nSupplemental Programs\nAll Supplemental Programs\nJuniors Development Program\nPlayer Development Program\nAdv Player Development Program\nGoalkeeping Player Development Program\nGoalkeeping Adv. Player Development Program\nCamps\nOff Season Development\nTOPSoccer\nLa Liga\nDPAL\nTournaments\nAll Tournament Info\nGirls Junior Showcase\nBoys Junior Showcase\nGirls College Showcase\nGirls College Combine\nBoys College Showcase\nBoys College Combine\nCapital City Classic\nCity of Oaks Classic\n3v3s\nRec Cup\n4v4 Kick 4 A Cause\nFacilities\nField Locations\nWRAL Soccer Park\nPark Rules\nAthletic Trainers\nClub\nMission\nHistory\nStaff/Board\n2024-25 Coach & Team List\nClub Sponsors\n50th Anniversary\nPolicies\nAbuse Prevention\nCollege  Recruiting\nEmployment Opportunities\nMore\nDonate\nHome\nEvents\nAthletic Training\nReferees\nNCFC/NC Courage\nShield Award\nSoccer Parenting Association\nWomen's Coaching Collective\nYouth To Pro\nSoccer in the Community\nTournament Photos\nCoach of the Season\nFIELD LOCATIONS\nField\nStatus\nWRAL Soccer Park\nWRAL Soccer Park\nKnightdale\nWake Stone Athletic Park\nCity of Raleigh Fields\nAbbotts Creek\nEastgate Park\nFred Fletcher Park\nHalifax Park\nKiwanis 2\nLaurel Hills Community Park\nMethod Road Community Park\nRaleigh - Other Fields\nBrier Creek Elementary\nCarroll Middle School\nHilburn Academy\nLeesville Road Middle School\nLynn Road Elementary School\nMontesorri School of Raleigh - Brier Creek\nMontessori School of Raleigh - Lead Mine\nNorth Raleigh Christian Academy\nOberlin Middle School\nTabernacle Baptist\nCary/Apex/Morrisville\nAlston Ridge Elementary School\nApex Middle School\nCarpenter Elementary School\nCedar Fork District Park\nDavis Drive Park\nDavis Drive Middle School\nHunter Street Park\nLaurel Park Elementary School\nMiddle Creek Park (turf)\nMills Park Middle School (turf)\nMorrisville Elementary School\nNorth Cary Park\nPleasant Park (turf)\nPrestonwood Soccer Complex\nReedy Creek Middle School\nSalem Middle School\nSeymour Athletic Fields (turf)\nSouthside Soccer Fields\nThomas Brooks Park (turf)\nWake Competition Center (turf)\nDurham/Chapel Hill\nCedar Falls Park (turf)\nDurham Academy\nDurham County Stadium\nDurham Nativity School (turf)\nEno Valley Elementary School\nEmerson Waldorf School\nForest View Elementary School\nHerndon Park (turf)\nHillandale Elementary School\nHomestead Park (turf)\nLittle River Elementary School\nMerrick-Moore Park\nPiney Wood Park\nSnowhill Park\nSouthern Community Park\nTriangle Day School\nGarner\nCentennial Park\nSouth Garner Park\nWake Forest\nEndeavor Charter School\nHeritage High School\nRichland Creek Elementary\nSmith Creek Park\nWakefield Middle School\nWake Preparatory Academy\nHolly Springs/Fuquay Varina\nJones Park\nLufkin Road MS\nMiddle Creek Park (turf)\nOakview Elementary\nChatham County\nEarl Thomspon\nHorton Middle School\nMargaret B Pollard Middle School\nNortheast District Park\nThe Park at Briar Chapel\nPerry Harrison Elementary School\nWoods Charter School\nPittsboro\nSeaforth High School\nNCFC Youth Field Map\nAll Locations\nLIST\nMAP\nAlston Ridge Elementary\n11555 Green Level Church Rd, Cary, NC, United States\nBrier Creek Elementary School\n9801 Brier Creek Pkwy, Raleigh, North Carolina, United States\nCarpenter Elementary School\n2100 Morrisville Pkwy, Cary, NC, United States\nCarroll Middle School\n4520 Six Forks Rd, Raleigh, NC, United States\nCedar Falls Park\n501 Weaver Dairy Rd, Chapel Hill, NC, United States\nCentennial Park\n1015 New Bethel Church Rd, Garner, NC, United States\nDavis Drive Park\n1610 Davis Dr, Apex, NC, United States\nDurham Academy\n3601 Ridge Rd, North Garrett Road, Durham, 27705, Durham, NC, United States\nEastgate Park\n4200 Quail Hollow Dr, Raleigh, NC, United States\nEno Valley Elementary School\n117 Milton Rd, Durham, Durham, NC, United States\nKiwanis 1\n2525 Noble Rd, Raleigh, NC 27608, United States of America\nHalifax Park\n1023 Halifax St, Raleigh, NC, United States\nHeritage High School\n1150 Forestville Rd, Wake Forest, NC, United States\nHerndon Park\n511 Scott King Rd, Durham, NC, United States\nHillandale Elementary School\n2730 Hillandale Rd, Durham, NC, United States\nHolly Ridge Middle School\n950 Holly Springs Rd, Holly Springs, NC, United States\nHomestead Park\n100 Northern Park Dr, Chapel Hill, NC, United States\nHorton Middle School\n79 Horton St, Pittsboro, NC, United States\nLaurel Park Elementary School\n2450 Laura Duncan Rd, Apex, NC, United States\nLeesville Road Middle School\n8406 Pride Way, Raleigh, NC, United States\nLynn Road Elementary\n1601 Lynn Rd, Raleigh, NC, United States\nLufkin Road MS\n1002 Lufkin Rd, Apex, NC 27539, United States of America\nMargaret B Pollard Middle School\n185 Granite Mill Blvd, Chapel Hill, NC, United States\nMethod Community Park\n514 Method Rd, Southwest Raleigh, Raleigh, NC, United States\nMiddle Creek Park\n151 Middle Creek Park Ave, Apex, NC, United States\nMills Park Middle School\n441 Mills Park Dr, Cary, NC, United States\nMorrisville Elementary School\n1519 Morrisville Pkwy, Morrisville, NC, United States\nNorth Cary Park\n1100 Norwell Blvd, Cary, NC, United States\nNortheast District Park\n5408 Big Woods Rd, Chapel Hill, NC, United States\nOld Chapel Hill Road Park\n3751 SW Durham Dr, Durham, NC, 27707, United States\nPark at Briar Chapel\n1015 Andrews Store Rd, Pittsboro, NC, 27312, United States\nPrestonwood Soccer Complex\n1200 High House Rd, Cary, NC, United States\nReedy Creek Elementary School\n940 Reedy Creek Rd, Cary, North Carolina, United States\nRichland Creek Elementary\n840 Wallridge Dr, Wake Forest, NC 27587, United States of America\nSeymour Athletic Fields\n2500 Evans Rd, Apex, NC, United States\nSmith Creek Park\n690 Heritage Lake Rd, Wake Forest, NC, United States\nSouth Garner Park\n1210 Poole Dr, Garner, NC, United States\nSouthside Soccer Fields\n2513 Old US 1 Hwy, Apex, NC, US\nTabernacle Baptist Church\n8304 Leesville Rd, Raleigh, NC, United States\nThomas Brooks Park\n9008 Green Level Church Rd, Cary, NC, United States\nTriangle Day School\n4911 Neal Rd, Durham, Durham, NC, United States\nTriangle Town Center\n5959 Triangle Town Blvd, Raleigh, NC, United States\nVoyager Academy\n101 Hock Parc, Durham, NC, United States\nWake Competition Center\n103 Nova Dr, Morrisville, NC, United States\nWake Stone Athletic Park\n1209 Old Crews Rd, Knightdale, NC, United States\nWildwood Forest Elementary\n8401 Wild Wood Forest Dr, Raleigh, NC, United States\nWoods Charter School\n160 Woodland Grove Ln, Chapel Hill, NC, United States\nWRAL Soccer Park\n7700 Perry Creek Rd, Raleigh, NC, United States\nWakefield Middle School\n2300 Wakefield Pines Dr, Raleigh, NC 27614, United States of America\nSeaforth High School\n444 Seaforth Rd, Pittsboro, NC 27312, United States of America\nFred Fletcher Park\nFred Fletcher Park, 802 Clay St Raleigh, NC 27605 USA\nEndeavor Charter School\nEndeavor Charter School, 4879 One World Way Wake Forest, NC 27587 USA\nCall Us\nGo to location page\nSee all locations\nADDRESS\n3150 Spring Forest Road, Suite 116\nRaleigh, NC 27616\nOFFICE HOURS\nMonday 11 AM–4 PM\nTuesday 11 AM–4PM\nWednesday 11 AM–4 PM\nThursday 11 AM-4 PM\nFriday 9 AM-2 PM\nCONNECT\n919-834-3951\ninfo@NCFCYouth.com\n﻿\nCareers\nBack To Top Button\nBack to Top\nBack to Top Button\nBack to Top\nShare by:",
    "http://ncfcyouth.com/mission": "North Carolina FC Youth\nHome\nNew to the Club?\nRecreation\nCompetitive\nAcademy\nGirls Academy\nBoys Academy\nHomestay Program\nECNL\nGirls ECNL National\nBoys ECNL National\nGirls ECNL Regional\nBoys ECNL Regional\nClassic\nJuniors\nChallenge\nOther Programs\nAdv Player Development Program\nGoalkeeping\nPlayer Development Program\nCamps\nIn-Season Camps\nTOPSoccer\nOff Season Development\nDPAL\nJuniors Development Program\nAthletic Training\nTournaments\nShowcase Series\nColumbus Day\nOak City Friendlies\nRec Cup\n3v3s\n4v4 Kick 4 A Cause\nOutside Event Hosting\nFacilities\nField Locations\nWRAL Soccer Park\nWeather Policy\nPark Rules\nAthletic Trainers\nClub\nMission\nHistory\nStaff/Board\nPolicies\nAbuse Prevention\nHome\nEmployment Opportunities\n50th Anniversary\nClub Sponsors\nMore\nDonate\nReferees\nWomen's Coaching Collective\nEvents\nFinancial Aid\nCoach of the Season\nShield Award\nSenior Spotlight\nYouth To Pro\nGet in touch\n555-555-5555\nmymail@mailservice.com\nEnglish\nen\nEspañol\nes\nEnglish\nen\nEspañol\nes\nHOME OF THE 2024 USYS U18 GIRLS NATIONAL CHAMPIONS & USL W LEAGUE CHAMPIONS\nNorth\nCarolina\nFC\nYouth\nSpring Recreation\nLogin to PlayMetrics\nCreate an Account\nNew to the Club?\nRecreation\nRecreation\nKickstarters\nCompetitive\nChallenge\nJuniors\nClassic\nNPL\nECNL\nAcademy\nOther Programs\nGoalkeeping\nSupplemental Programs\nAll Supplemental Programs\nJuniors Development Program\nPlayer Development Program\nAdv Player Development Program\nGoalkeeping Player Development Program\nGoalkeeping Adv. Player Development Program\nCamps\nOff Season Development\nTOPSoccer\nLa Liga\nDPAL\nTournaments\nAll Tournament Info\nGirls Junior Showcase\nBoys Junior Showcase\nGirls College Showcase\nGirls College Combine\nBoys College Showcase\nBoys College Combine\nCapital City Classic\nCity of Oaks Classic\n3v3s\nRec Cup\n4v4 Kick 4 A Cause\nFacilities\nField Locations\nWRAL Soccer Park\nPark Rules\nAthletic Trainers\nClub\nMission\nHistory\nStaff/Board\n2024-25 Coach & Team List\nClub Sponsors\n50th Anniversary\nPolicies\nAbuse Prevention\nCollege  Recruiting\nEmployment Opportunities\nMore\nDonate\nHome\nEvents\nAthletic Training\nReferees\nNCFC/NC Courage\nShield Award\nSoccer Parenting Association\nWomen's Coaching Collective\nYouth To Pro\nSoccer in the Community\nTournament Photos\nCoach of the Season\nMISSION\nThe mission of NCFC Youth is to provide positive, high quality soccer opportunities at all levels of play for youth and their families and to serve as a valuable community partner.\nOur Core Values\nHave Fun\nShare and promote a love and enthusiasm for the game to keep soccer enjoyable at every level of play.\nCommit to Excellence\nDeliver what we promise, set high standards, and achieve goals through an unparalleled work ethic.\nCultivate Community\nBuild strong relationships that value trust, respect, honesty, diversity, and community engagement.\nEncourage Innovation\nEmbrace a culture of creativity, forward thinking, and personal growth on and off the field.\nDemonstrate Passion\nRepresent the club, your team, and our community with pride in all you do.\nDiversity, Equity, & Inclusion\nNCFC Youth is committed to be the leading youth soccer club in the country, developing players and coaches across every level of play. We do this by striving to achieve our mission and demonstrating our core values in all that we do. We support these efforts by building a future of innovation, investment, and influence in mind. Through our words, action and culture, NCFC Youth will model the way for youth soccer clubs to become more diverse, equitable, and inclusive for everyone in the sport. As part of our DEI journey, we completed a cultural assessment of our organization with the help of a consulting group and have created a DEI action plan to support our employees, coaches, players, parents, and referees in 2023 and beyond.\nNCFC Youth's Code of Conduct is one of many ways we aim to set a standard for the culture we want for NCFC Youth.\nCode of Conduct\nThe safety, welfare and well-being of our youth players are the primary concern and responsibility of North Carolina FC Youth.\nAll members, employees, volunteers, and contractors acting as a representative of or on behalf of NCFCY, in the course of doing business with NCFCY, or attending a NCFCY event will adhere to the following:\nAll children will be equally treated with respect regardless of sex, race, religion, and culture.\nChildren will not be touched in ways that make them feel uncomfortable, and their right to say no will be respected.\nAt no time during a NCFCY game, practice or other NCFCY event will any employee, volunteer, or contractor be alone with a single child where they cannot be observed by others.\nChildren will not be left unsupervised\nChildren will not be dropped off and left at any field before that child is under adult supervision.\nCoaches/team personnel will not leave any child unsupervised until the child is picked up.\nAny type of abuse will not be tolerated and may be cause for immediate dismissal. No player will ever be subjected to:\nPhysical abuse - including but not limited to: striking, spanking, shaking, slapping.\nVerbal abuse - including but not limited to: humiliation, degrading comments, threats.\nSexual abuse - including but not limited to: inappropriate sexual touching or exposure or conduct which created a sexually hostile environment.\nMental abuse - including but not limited to: shaming, cruelty, or neglect such as withholding food, water, basic care, etc.\nUse of positive techniques of guidance is encouraged, including redirection, positive reinforement and encouragement rather than\ncomparison and criticism. Staff, volunteer coaches, and team officials will have age appropraite expectations and set up guidelines and environments that minimize the need for discipline.\nPhysical restraint will be used only when necessary to protect the child or other children from harm. When physical restraint is administered, the situation must be immediately documented in writing to the NCFCY CEO.\nThe use, possession, or being under the incluence of alcohol or illegal drugs immediately before and during NCFCY events involving NCFCY players is prohibited. Employees, volunteers, and contractors may be subject to drug screening.\nIntimate displays of affection will be refrained from.\nSmoking or the use of tobacco is prohibited.\nThe use of profanity in the presence of NCFCY players is prohibited.\nInappropriate jokes and sharing intimate details of one's personal life are prohibited.\nSocial Networking between adults and individual NCFCY Players is discouraged. Electronic and phone communications with NCFCY players should be limited to soccer specific topics.\nADDRESS\n3150 Spring Forest Road, Suite 116\nRaleigh, NC 27616\nOFFICE HOURS\nMonday 11 AM–4 PM\nTuesday 11 AM–4PM\nWednesday 11 AM–4 PM\nThursday 11 AM-4 PM\nFriday 9 AM-2 PM\nCONNECT\n919-834-3951\ninfo@NCFCYouth.com\n﻿\nCareers\nBack To Top Button\nBack to Top\nBack to Top Button\nBack to Top\nShare by:",
    "http://ncfcyouth.com/staff/board": "North Carolina FC Youth\nHome\nNew to the Club?\nRecreation\nCompetitive\nAcademy\nGirls Academy\nBoys Academy\nHomestay Program\nECNL\nGirls ECNL National\nBoys ECNL National\nGirls ECNL Regional\nBoys ECNL Regional\nClassic\nJuniors\nChallenge\nOther Programs\nAdv Player Development Program\nGoalkeeping\nPlayer Development Program\nCamps\nIn-Season Camps\nTOPSoccer\nOff Season Development\nDPAL\nJuniors Development Program\nAthletic Training\nTournaments\nShowcase Series\nColumbus Day\nOak City Friendlies\nRec Cup\n3v3s\n4v4 Kick 4 A Cause\nOutside Event Hosting\nFacilities\nField Locations\nWRAL Soccer Park\nWeather Policy\nPark Rules\nAthletic Trainers\nClub\nMission\nHistory\nStaff/Board\nPolicies\nAbuse Prevention\nHome\nEmployment Opportunities\n50th Anniversary\nClub Sponsors\nMore\nDonate\nReferees\nWomen's Coaching Collective\nEvents\nFinancial Aid\nCoach of the Season\nShield Award\nSenior Spotlight\nYouth To Pro\nGet in touch\n555-555-5555\nmymail@mailservice.com\nEnglish\nen\nEspañol\nes\nEnglish\nen\nEspañol\nes\nHOME OF THE 2024 USYS U18 GIRLS NATIONAL CHAMPIONS & USL W LEAGUE CHAMPIONS\nNorth\nCarolina\nFC\nYouth\nSpring Recreation\nLogin to PlayMetrics\nCreate an Account\nNew to the Club?\nRecreation\nRecreation\nKickstarters\nCompetitive\nChallenge\nJuniors\nClassic\nNPL\nECNL\nAcademy\nOther Programs\nGoalkeeping\nSupplemental Programs\nAll Supplemental Programs\nJuniors Development Program\nPlayer Development Program\nAdv Player Development Program\nGoalkeeping Player Development Program\nGoalkeeping Adv. Player Development Program\nCamps\nOff Season Development\nTOPSoccer\nLa Liga\nDPAL\nTournaments\nAll Tournament Info\nGirls Junior Showcase\nBoys Junior Showcase\nGirls College Showcase\nGirls College Combine\nBoys College Showcase\nBoys College Combine\nCapital City Classic\nCity of Oaks Classic\n3v3s\nRec Cup\n4v4 Kick 4 A Cause\nFacilities\nField Locations\nWRAL Soccer Park\nPark Rules\nAthletic Trainers\nClub\nMission\nHistory\nStaff/Board\n2024-25 Coach & Team List\nClub Sponsors\n50th Anniversary\nPolicies\nAbuse Prevention\nCollege  Recruiting\nEmployment Opportunities\nMore\nDonate\nHome\nEvents\nAthletic Training\nReferees\nNCFC/NC Courage\nShield Award\nSoccer Parenting Association\nWomen's Coaching Collective\nYouth To Pro\nSoccer in the Community\nTournament Photos\nCoach of the Season\nSTAFF/BOARD\nStaff Directory\nCEO & Director of Soccer\nName\nTitle\nPhone\nEmail\nGary Buete\nChief Executive Officer\n(919) 834-9899\nGary.Buete@NCFCYouth.com\nPaul Forster\nDirector of Soccer\n(919) 532-2021\nPaul.Forster@NCFCYouth.com\nFinance\nName\nTitle\nPhone\nEmail\nLiane Barber\nChief Finance Officer\n(919) 532-2024\nLiane.Barber@NCFCYouth.com\nTameka Williams\nSenior Accountant\n(919) 834-3951 ext. 504\nTameka.Williams@NCFCYouth.com\nKate Friedrick\nController\n(919) 834-3951 ext. 135\nKate.Friedrick@NCFCYouth.com\nDevelopment & Marketing\nName\nTitle\nPhone\nEmail\nKatharine Eberhardt\nChief Marketing & Development Officer\n(919) 341-4553\nKatharine.Eberhardt@NCFCYouth.com\nMarlow Campbell\nClub Partnerships and Development\n(919) 834-3951 ext. 155\nMarlow.Campbell@NCFCYouth.com\nGeorgia Kelley\nMarketing and Digital Strategy Manager\n(919) 834-3951 ext. 131\nGeorgia.Kelley@NFCYouth.com\nShelby Lombardo\nSocial Media and Marketing Coordinator\n(919) 834-3951 ext. 144\nShelby.Lombardo@NCFCYouth.com\nAdministration\nName\nTitle\nPhone\nEmail\nBryan Bachelder\nDirector of Administration\n(908) 894-9220\nBryan.Bachelder@NCFCYouth.com\nStephanie Walker\nFields Manager\n(919) 834-3951 ext. 158\nStephanie.Walker@NCFCYouth.com\nAndy Truex\nScheduling Manager\n(919) 834-3951 ext. 208\nAndy.Truex@NCFCYouth.com\nSally Pinon\nHead Registrar\n(919) 834-3951 ext. 100\nSally.Pinon@NCFCYouth.com\nMaribel Rojas\nOffice Administrator/Registrar\n(919) 834-3951 ext. 100\nMaribel.Rojas@NCFCYouth.com\nFran Ange\nOffice Administrator\n(919) 834-3951 ext. 126\nFran.Ange@NCFCYouth.com\nBrian Miller\nDirector of Referees\n(919) 834-3951 ext. 159\nBrian.Miller@NCFCYouth.com\nJude Carr\nAssistant Referee Assignor\nJude.Carr@NCFCYouth.com\nJason Bailey\nHead Athletic Trainer\n(919) 834-3951 ext. 148\nATC@NCFCYouth.com\nKieron Williams\nEvents and Admin Coordinator\n(919) 834-3951 ext. 521\nKieron.Williams@NCFCYouth.com\nRecreation\nName\nTitle\nPhone\nEmail\nAndrew Tait\nRecreation Director\n(919) 532-2018\nAndrew.Tait@NCFCYouth.com\nNick Kinney\nRecreation Administrator\nNick.Kinney@NCFCYouth.com\nDanielle Acree\nRecreation Administrator\n(919) 834-3951 ext. 123\nDanielle.Acree@NCFCYouth.com\nSara Solvesky\nRecreation Administrator\nSara.Solvesky@NCFCYouth.com\nGlendon Young\nRecreation Administrator\n(919) 834-3951 ext. 523\nGlendon.Young@NCFCYouth.com\nDanny Carlyon\nRecreation Administrator\n(919) 834-3951 ext. 210\nDanny.Carlyon@NCFCYouth.com\nDaniel Ebert\nRecreation Administrator\nDaniel.Ebert@NCFCYouth.com\nSimon Burke\nDiscovery Phase Program Director\nSimon.Burke@NCFCYouth.com\nChallenge\nName\nTitle\nPhone\nEmail\nJamie Corti\nDirector of Challenge\n(919) 341-4569\nJamie.Corti@NCFCYouth.com\nPatty Scharville\nAssistant Challenge Director & U9-U12 Challenge Administrator\n(919) 532-2026\nPatty.Scharville@NCFCYouth.com\nChristine Rocchio\nAssistant Challenge Director\n(919) 834-3951 ext. 520\nChristine.Rocchio@NCFCYouth.com\nSusan Conroy\nAssistant Challenge Administrator\nSusan.Conroy@NCFCYouth.com\nJuniors\nName\nTitle\nPhone\nEmail\nEtienne Boulanger\nJuniors Director\n(919) 834-3951 ext. 141\nEtienne.Boulanger@NCFCYouth.com\nDoug Prewett\nJuniors South Director\nDoug.Prewett@NCFCYouth.com\nClassic\nName\nTitle\nPhone\nEmail\nBobby Johnston\nClassic Director\n(919) 834-3951 ext. 140\nBobby.Johnston@NCFCYouth.com\nAnton McCafferty\nNorth U11-U12 Boys Director\nAnton.McCafferty@NCFCYouth.com\nDavid Medina\nNorth U11-U12 Girls Director\nDavid.Medina@NCFCYouth.com\nBrett Malone\nNorth U13-U19 Boys Director\n(919) 834-3951 ext. 138\nBrett.Malone@NCFCYouth.com\nPete Sadin\nNorth U13-U19 Girls Director\n(919) 834-3951 ext. 137\nPete.Sadin@NCFCYouth.com\nAnton McCafferty\nSouth U11-U12 Boys Director\nAnton.McCafferty@NCFCYouth.com\nDavid Medina\nSouth U11-U12 Girls Director\nDavid.Medina@NCFCYouth.com\nJason \"Buddha\" Keyes\nSouth U13-U19 Boys Director\n(919) 834-3951 ext. 134\nBuddha@NCFCYouth.com\nJason \"Buddha\" Keyes\nSouth U13-U19 Girls Director\nBuddha@NCFCYouth.com\nGerry O'Donnell\nDurham/Chapel Hill Director Boys\n(919) 834-3951 ext. 142\nGerry.O'Donnell@NCFCYouth.com\nHannah Sink\nDurham/Chapel Hill Director Girls\nHannah.Sink@NCFCYouth.com\nMarty Wesley\nDurham/Chapel Hill Coordinator\n(919) 834-3951 ext. 143\nMarty.Wesley@NCFCYouth.com\nRaphael Galliou\nHolly Springs/Fuquay Varina Director\nRaphael.Galliou@NCFCYouth.com\nLex Alvord\nChatham County Coordinator\n(919) 548-3725\nLex.Alvord@NCFCYouth.com\nJim Wright\nClassic Operations Director\n(919) 834-3951 ext. 199\nJim.Wright@NCFCYouth.com\nECNL\nName\nTitle\nPhone\nEmail\nDerek Leader\nGirls ECNL National Director\n(404) 831-3029\nDerek.Leader@NCFCYouth.com\nRich Flaim\nBoys ECNL National Director\n(919) 834-3951 ext. 136\nRich.Flaim@NCFCYouth.com\nJason \"Buddha\" Keyes\nGirls ECNL National Staff Coach\n(919) 834-3951 ext. 134\nBuddha@NCFCYouth.com\nKendall Fletcher\nGirls ECNL National Staff Coach\nKendall.Fletcher@NCFCYouth.com\nDaniel Sellitti\nBoys ECNL National Staff Coach\n(919) 834-3951 ext. 136\nDaniel.Sellitti@NCFCyouth.com\nPete Sadin\nGirls ECNL Regional Director\n(919) 696-2026\nPete.Sadin@NCFCYouth.com\nRich Flaim\nBoys ECNL Regional Director\n(919) 834-3951 ext. 136\nRich.Flaim@NCFCYouth.com\nAcademy\nName\nTitle\nPhone\nEmail\nDaniel Sellitti\nNCFC Academy Director\n(919) 834-3951 ext. 165\nDaniel.Sellitti@NCFCYouth.com\nDavid Maddren\nNC Courage Academy Director\n(919) 834-3951 ext. 139\nDavid.Maddren@NCFCYouth.com\nGoalkeeping\nName\nTitle\nPhone\nEmail\nStephen Palmer\nDirector of Goalkeeping\nStephen.Palmer@NCFCYouth.com\nDaniel Treus\nAssistant Director of Goalkeeping\nDaniel.Treus@NCFCYouth.com\nDiego Amaro\nAssistant Director of Goalkeeping\nDiego.Amaro@NCFCYouth.com\nOperations\nName\nTitle\nPhone\nEmail\nBob Harris\nDirector of Operations\n(919) 834-3951 ext. 110\nBob.Harris@NCFCYouth.com\nJeremiah Off\nAthletic Field Superintendent\n(319) 654-2996\nJeremiah.Off@NCFCYouth.com\nWRAL Park Rangers\n(919) 760-5849\nTournaments, Camps, & Supplemental Training\nName\nTitle\nPhone\nEmail\nRyan Holbrook\nTournament Director and Facility Events\n(919) 834-3951 ext. 522\nRyan.Holbrook@NCFCYouth.com\nNicole Turner\nDirector of Supplemental Programs\n(919) 834-3951 ext. 524\nNicole.Turner@NCFCYouth.com\nKieron Williams\nEvents and Admin Coordinator\n(919) 834-3951 ext. 521\nKieron.Williams@NCFCYouth.com\nBoard of Directors\nName\nPosition\nJohn Dalpe\nChair\nJimmy Kitson\nVice Chair\nNick Cerullo\nSecretary\nBrian Reid\nTreasurer\nMark Francher\nHuman Resources Director\nEvan Horwitz\nBoard Counsel\nMark Wood\nMedical Director\nOPEN\nMergers & Alliances Director\nRoberto Canales\nEastern Wake County Area Director\nEric Conroy\nNorthern Wake County Area Director\nRick Woods\nDurham and Orange County Area Director\nJohn-Mark Bolton\nWestern Wake County Area Director\nElaine Moyer\nRaleigh Area Director\nFrancie Gottsegen\nNCFC Representative\nCurt Johnson\nNCFC Representative\nOPEN\nPlaying Division Director\nKaren Pleasants\nAt Large\nAna Spitzley\nAt Large\nADDRESS\n3150 Spring Forest Road, Suite 116\nRaleigh, NC 27616\nOFFICE HOURS\nMonday 11 AM–4 PM\nTuesday 11 AM–4PM\nWednesday 11 AM–4 PM\nThursday 11 AM-4 PM\nFriday 9 AM-2 PM\nCONNECT\n919-834-3951\ninfo@NCFCYouth.com\n﻿\nCareers\nBack To Top Button\nBack to Top\nBack to Top Button\nBack to Top\nShare by:",
    "http://ncfcyouth.com/staff/policies": "North Carolina FC Youth\nHome\nNew to the Club?\nRecreation\nCompetitive\nAcademy\nGirls Academy\nBoys Academy\nHomestay Program\nECNL\nGirls ECNL National\nBoys ECNL National\nGirls ECNL Regional\nBoys ECNL Regional\nClassic\nJuniors\nChallenge\nOther Programs\nAdv Player Development Program\nGoalkeeping\nPlayer Development Program\nCamps\nIn-Season Camps\nTOPSoccer\nOff Season Development\nDPAL\nJuniors Development Program\nAthletic Training\nTournaments\nShowcase Series\nColumbus Day\nOak City Friendlies\nRec Cup\n3v3s\n4v4 Kick 4 A Cause\nOutside Event Hosting\nFacilities\nField Locations\nWRAL Soccer Park\nWeather Policy\nPark Rules\nAthletic Trainers\nClub\nMission\nHistory\nStaff/Board\nPolicies\nAbuse Prevention\nHome\nEmployment Opportunities\n50th Anniversary\nClub Sponsors\nMore\nDonate\nReferees\nWomen's Coaching Collective\nEvents\nFinancial Aid\nCoach of the Season\nShield Award\nSenior Spotlight\nYouth To Pro\nGet in touch\n555-555-5555\nmymail@mailservice.com\nEnglish\nen\nEspañol\nes\nEnglish\nen\nEspañol\nes\nHOME OF THE 2024 USYS U18 GIRLS NATIONAL CHAMPIONS & USL W LEAGUE CHAMPIONS\nNorth\nCarolina\nFC\nYouth\nSpring Recreation\nLogin to PlayMetrics\nCreate an Account\nNew to the Club?\nRecreation\nRecreation\nKickstarters\nCompetitive\nChallenge\nJuniors\nClassic\nNPL\nECNL\nAcademy\nOther Programs\nGoalkeeping\nSupplemental Programs\nAll Supplemental Programs\nJuniors Development Program\nPlayer Development Program\nAdv Player Development Program\nGoalkeeping Player Development Program\nGoalkeeping Adv. Player Development Program\nCamps\nOff Season Development\nTOPSoccer\nLa Liga\nDPAL\nTournaments\nAll Tournament Info\nGirls Junior Showcase\nBoys Junior Showcase\nGirls College Showcase\nGirls College Combine\nBoys College Showcase\nBoys College Combine\nCapital City Classic\nCity of Oaks Classic\n3v3s\nRec Cup\n4v4 Kick 4 A Cause\nFacilities\nField Locations\nWRAL Soccer Park\nPark Rules\nAthletic Trainers\nClub\nMission\nHistory\nStaff/Board\n2024-25 Coach & Team List\nClub Sponsors\n50th Anniversary\nPolicies\nAbuse Prevention\nCollege  Recruiting\nEmployment Opportunities\nMore\nDonate\nHome\nEvents\nAthletic Training\nReferees\nNCFC/NC Courage\nShield Award\nSoccer Parenting Association\nWomen's Coaching Collective\nYouth To Pro\nSoccer in the Community\nTournament Photos\nCoach of the Season\nPolicies\nAbuse Prevention Policy\nNCFC Youth has a\nzero tolerance for abuse\nin all ages, programs and club activities. It is the responsibility of every coach, volunteer, parent and player to participate in the effort to create a safe environment for all sports participants.\nView Policy →\nCoach Code of Con\nduct\nAll members of the NCFC Youth coaching staff are role models and ambassadors for the Club, and are held to expectations that reflect the values of our organization.\nView Policy →\nConcussion Policy\nIf an athlete is suspected to have a concussion, either observed by a coach, parent, referee, or another player, he/she is to be removed from the game or practice and assessed for a possible concussion.\nView Policy →\nFinancial Aid\n﻿\nNCFC Youth offers financial aid to those players from families that demonstrate a clear financial need.\nView Policy →\nFundraising Policy\nThe following are guidelines that NCFC Youth has put in place for any team fundraising efforts.\nView Policy →\nInsurance Policy\n﻿\nNCFC Youth players, coaches, and assistant coaches are covered by accident insurance during each season at scheduled practices and games.\nView Policy →\nParent\nCode of Conduct\nNCFC Youth believes that the attitude shown by parents toward the coaches, the referees, fellow parents, the opposing players are of paramount importance, and we expect the highest standards of courtesy, sportsmanship and positive behavior among our parents, their players and families at all times.\nView Policy →\nPet Policy\n﻿\nNo pets (e.g., dogs, cats, or other leashed animal) are allowed at any NCFC Youth owned or operated facility used for practices, games, and/or tournaments (except for a documented service animal).\nView Policy →\nPlayer Code of Conduct\nAcceptance of membership by NCFC Youth is a privilege that carries certain responsibilities. As a NCFC Youth player you are representing our club at all times.\nView Policy →\nRefund Policy\nAcceptance or registration on a NCFC Youth team confirms a player’s commitment to the team, the Club, and the fees associated with membership for a full year or season depending on the program. NCFC Youth will review requests for an adjustment to Club Fees in the case of a significant injury or relocation.\nView Policy →\nRules of Play\n4v4 Rules\n5v5 Rules\n7v7 Rules\n9v9 Rules\n11v11 Rules\nSocial Media Policy\nThis policy is for any individual who chooses to associate him/her-self with NCFCY through social media either through an approved team account, a personal account, or other means.\nView Policy →\nWeather Policy\nPlayer safety on and off the field is our priority, and we use a catalog of resource to help inform our decisions to adapt to weather changes, suspend, and/or cancel when needed.\nView Policy →\nECNL/Classic/Juniors Specific Policies\nRescheduling Policy\n﻿\nThis policy pertains to ECNL, classic and juniors games played on NCFC Youth fields only. It does not apply to weather closures or acts of god.\nView Policy →\nADDRESS\n3150 Spring Forest Road, Suite 116\nRaleigh, NC 27616\nOFFICE HOURS\nMonday 11 AM–4 PM\nTuesday 11 AM–4PM\nWednesday 11 AM–4 PM\nThursday 11 AM-4 PM\nFriday 9 AM-2 PM\nCONNECT\n919-834-3951\ninfo@NCFCYouth.com\n﻿\nCareers\nBack To Top Button\nBack to Top\nBack to Top Button\nBack to Top\nShare by:",
    "http://ncfcyouth.com/staff/employment-opportunitiesedcb2e30": "North Carolina FC Youth\nHome\nNew to the Club?\nRecreation\nCompetitive\nAcademy\nGirls Academy\nBoys Academy\nHomestay Program\nECNL\nGirls ECNL National\nBoys ECNL National\nGirls ECNL Regional\nBoys ECNL Regional\nClassic\nJuniors\nChallenge\nOther Programs\nAdv Player Development Program\nGoalkeeping\nPlayer Development Program\nCamps\nIn-Season Camps\nTOPSoccer\nOff Season Development\nDPAL\nJuniors Development Program\nAthletic Training\nTournaments\nShowcase Series\nColumbus Day\nOak City Friendlies\nRec Cup\n3v3s\n4v4 Kick 4 A Cause\nOutside Event Hosting\nFacilities\nField Locations\nWRAL Soccer Park\nWeather Policy\nPark Rules\nAthletic Trainers\nClub\nMission\nHistory\nStaff/Board\nPolicies\nAbuse Prevention\nHome\nEmployment Opportunities\n50th Anniversary\nClub Sponsors\nMore\nDonate\nReferees\nWomen's Coaching Collective\nEvents\nFinancial Aid\nCoach of the Season\nShield Award\nSenior Spotlight\nYouth To Pro\nGet in touch\n555-555-5555\nmymail@mailservice.com\nEnglish\nen\nEspañol\nes\nEnglish\nen\nEspañol\nes\nHOME OF THE 2024 USYS U18 GIRLS NATIONAL CHAMPIONS & USL W LEAGUE CHAMPIONS\nNorth\nCarolina\nFC\nYouth\nSpring Recreation\nLogin to PlayMetrics\nCreate an Account\nNew to the Club?\nRecreation\nRecreation\nKickstarters\nCompetitive\nChallenge\nJuniors\nClassic\nNPL\nECNL\nAcademy\nOther Programs\nGoalkeeping\nSupplemental Programs\nAll Supplemental Programs\nJuniors Development Program\nPlayer Development Program\nAdv Player Development Program\nGoalkeeping Player Development Program\nGoalkeeping Adv. Player Development Program\nCamps\nOff Season Development\nTOPSoccer\nLa Liga\nDPAL\nTournaments\nAll Tournament Info\nGirls Junior Showcase\nBoys Junior Showcase\nGirls College Showcase\nGirls College Combine\nBoys College Showcase\nBoys College Combine\nCapital City Classic\nCity of Oaks Classic\n3v3s\nRec Cup\n4v4 Kick 4 A Cause\nFacilities\nField Locations\nWRAL Soccer Park\nPark Rules\nAthletic Trainers\nClub\nMission\nHistory\nStaff/Board\n2024-25 Coach & Team List\nClub Sponsors\n50th Anniversary\nPolicies\nAbuse Prevention\nCollege  Recruiting\nEmployment Opportunities\nMore\nDonate\nHome\nEvents\nAthletic Training\nReferees\nNCFC/NC Courage\nShield Award\nSoccer Parenting Association\nWomen's Coaching Collective\nYouth To Pro\nSoccer in the Community\nTournament Photos\nCoach of the Season\nEMPLOYMENT OPPORTUNITIES\nCoaching Opportunities\nIf you are interested in Coaching with North Carolina FC Youth, please view the corresponding Program information below.  Availability of coaching staff is dependent on season and program.\nClassic & Juniors\nUse \"SEASONAL SOCCER COACH\" job posting under OPEN POSITIONS to apply for Classic or Juniors coaching position.\nClassic Director\n|\nBobby.Johnston@NCFCYouth.com\nJuniors Director\n|\nEtienne.Boulanger@NCFCYouth.com\nRequirements\nClassic & Juniors teams play 10 months (August-May) with the main seasons in Fall and Spring. Classic coaches time commitment typically consists of 3 trainings a week, 1 league game on the weekend, and tournament travel.   Juniors coaches time commitment typically consists of 3 trainings a week, and 1 league game on the weekend. Previous experience in soccer coaching required.\nChallenge\nChallenge Director |\nJamie.Cort@NCFCYouth.com\nRequirements\nChallenge teams play in the Fall and Spring. Coaches time commitment typically consists of 2 trainings a week, 1 league game on the weekend, and tournament travel. This is an intermediary level of competitive soccer and all positions are volunteer.\nLearn more or sign-up to be a Challenge Coach\nhere\nRecreation\nRecreation Director\n|\nAndrew.Tait@NCFCYouth.com\nRequirements\nRecreation teams play in the Fall and Spring. Coaches time commitment typically consists of 1 training during the week, and 1 game on the weekend. No previous experience required. All positions are volunteer.\nLearn more about Recreation Coaches\nhere\nADDRESS\n3150 Spring Forest Road, Suite 116\nRaleigh, NC 27616\nOFFICE HOURS\nMonday 11 AM–4 PM\nTuesday 11 AM–4PM\nWednesday 11 AM–4 PM\nThursday 11 AM-4 PM\nFriday 9 AM-2 PM\nCONNECT\n919-834-3951\ninfo@NCFCYouth.com\n﻿\nCareers\nBack To Top Button\nBack to Top\nBack to Top Button\nBack to Top\nShare by:",
    "http://ncfcyouth.com/club-partnerships": "North Carolina FC Youth\nHome\nNew to the Club?\nRecreation\nCompetitive\nAcademy\nGirls Academy\nBoys Academy\nHomestay Program\nECNL\nGirls ECNL National\nBoys ECNL National\nGirls ECNL Regional\nBoys ECNL Regional\nClassic\nJuniors\nChallenge\nOther Programs\nAdv Player Development Program\nGoalkeeping\nPlayer Development Program\nCamps\nIn-Season Camps\nTOPSoccer\nOff Season Development\nDPAL\nJuniors Development Program\nAthletic Training\nTournaments\nShowcase Series\nColumbus Day\nOak City Friendlies\nRec Cup\n3v3s\n4v4 Kick 4 A Cause\nOutside Event Hosting\nFacilities\nField Locations\nWRAL Soccer Park\nWeather Policy\nPark Rules\nAthletic Trainers\nClub\nMission\nHistory\nStaff/Board\nPolicies\nAbuse Prevention\nHome\nEmployment Opportunities\n50th Anniversary\nClub Sponsors\nMore\nDonate\nReferees\nWomen's Coaching Collective\nEvents\nFinancial Aid\nCoach of the Season\nShield Award\nSenior Spotlight\nYouth To Pro\nGet in touch\n555-555-5555\nmymail@mailservice.com\nEnglish\nen\nEspañol\nes\nEnglish\nen\nEspañol\nes\nHOME OF THE 2024 USYS U18 GIRLS NATIONAL CHAMPIONS & USL W LEAGUE CHAMPIONS\nNorth\nCarolina\nFC\nYouth\nSpring Recreation\nLogin to PlayMetrics\nCreate an Account\nNew to the Club?\nRecreation\nRecreation\nKickstarters\nCompetitive\nChallenge\nJuniors\nClassic\nNPL\nECNL\nAcademy\nOther Programs\nGoalkeeping\nSupplemental Programs\nAll Supplemental Programs\nJuniors Development Program\nPlayer Development Program\nAdv Player Development Program\nGoalkeeping Player Development Program\nGoalkeeping Adv. Player Development Program\nCamps\nOff Season Development\nTOPSoccer\nLa Liga\nDPAL\nTournaments\nAll Tournament Info\nGirls Junior Showcase\nBoys Junior Showcase\nGirls College Showcase\nGirls College Combine\nBoys College Showcase\nBoys College Combine\nCapital City Classic\nCity of Oaks Classic\n3v3s\nRec Cup\n4v4 Kick 4 A Cause\nFacilities\nField Locations\nWRAL Soccer Park\nPark Rules\nAthletic Trainers\nClub\nMission\nHistory\nStaff/Board\n2024-25 Coach & Team List\nClub Sponsors\n50th Anniversary\nPolicies\nAbuse Prevention\nCollege  Recruiting\nEmployment Opportunities\nMore\nDonate\nHome\nEvents\nAthletic Training\nReferees\nNCFC/NC Courage\nShield Award\nSoccer Parenting Association\nWomen's Coaching Collective\nYouth To Pro\nSoccer in the Community\nTournament Photos\nCoach of the Season\nCLUB SPONSORS AND PARTNERSHIPS\nSponsors\nThese people give us money\nButton\nPartnerships\nThese people are our friends\nButton\nPromotions & Discounts\nThese are things we do\nButton\nBecome a Sponsor\nIf you want to give us money\nButton\nOfficial Sponsors\nButton\nButton\nButton\nButton\nButton\nButton\nButton\nButton\nClub Sponsors\nButton\nButton\nButton\nButton\nButton\nButton\nButton\nButton\nButton\nButton\nButton\nButton\nButton\nButton\nButton\nButton\nButton\nButton\nButton\nButton\nButton\nButton\nButton\nButton\nButton\nButton\nButton\nButton\nButton\nButton\nButton\nButton\nButton\nPartnerships\nTeam Travel Partner\nMarriott offers NCFC Youth teams group rates and more.\nButton\nInternational Travel Partner\nInternational team travel partnership and trips abroad.\nButton\nPromotions & Discounts\nSave with Harris Teeter\nTake advantage of these coupons on select Pepsi items through 12/31 at your local Harris Teeter!\nButton\nGame Day Meal\nStop by Alpaca Chicken for your Game Day Meal this weekend! Enjoy ¼ chicken + 2 sides a drink and no premium upcharge for sides!\nButton\nSpecial Offers\nNCFC Youth families can take advantage of discounts year-round at Dick's Sporting Goods.\nButton\nSportClips Player of the Month\nEach month, players may be nominated or selected to be the SportClips Player of the Month.\nButton\nOnline Order Form\nCrown Trophy & Awards of Raleigh's easy order form made just for NCFC teams. They have pre-selected customizable medals and trophies.\nButton\nEnd of Season Party\nButton\nLeave us a Google Review!\nEnjoyed your visit? Earn a 5-piece Boneless Wings with your 5-star review!\nButton\nSponsorship Interest Form\nName:\nEmail:\nPhone:\nMessage:\nThank you for contacting us.\nWe will get back to you as soon as possible.\nOops, there was an error sending your message.\nPlease try again later.\nADDRESS\n3150 Spring Forest Road, Suite 116\nRaleigh, NC 27616\nOFFICE HOURS\nMonday 11 AM–4 PM\nTuesday 11 AM–4PM\nWednesday 11 AM–4 PM\nThursday 11 AM-4 PM\nFriday 9 AM-2 PM\nCONNECT\n919-834-3951\ninfo@NCFCYouth.com\n﻿\nCareers\nBack To Top Button\nBack to Top\nBack to Top Button\nBack to Top\nShare by:",
    "http://ncfcyouth.com/events": "North Carolina FC Youth\nHome\nNew to the Club?\nRecreation\nCompetitive\nAcademy\nGirls Academy\nBoys Academy\nHomestay Program\nECNL\nGirls ECNL National\nBoys ECNL National\nGirls ECNL Regional\nBoys ECNL Regional\nClassic\nJuniors\nChallenge\nOther Programs\nAdv Player Development Program\nGoalkeeping\nPlayer Development Program\nCamps\nIn-Season Camps\nTOPSoccer\nOff Season Development\nDPAL\nJuniors Development Program\nAthletic Training\nTournaments\nShowcase Series\nColumbus Day\nOak City Friendlies\nRec Cup\n3v3s\n4v4 Kick 4 A Cause\nOutside Event Hosting\nFacilities\nField Locations\nWRAL Soccer Park\nWeather Policy\nPark Rules\nAthletic Trainers\nClub\nMission\nHistory\nStaff/Board\nPolicies\nAbuse Prevention\nHome\nEmployment Opportunities\n50th Anniversary\nClub Sponsors\nMore\nDonate\nReferees\nWomen's Coaching Collective\nEvents\nFinancial Aid\nCoach of the Season\nShield Award\nSenior Spotlight\nYouth To Pro\nGet in touch\n555-555-5555\nmymail@mailservice.com\nEnglish\nen\nEspañol\nes\nEnglish\nen\nEspañol\nes\nHOME OF THE 2024 USYS U18 GIRLS NATIONAL CHAMPIONS & USL W LEAGUE CHAMPIONS\nNorth\nCarolina\nFC\nYouth\nSpring Recreation\nLogin to PlayMetrics\nCreate an Account\nNew to the Club?\nRecreation\nRecreation\nKickstarters\nCompetitive\nChallenge\nJuniors\nClassic\nNPL\nECNL\nAcademy\nOther Programs\nGoalkeeping\nSupplemental Programs\nAll Supplemental Programs\nJuniors Development Program\nPlayer Development Program\nAdv Player Development Program\nGoalkeeping Player Development Program\nGoalkeeping Adv. Player Development Program\nCamps\nOff Season Development\nTOPSoccer\nLa Liga\nDPAL\nTournaments\nAll Tournament Info\nGirls Junior Showcase\nBoys Junior Showcase\nGirls College Showcase\nGirls College Combine\nBoys College Showcase\nBoys College Combine\nCapital City Classic\nCity of Oaks Classic\n3v3s\nRec Cup\n4v4 Kick 4 A Cause\nFacilities\nField Locations\nWRAL Soccer Park\nPark Rules\nAthletic Trainers\nClub\nMission\nHistory\nStaff/Board\n2024-25 Coach & Team List\nClub Sponsors\n50th Anniversary\nPolicies\nAbuse Prevention\nCollege  Recruiting\nEmployment Opportunities\nMore\nDonate\nHome\nEvents\nAthletic Training\nReferees\nNCFC/NC Courage\nShield Award\nSoccer Parenting Association\nWomen's Coaching Collective\nYouth To Pro\nSoccer in the Community\nTournament Photos\nCoach of the Season\nEvents\nBeyond the Pitch presented by TowneBank: A Night at the Angus Barn\nButton\nAs our 50\nth\nAnniversary Celebration continues, we’re thrilled to announce a new fundraiser celebrating the impact of soccer:\nBeyond the Pitch: An Evening Supporting NCFC Youth presented by\nTowneBank\n. This fundraiser will be at the Angus Barn on October 23 and raise much needed funds to support NCFC Youth’s financial aid fund, which supports access to the game and the benefits that come along with participation. As we prepare to launch the event in full, we are looking to engage our NCFC Youth families in some pre-event opportunities and planning.\nNCFC Youth families and businesses can secure their spot at the event through sponsorship (sponsorships begin at $2,000 for 4 seats and are available on a first come, first served basis). Sponsorships are a great way for your business, family, team, or group of friends to support and attend the event.\nPlease contact\nKatharine Eberhardt\nto learn more or lock in your commitment.\nClick here to view our sponsorship levels\n, and check out more ways you can help support the fundraiser below!\nSilent Auction\nBeyond the Pitch will feature a silent and live auction as key parts of the fundraising efforts. We are seeking donations (e.g., gift certificates, goods/merchandise, experiences, etc.) to build out a robust and diverse auction to help us reach our goal of raising $150,000 for our financial aid program. Specific examples include:\nExperiences:\nSporting Event Tickets, Concerts, Cultural Events, Restaurant or Private Chef dinners, etc.\nCollector’s Items:\nBourbon, Wine, Sporting memorabilia\nTravel:\nVacation home rentals, connections to airlines, other hospitality options\nLocal Personality or One-of-a-kind Experiences\nWhat do WE have that YOU want? Want one of our coaches to make a cameo at your birthday party? Want to host a party in the WRAL club house? Tell us what we’ve got that you want!\nContact\nLiane Barber\nto make a donation today!\nEvent Quick Facts:\nLimited Sponsorships/Tables Remain\n:\nClick here\nto review sponsorship options or\nemail Katharine Eberhardt\n.\nLocation: Angus Barn Pavilion\nDate: October 23, 2024\nEvent Details:\n3 Course Angus Barn Seated Dinner\nOpen Bar\nSilent and Live Auction\nCocktail Hour\nKeynote Speaker\nPost Event Reception\nNew Title\nGift Gathering Party\nWe’re looking for about 20 hosts to gather items for our Silent Auction and receive a\n$100 Soccer.com gift card.\nChoose a theme from the list below and invite your friends, family, and neighbors to bring an item to round out a basket or collect “stocking stuffers” to place in the silent auction.\nBaskets need to be between $200 and $400 in market value and a collection of Stocking Stuffers should include at least 10 items between $20-$40 each to receive the gift card.\nBasket Themes:\nWine, Liquor, Spa, Grilling, Local Fare (food), North Carolina (products, experiences, etc.), Golf, Cooking, Tailgate, Sideline\nStocking Stuffers: Movie Tickets, Gas Cards, Fast Food cards, TopGolf, Bowling, Amazon, Video Games, Apple, Starbucks\nContact\nLiane Barber\nto make a donation today!\nThank you to our event sponsors!\nButton\nButton\nButton\nButton\nButton\nButton\nButton\nButton\nButton\nButton\nButton\nButton\nButton\nButton\nButton\nButton\nButton\nButton\nButton\nButton\nButton\nGolf Tournament\nJoin us on Monday, April 8, 2024 for our 19th annual Golf Tournament\npresented by\nButton\nThanks to the support of this year's participants and sponsors, we raised more than $35,000 for our Financial Aid Fund!\nNCFC Youth will be taking over the prestigious Prestonwood Country Club in Cary, NC for a day of fundraising for Financial Aid.\nEach registered golfer will receive a round of golf, a tournament gift bag, complimentary on-course beverages & lunch, and the opportunity to participate in on-course games and a raffle.\nIn 2023, a record 260+ golfers and our sponsors raised more than $30,000 for NCFC Youth’s Financial aid fund. Golfers played on all 3 courses at Prestonwood Country Club.\nWe are looking forward to replenishing our financial aid fund this year, which has already distributed $375,000 to help grow the game to youth who may otherwise not have the opportunity to play.\nQuick Facts:\nFoursome Registration: $600\nCorporate Sponsorships Available\nLocation: Prestonwood Country Club\nCourses: Highlands and Meadows\nShotgun Start: 9:30 AM\nCaptain's Choice (best-ball) format\nFoursomes are currently SOLD OUT.\nYou can add your name to a waitlist should we be able to accommodate more groups (based on carts, foursome space, etc.).\nEmail\nKatharine.Eberhardt@NCFCyouth.com\nto be added to a foursome-only waitlist.\nLimited Corporate Sponsorships (which include a playing foursome)\nare available.\ncommit to your sponsorship here\nThank you to our 2024 event sponsors!\nButton\nButton\nButton\nButton\nButton\nButton\nButton\nButton\nButton\nButton\nButton\nButton\nButton\nButton\nButton\nButton\nButton\nButton\nButton\nRegistration Information\nLink to Register\n(Note: Foursomes are sold out; limited sponsorships remain)\nFoursome: $600\nFoursome registration includes a round of golf for four people, two carts, tournament gift bag, and food & beverage.\nRegistration Add-Ons: On-course games and mulligans\nPre-pay for each player in your foursome for all the on-course contests and pre-purchase mulligans. On-course games include Closest to the Pin, Most Accurate Drive, Putting Contest, and more.\nDon't have a foursome but interested in playing?\nIf you are an individual and unable to recruit a golf foursome, we can add you to a waitlist to fill-in and/or group individuals together to be a foursome if there's enough interest. If you'd like to join this list,\nemail us\n.\nSponsorship Information\nTitle Sponsor:\nSOLD\n- Thank you First Watch!\nIncludes two foursomes, signage throughout the event (at registration, on course, etc.), opportunity to speak to participants (NCFC Youth to help create a video to share) prior to golf tournament, inclusion in all print and digital media communication pre and post-event including newsletters, direct emails, and more; product inclusion in gift bag, on course hole sponsor (on each course), permanent recognition on NCFCyouth.com as a year-round club sponsor, and more!\nBox Lunch Sponsor:\nSOLD -\nThank you Hendrick Toyota Apex!\nIncludes a foursome, special item inclusion (company provides item) in box lunch, inclusion in all print and digital media communication, product inclusion in gift bag; hole contest sponsorship included.\nReception Sponsor:\nSOLD\n- Thank you TowneBank!\nIncludes foursome, engagement and opportunity to speak at the reception, branding on table-tops, reception giveaway, inclusion in pre-event emails to participants, signage on course, and more!\nOn-course Contest Sponsor: $1,500 (limited availability) - Thank you Hellas Construction & ClearDefense Pest Control!\nIncludes a foursome, signage at designated contest hole, opportunity to engage with foursomes during the event (i.e. tent with giveaways), inclusion in all print and digital media communication, and product inclusion in gift bag.\nCorporate Hole Sponsor: $1,250 (limited remain)\nIncludes a foursome, on-course signage, inclusion in all print and digital media communication, product inclusion in gift bag.\nHole Sponsor\nIncludes on course signage and recognition on NCFCYouth.com. No golfer registration included. Limited availability, email\nKatharine.Eberhardt@NCFCYouth.com\nfor more information.\nOther Sponsorships Available!\nEmail\nKatharine.Eberhardt@NCFCYouth.com\nto coordinate your opportunity!\nADDRESS\n3150 Spring Forest Road, Suite 116\nRaleigh, NC 27616\nOFFICE HOURS\nMonday 11 AM–4 PM\nTuesday 11 AM–4PM\nWednesday 11 AM–4 PM\nThursday 11 AM-4 PM\nFriday 9 AM-2 PM\nCONNECT\n919-834-3951\ninfo@NCFCYouth.com\n﻿\nCareers\nBack To Top Button\nBack to Top\nBack to Top Button\nBack to Top\nShare by:",
    "http://ncfcyouth.com/24-25-coach-team-list": "2024-25 Coach & Team List\nHome\nNew to the Club?\nRecreation\nCompetitive\nAcademy\nGirls Academy\nBoys Academy\nHomestay Program\nECNL\nGirls ECNL National\nBoys ECNL National\nGirls ECNL Regional\nBoys ECNL Regional\nClassic\nJuniors\nChallenge\nOther Programs\nAdv Player Development Program\nGoalkeeping\nPlayer Development Program\nCamps\nIn-Season Camps\nTOPSoccer\nOff Season Development\nDPAL\nJuniors Development Program\nAthletic Training\nTournaments\nShowcase Series\nColumbus Day\nOak City Friendlies\nRec Cup\n3v3s\n4v4 Kick 4 A Cause\nOutside Event Hosting\nFacilities\nField Locations\nWRAL Soccer Park\nWeather Policy\nPark Rules\nAthletic Trainers\nClub\nMission\nHistory\nStaff/Board\nPolicies\nAbuse Prevention\nHome\nEmployment Opportunities\n50th Anniversary\nClub Sponsors\nMore\nDonate\nReferees\nWomen's Coaching Collective\nEvents\nFinancial Aid\nCoach of the Season\nShield Award\nSenior Spotlight\nYouth To Pro\nGet in touch\n555-555-5555\nmymail@mailservice.com\nEnglish\nen\nEspañol\nes\nEnglish\nen\nEspañol\nes\nHOME OF THE 2024 USYS U18 GIRLS NATIONAL CHAMPIONS & USL W LEAGUE CHAMPIONS\nNorth\nCarolina\nFC\nYouth\nSpring Recreation\nLogin to PlayMetrics\nCreate an Account\nNew to the Club?\nRecreation\nRecreation\nKickstarters\nCompetitive\nChallenge\nJuniors\nClassic\nNPL\nECNL\nAcademy\nOther Programs\nGoalkeeping\nSupplemental Programs\nAll Supplemental Programs\nJuniors Development Program\nPlayer Development Program\nAdv Player Development Program\nGoalkeeping Player Development Program\nGoalkeeping Adv. Player Development Program\nCamps\nOff Season Development\nTOPSoccer\nLa Liga\nDPAL\nTournaments\nAll Tournament Info\nGirls Junior Showcase\nBoys Junior Showcase\nGirls College Showcase\nGirls College Combine\nBoys College Showcase\nBoys College Combine\nCapital City Classic\nCity of Oaks Classic\n3v3s\nRec Cup\n4v4 Kick 4 A Cause\nFacilities\nField Locations\nWRAL Soccer Park\nPark Rules\nAthletic Trainers\nClub\nMission\nHistory\nStaff/Board\n2024-25 Coach & Team List\nClub Sponsors\n50th Anniversary\nPolicies\nAbuse Prevention\nCollege  Recruiting\nEmployment Opportunities\nMore\nDonate\nHome\nEvents\nAthletic Training\nReferees\nNCFC/NC Courage\nShield Award\nSoccer Parenting Association\nWomen's Coaching Collective\nYouth To Pro\nSoccer in the Community\nTournament Photos\nCoach of the Season\nTEAM & COACH LIST\nECNL National - Girls\nButton\nECNL National - Boys\nButton\nECNL Regional - Girls\nButton\nECNL Regional - Boys\nButton\nClassic\nButton\nNC COURAGE ACADEMY\nNC Courage Academy Director -\nDavid Maddren\nTEAM NAME\nHEAD COACH\nLEAGUE\nU19 NC Courage Academy\nWillie Davis\nECNL - National\nU17 NC Courage Academy\nDavid Maddren\nECNL - National\nU16 NC Courage Academy\nWillie Davis\nECNL - National\nU15 NC Courage Academy\nDavid Rodriguez\nECNL - National\nU14 NC Courage Academy\nPaul Forster\nECNL - National\nU13 NC Courage Academy\nDavid Rodriguez\nECNL - National\nU12 NC Courage Pre-Academy\nTaylor Adcock, Marshall Hodge, David Medina\nClassic Champions League\nU11 NC Courage Pre-Academy\nTaylor Adcock, Marshall Hodge, David Medina\nClassic Champions League\n*All coaching assignments subject to change\nNORTH CAROLINA FC ACADEMY\nNorth Carolina FC Academy Director -\nDaniel Sellitti\nTEAM NAME\nHEAD COACH\nLEAGUE\nU19 NCFC Academy\nChristopher Harrington\nECNL - National\nU17 NCFC Academy\nDaniel Sellitti\nECNL - National\nU16 NCFC Academy\nChristopher Harrington\nECNL - National\nU15 NCFC Academy\nDaniel Sellitti\nECNL - National\nU14 NCFC Academy\nTBD\nECNL - National\nU13 NCFC Academy - North\nTBD\nECNL - National\nU13 NCFC Academy - South\nNazmi Albadawi\nECNL - National\nU12 NCFC Pre-Academy - North\nRamon Gallardo Jr. & Cory Elenio\nCarolina Development League\nU12 NCFC Pre-Academy - South\nRusty Scarborough & Jay Williams\nCarolina Development League\nU11 [11] NCFC Pre-Academy - North\nRamon Gallardo Jr. & Cory Elenio\nCarolina Development League\nU11 [11] NCFC Pre-Academy - South\nRusty Scarborough & Jay Williams\nCarolina Development League\n*All coaching assignments subject to change\nECNL NATIONAL - GIRLS\nECNL National Girls Director  -\nDerek Leader\nTEAM NAME\nHEAD COACH\nLEAGUE\n06/07 ECNL G\nKendall Fletcher White\nECNL - National\n08 ECNL G\nDerek Leader\nECNL - National\n09 ECNL G\nDerek Leader\nECNL - National\n10 ECNL G\nCaiman Stevens\nECNL - National\n11 ECNL G\nCaiman Stevens\nECNL - National\n12 ECNL G\nKendall Fletcher White\nECNL - National\n13 Pre-ECNL G\nKile Khali & Michele Miller\nClassic Champions League (CCL)\n*All coaching assignments subject to change\nECNL NATIONAL - BOYS\nECNL National Boys Director  -\nRich Flaim\nTEAM NAME\nHEAD COACH\nLEAGUE\n06/07 ECNL\nBrett Malone\nECNL - National\n08 ECNL\nRich Flaim\nECNL - National\n09 ECNL\nHenry Gutierrez\nECNL - National\n10 ECNL\nHenry Gutierrez\nECNL - National\n11 ECNL\nRich Flaim & Brett Malone\nECNL - National\n*All coaching assignments subject to change\nECNL REGIONAL - GIRLS\nECNL Regional Girls Director  -\nPete Sadin\nTEAM NAME\nHEAD COACH\nLEAGUE\n06/07 Elite G\nNick Holt\nECNL - Regional\n06/07 Premier G\nTommy Retzlaff\nECNL - Regional\n08 Elite G\nDave Arensdorf\nECNL - Regional\n08 Premier G\nBobby Cardelle\nECNL - Regional\n09 Elite G\nTom Misuraca\nECNL - Regional\n09 Premier G\nNick Acosta\nECNL - Regional\n10 Elite G\nNick Holt\nECNL - Regional\n10 Premier G\nTommy Retzlaff\nECNL - Regional\n11 Elite G\nDave Arensdorf\nECNL - Regional\n11 Premier G\nBobby Cardelle\nECNL - Regional\n12 Elite G\nNick Holt\nECNL - Regional\n12 Premier G\nBobby Cardelle\nECNL - Regional\n*All coaching assignments subject to change\nECNL REGIONAL - BOYS\nECNL Regional Boys Director  -\nRich Flaim\nTEAM NAME\nHEAD COACH\nLEAGUE\n06/07 Elite\nOzzy Peralta\nECNL - Regional\n06/07 Premier\nOmar Asad\nECNL - Regional\n08 Elite\nOzzy Peralta\nECNL - Regional\n08 Premier\nOmar Asad\nECNL - Regional\n09 Elite\nStefan Oakes\nECNL - Regional\n09 Premier\nMohammed Ameen\nECNL - Regional\n10 Elite\nBob Harris\nECNL - Regional\n10 Premier\nHeather O'Reilly\nECNL - Regional\n11 Elite\nBob Harris\nECNL - Regional\n11 Premier\nMohammed Ameen\nECNL - Regional\n12 Elite\nStefan Oakes\nECNL - Regional\n12 Premier\nStu Croft\nECNL - Regional\n*All coaching assignments subject to change\nCLASSIC\nClassic Director  -\nBobby Johnston\nNorth Girls\nPhoto By: John Doe\nButton\nNorth Boys\nPhoto By: John Doe\nButton\nSouth Girls\nButton\nSouth Boys\nButton\nDCH\nButton\nHSFV\nButton\nChatham\nButton\n*Classic Older Boys & '10, '11. and '12 Girls coaches to be released at a later date\nNORTH GIRLS\nNorth Girls U13-U19 Director  -\nPete Sadin\nTEAM NAME\nHEAD COACH\nLEAGUE\n06/07 Gold North G\nJim Wright\nNCYSA\n06/07 White North G\nNicole Turner\nNCYSA\n06/07 Red North G\nMike Atkinson\nNCYSA\n08 Gold North G\nEd Pinon\nNCYSA\n08 White North G\nNicole Turner\nNCYSA\n08 Red North G\nEric Nguyen\nNCYSA\n08 Navy North G\nChris Pineda\nNCYSA\n08 Silver North G\nNick Cox\nNCYSA\n08 Grey North G\nMike Atkinson\nNCYSA\n09 Gold North G\nKyle Muench\nNCYSA\n09 White North G\nKim Albrecht\nNCYSA\n09 Red North G\nJim Wright\nNCYSA\n09 Navy North G\nHaley Lindsay\nNCYSA\n10 Gold North G\nJuan Gallegos\nNCYSA\n10 White North G\nDiego Munoz\nNCYSA\n10 Red North G\nKyle Muench\nNCYSA\n10 Navy North G\nMike Atkinson\nNCYSA\n11 Gold North G\nRuss Dreyer\nNCYSA\n11 White North G\nJosh Perkins\nNCYSA\n11 Red North G\nJonathan Gooden\nNCYSA\n12 Gold North G\nTristan Wierbonski\nNCYSA\n12 White North G\nJonathan Gooden\nNCYSA\n12 Red North G\nRuss Dreyer\nNCYSA\n12 Navy North G\nHaley Lindsay\nNCYSA\n*All coaching assignments subject to change\nNorth Girls U11-U12 Director  -\nDavid Medina\nTEAM NAME\nHEAD COACH\nLEAGUE\n13 Gold North G\nNick Kinney\nClassic Champions League (CCL)\n13 White North G\nJosh Perkins\nClassic Champions League (CCL)\n13 Red North G\nChristian Lopes\nClassic Champions League (CCL)\n13 Navy North G\nFranco Stumbo\nClassic Champions League (CCL)\n13 Silver North G\nJosh Neptune\nClassic Champions League (CCL)\n14 Gold North G\nJosh Perkins\nClassic Champions League (CCL)\n14 White North G\nFranco Stumbo\nClassic Champions League (CCL)\n14 Red North G\nThomas Galleta\nClassic Champions League (CCL)\n14 Navy North G\nChristian Rodriguez\nClassic Champions League (CCL)\n14 Silver North G\nChristian Lopes\nClassic Champions League (CCL)\n14 Grey North G\nJosh Neptune\nClassic Champions League (CCL)\n*All coaching assignments subject to change\nNORTH BOYS\nNorth Boys U13-U19 Director  -\nBrett Malone\nTEAM NAME\nHEAD COACH\nLEAGUE\n06 NPL\nNate Scere\nNPL\n06 Gold North\nDarin Douglas\nNCYSA\n07 Gold North\nRandy McClure\nNCYSA\n07 White North\nDarin Douglas\nNCYSA\n07 Red North\nAndres Encalada\nNCYSA\n08 NPL\nJordan Craze\nNPL\n08 Gold North\nEd Pinon\nNCYSA\n08 White North\nAndres Encalada\nNCYSA\n08 Red North\nRandy McClure\nNCYSA\n08 Navy North\nMike Atkinson\nNCYSA\n09 Gold North\nKyle Muench\nNCYSA\n09 White North\nWojtek\nNCYSA\n09 Red North\nNick Cox\nNCYSA\n09 Navy North\nGlendon Young\nNCYSA\n09 Silver North\nPaul Olaya\nNCYSA\n09 Grey North\nMartin Arispe\nNCYSA\n09 Black North\nDom Thenard\nNCYSA\n09 Green North\nBrandon Herr\nNCYSA\n10 Gold North\nEric Nguyen\nNCYSA\n10 White North\nKyle Muench\nNCYSA\n10 Red North\nDanny Carlyon\nNCYSA\n10 Navy North\nChris Pineda\nNCYSA\n10 Silver North\nPaul Olaya\nNCYSA\n10 Grey North\nJake Ritcher\nNCYSA\n10 Black North\nJordan Craze ￼\nNCYSA\n11 NPL\nNate Scere\nNPL\n11 Gold North\nMichael Mecham\nNCYSA\n11 White North\nNick Cox\nNCYSA\n11 Red North\nPat Quinn\nNCYSA\n*All coaching assignments subject to change\n12 NPL\nNate Scere\nNPL\n12 Gold North\nMichael Mecham\nNCYSA\n12 White North\nWojtek Krakowiak\nNCYSA\n12 Red North\nPat Quinn\nNCYSA\n12 Navy North\nChris Pineda\nNCYSA\n12 Silver North\nGabe Lohr\nNCYSA\nNorth Boys U11-U12 Director  -\nAnton McCafferty\nTEAM NAME\nHEAD COACH\nLEAGUE\n13 Gold North\nDanny Carlyon\nCarolina Champions League (CCL)\n13 White North\nGlendon Young\nCarolina Champions League (CCL)\n13 Red North\nAndrii Shypilov\nCarolina Champions League (CCL)\n13 Navy North\nBrandon Russell\nCarolina Champions League (CCL)\n13 Silver North\nJon Lewis\nCarolina Champions League (CCL)\n13 Grey North\nJohnny Meus\nCarolina Champions League (CCL)\n13 Black North\nBowyn Boderick\nCarolina Champions League (CCL)\n13 Green North\nGabe Lohr\nCarolina Champions League (CCL)\n13 Orange North\nTyler Van Hall\nCarolina Champions League (CCL)\n14 North Gold\nDanny Carlyon\nCarolina Champions League (CCL)\n14 North White\nGlendon Young\nCarolina Champions League (CCL)\n14 North Red\nMaurice Blanton\nCarolina Champions League (CCL)\n14 North Navy\nJake Richter\nCarolina Champions League (CCL)\n14 North Silver\nAlbert Minn\nCarolina Champions League (CCL)\n14 North Grey\nBowyn Broderick\nCarolina Champions League (CCL)\n14 North Black\nJohnny Meus\nCarolina Champions League (CCL)\n14 North Green\nElysee Blague\nCarolina Champions League (CCL)\n*All coaching assignments subject to change\nSOUTH GIRLS\nSouth Girls U13-U19 Director  -\nJason \"Buddha\" Keyes\nTEAM NAME\nHEAD COACH\nLEAGUE\n06/07 Gold South G\nPaul Smith\nNCYSA\n08 Gold South G\nGreg Traylor\nNPL\n08 White South G\nDarek Whitcomb\nNCYSA\n08 Red South G\nGena Gerstner\nNCYSA\n09 Gold South G\nTyler Swanbeck\nNPL\n09 White South G\nPaul Smith\nNCYSA\n10 NPL G\nBen Zuehlke\nNPL\n10 Gold South G\nShannan Murray-Mckay\nNCYSA\n11 NPL G\nGreg Traylor\nNPL\n11 Gold South G\nKyle Fleming\nNCYSA\n12 NPL G\nJason Wolfe\nNPL\n12 Gold South G\nShannan Murray-Mckay\nNCYSA\n*All coaching assignments subject to change\nSouth Girls U11-U12 Director  -\nDavid Medina\nTEAM NAME\nHEAD COACH\nLEAGUE\n13 Gold South G\nKori Lawrence\nClassic Champions League (CCL)\n13 White South G\nMichael Hernandez\nClassic Champions League (CCL)\n14 Gold South G\nMichael Hernandez\nClassic Champions League (CCL)\n14 White South G\nKori Lawrence\nClassic Champions League (CCL)\n14 Red South G\nMichael Barnes\nClassic Champions League (CCL)\n14 Navy South G\nCarol Collins\nClassic Champions League (CCL)\n15 Gold South G\nSteven Curfman\nClassic Champions League (CCL)\n*All coaching assignments subject to change\nSOUTH BOYS\nSouth Boys U13-U19 Director  -\nJason\nKeyes\nTEAM NAME\nHEAD COACH\nLEAGUE\n06 Gold South\nJon Bruno\nNCYSA\n07 Gold South\nSean McLarnon\nNCYSA\n07 White South\nBen Zuehlke\nNCYSA\n08 Gold South\nCiel Norcy\nNCYSA\n08 White South\nDarek Whitcomb\nNCYSA\n09 NPL\nJason \"Buddha\" Keyes\nNPL\n09 Gold South\nBen Zuehlke\nNCYSA\n09 White South\nCarlos Guzman\nNCYSA\n09 Red South\nCiel Norcy\nNCYSA\n09 Navy South\nSean McLarnon\nNCYSA\n10 NPL\nEnrique Rodriguez\nNPL\n10 Gold South\nJon Bruno\nNCYSA\n10 White South\nVilla Heron\nNCYSA\n10 Red South\nJosh McKinney\nNCYSA\n10 Navy South\nCarlos Guzman\nNCYSA\n10 Silver South\nMichael Barnes\nNCYSA\n11 Gold South\nJosh Mckinney\nNCYSA\n11 White South\nJonathan Baker\nNCYSA\n11 Red South\nJonathan Francis\nNCYSA\n11 Navy South\nDayyan Bullock\nNCYSA\n11 Silver South\nCiel Norcy\nNCYSA\n11 Grey South\nStephano Claude\nNCYSA\n12 Gold South\nEnrique Rodriguez\nNCYSA\n12 White South\nJonathan Baker\nNCYSA\n12 Red South\nReginald Lerebours\nNCYSA\n12 Navy South\nDanny Cameron\nNCYSA\n*All coaching assignments subject to change\nSouth Boys U11-U12 Director  -\nAnton McCafferty\nTEAM NAME\nHEAD COACH\nLEAGUE\n13 Gold South\nAaron Harcz\nClassic Champions League (CCL)\n13 White South\nEvan Lindsay\nClassic Champions League (CCL)\n13 Red South\nJonathan Francis\nClassic Champions League (CCL)\n13 Navy South\nDayyan Bullock\nClassic Champions League (CCL)\n13 Silver South\nKirt Landry\nClassic Champions League (CCL)\n13 Grey South\nBenjamin Osei\nClassic Champions League (CCL)\n13 Black South\nAlecc Medina\nClassic Champions League (CCL)\n14 Gold South\nBen Zuelhke\nClassic Champions League (CCL)\n14 White South\nAaron Harcz\nClassic Champions League (CCL)\n14 Red South\nEvan Lindsey\nClassic Champions League (CCL)\n14 Navy South\nJosh McKinney\nClassic Champions League (CCL)\n14 Silver South\nBenjamin Osei\nClassic Champions League (CCL)\n14 Grey South\nKirt Landry\nClassic Champions League (CCL)\n14 Black South\nBen Miles\nClassic Champions League (CCL)\n*All coaching assignments subject to change\nDURHAM/CHAPEL HILL\nDCH Girls Director  -\nHannah Sink\nTEAM NAME\nHEAD COACH\nLEAGUE\n06/07 Gold DCH G\nAnnalies Jobsis\nNCYSA\n08 Gold DCH G\nSammy Scaringelli\nNCYSA\n10 Gold DCH G\nJulian Cochran / Hannah Sink\nNCYSA\n11 Gold DCH G\nJulian Cochran\nNCYSA\n12 Gold DCH G\nJose Santibanez\nNCYSA\n13 Gold DCH G\nHannah Sink\nClassic Champions League (CCL)\n13 White DCH G\nJess Hickey\nClassic Champions League (CCL)\n14 Gold DCH G\nAmanda Haik\nClassic Champions League (CCL)\n14 White DCH G\nNona Borden\nClassic Champions League (CCL)\n*All coaching assignments subject to change\nDCH Boys Director  -\nGerry O'Donnell\nTEAM NAME\nHEAD COACH\nLEAGUE\n06/07 Gold DCH\nTBA\nNCYSA\n08 Gold DCH\nChris Bocanegra\nNCYSA\n09 Gold DCH\nTyler O’Hara\nNCYSA\n10 Gold DCH\nJohn Timmons\nNCYSA\n11 Gold DCH\nChandler Weedon\nNCYSA\n12 Gold DCH\nAran O'Donnell\nNCYSA\n12 White DCH\nJohn Timmons\nNCYSA\n13 Gold DCH\nTim Morse\nClassic Champions League (CCL)\n13 White DCH\nTyler O'Hara\nClassic Champions League (CCL)\n14 Gold DCH\nGerry O'Donnell\nClassic Champions League (CCL)\n14 White DCH\nChandler Weedon\nClassic Champions League (CCL)\n*All coaching assignments subject to change\nHOLLY SPRINGS/FUQUAY VARINA\nHSFV Director  -\nR\naphael Galliou\nTEAM NAME\nHEAD COACH\nLEAGUE\n08 Gold HSFV\nAlex Whetstone\nClassic Champions League (CCL)\n12 Gold HSFV\nRemy Perez\nClassic Champions League (CCL)\n13 Gold HSFV\nAlex Whetstone\nClassic Champions League (CCL)\n13 White HSFV\nMoe Diabi\nClassic Champions League (CCL)\n13 Gold HSFV G\nRaphael Galliou\nClassic Champions League (CCL)\n14 Gold HSFV\nAlex Whetstone\nClassic Champions League (CCL)\n14 White HSFV\nKieron Williams\nClassic Champions League (CCL)\n14 Red HSFV\nRemy Castillo\nClassic Champions League (CCL)\n14 Gold HSFV G\nShannon Murray-Mckay\nClassic Champions League (CCL)\n*All coaching assignments subject to change\nCHATHAM\nChatham Region Coordinator  -\nLex Alvord\nTEAM NAME\nHEAD COACH\nLEAGUE\n07 Gold Chatham\nStephen McColl\nNCYSA\n08 Gold Chatham\nJosue Pena\nNCYSA\n09 Gold Chatham\nAscary Arias\nNCYSA\n10 Gold Chatham G\nJason Pasek\nNCYSA\n11 Gold Chatham\nStephen McColl\nNCYSA\n14 Gold Chatham\nZaid Saleh\nClassic Champions League (CCL)\n14 Gold Chatham G\nLex Alvord\nClassic Champions League (CCL)\n*All coaching assignments subject to change\nADDRESS\n3150 Spring Forest Road, Suite 116\nRaleigh, NC 27616\nOFFICE HOURS\nMonday 11 AM–4 PM\nTuesday 11 AM–4PM\nWednesday 11 AM–4 PM\nThursday 11 AM-4 PM\nFriday 9 AM-2 PM\nCONNECT\n919-834-3951\ninfo@NCFCYouth.com\n﻿\nCareers\nBack To Top Button\nBack to Top\nBack to Top Button\nBack to Top\nShare by:"
  },
  "doc_id": "a09ce891-b9c4-52cc-bfc9-6e35ac3b8d31"
}