{
  "url": "http://pickettusa.com",
  "timestamp": 1735331425.9798727,
  "text_by_page_url": {
    "https://www.pickettusa.com/about-us/": "About Us - Pickett USA About Us\n813.877.7770\nHome\nAbout Us\nSafety\nValues and Brand Promises\nCareers\nServices\nSurveying\nEngineering\nGeospatial\nProjects\nNews\nContact Us\nAbout Us\nWe help turn the lights on and feed the world.\nWe Solve the Problems that Matter:\nPickett and Associates, LLC is headquartered out of Tampa, Florida but operating in locations throughout the United States. Pickett specializes in providing transmission and distribution design, project management, surveying, aerial mapping, and LiDAR services. Our clients are primarily investor-owned utilities, municipalities, co-ops and mining operations throughout the US and Caribbean. We also serve surveyors, civil engineers, waste management, land developers and contractors.\nIn 2022, Pickett and Associates joined forces with\nESP Associates\nas a wholly-owned subsidiary. ESP is a leading surveying and engineering firm which provides complimentary services to Pickett. ESP and Pickett have a long-standing professional relationship, and many of each of our current clients already know us as partners. The combination of our companies means greater efficiency opportunities for clients in every market, as well as a breadth of experience and expertise within the surveying and civil engineering fields.\nQuick Facts:\n1\nYears In Business\n1\nOffice Locations\n1\nTeam members\n1\nActive Projects\n1\nStates with Licensed Engineers\n1\nAircraft\n1\nLiDAR Sensors\n1\nTrucks\n100\nExcuses\nAwards\nENR Top 500 Design Firms:\nÂ  Â  Â  Â  Â  Â  Â  Â  Â  Â 2024: #194Â  Â  Â  Â  Â  Â  Â  Â  Â  Â  2023: #204\nTop Workplaces:\n2023, 2024\nGold Safety for Outstanding Commitment to Workplace Safety\nMosaic Safety Awards:\n2011, 2012, 2013, 2014, 2015, 2017, 2018, 2022, 2023\nFast 50 (Fastest Growing Companies in the Tampa Bay Area):\n2021\nWe are committed to continuously striving for an accident-free workplace through effective administration, safe work practices and procedures. We provide education and training in accordance with industry standards and the OSHA along with all relevant regulations. Nothing takes precedence over safety.\nOur Safety\nWe invest in the future of engineering, surveying and mapping for the most practical of reasons â better service to our clients and love of what we do!\nContact us\nFacebook\nTitle\nLinkedIn\nYouTube\nPickett and Associates â Tampa, FL\n5010 West Nassau Street\nTampa, FL 33607\n813.877.7770\n|\ninfo@pickettusa.com\nÂ© 2022 Pickett USA. All Rights Reserved.\nWeb Design by Appnet.com |\nSitemap\nMenu",
    "https://www.pickettusa.com/values-and-brand-promises/": "Values and Brand Promises - Pickett USA\n813.877.7770\nHome\nAbout Us\nSafety\nValues and Brand Promises\nCareers\nServices\nSurveying\nEngineering\nGeospatial\nProjects\nNews\nContact Us\nValues and Brand Promises\nAt Pickett, you’re not just recognized,\nSearch Jobs\nWhy do values matter?\nTheyâre the backbone of our work and the reason we exceed expectations. They translate into everything that we do. Our values unify our team members as we work under a common goal.\nStrip Pickett to its core and youâll find:\nSafety First\nOutstanding Service\nLasting Relationships\nValue Teamwork\nEngaged Culture\nSafety First\nOutstanding Service\nLasting Relationships\nValue Teamwork\nEngaged Culture\nIt’s not just our promise – it’s our reputation.\nAt Pickett, we take our brand promises seriously because our character is on the line. Trust converts to credibility, and credibility transforms to success. When we give our word, we mean it.\nAt Pickett, We Promise To:\nBe a Trusted Partner.\nAnticipate Challenges.\nMake It Fun.\nBe Accessible and Approachable.\nMake It Happen.\nFacebook\nTitle\nLinkedIn\nYouTube\nPickett and Associates â Tampa, FL\n5010 West Nassau Street\nTampa, FL 33607\n813.877.7770\n|\ninfo@pickettusa.com\nÂ© 2022 Pickett USA. All Rights Reserved.\nWeb Design by Appnet.com |\nSitemap\nMenu",
    "https://www.pickettusa.com/pickett-careers/": "Pickett Careers - Pickett USA\n813.877.7770\nHome\nAbout Us\nSafety\nValues and Brand Promises\nCareers\nServices\nSurveying\nEngineering\nGeospatial\nProjects\nNews\nContact Us\nPickett Careers\nAt Pickett, you’re not just recognized,\nSearch Jobs\nWe Solve the Problems that Matter\nYour contribution matters\nPickett is a 2024 Top Workplaces Winner!\nLivingÂ OurÂ\nValues\nAt Pickett, our values are not just words on a page. Our team members live our values everyday. If you donât believe us, just ask our clients.\nLearn More\nMeet Our Engineers\nMeet Our Surveyors\nMeet Our Geospatial Analysts\nProfessional Development\nCommunity Outreach\nBenefits and Wellness\nVeterans\nBelonging at Pickett\nWeÂ enableÂ\ndoers\nOur team members are pioneers in critical thinking. Our culture is built on trust, teamwork, responsibility and fun. Weâre willing to work harder every day because weâre dedicated to the job and our clients. Weâre sports fanatics. Donut lovers. Pet enthusiasts. Celebrate each otherâs successes kind of people.\nLearn More\nUnsolicited Resume Policy\nFacebook\nTitle\nLinkedIn\nYouTube\nPickett and Associates â Tampa, FL\n5010 West Nassau Street\nTampa, FL 33607\n813.877.7770\n|\ninfo@pickettusa.com\nÂ© 2022 Pickett USA. All Rights Reserved.\nWeb Design by Appnet.com |\nSitemap\nMenu",
    "https://www.pickettusa.com/services/": "Services - Pickett USA\n813.877.7770\nHome\nAbout Us\nSafety\nValues and Brand Promises\nCareers\nServices\nSurveying\nEngineering\nGeospatial\nProjects\nNews\nContact Us\nServices\nWe Solve the Problems that Matter\nEngineering\nGeospatial\nSurveying\nFacebook\nTitle\nLinkedIn\nYouTube\nPickett and Associates â Tampa, FL\n5010 West Nassau Street\nTampa, FL 33607\n813.877.7770\n|\ninfo@pickettusa.com\nÂ© 2022 Pickett USA. All Rights Reserved.\nWeb Design by Appnet.com |\nSitemap\nMenu",
    "https://www.pickettusa.com/engineering-2/": "Engineering - Pickett USA\n813.877.7770\nHome\nAbout Us\nSafety\nValues and Brand Promises\nCareers\nServices\nSurveying\nEngineering\nGeospatial\nProjects\nNews\nContact Us\nEngineering\nTransmission\nCivil Engineering & Field services\nStructural\nSubstation\nRenewables\nDistribution\nMany of our engineers come from utility backgrounds, giving them a unique perspective and appreciation of the challenges our clients face.\nTransmission line design (69kV â 500kV)\nWe have provided full life-cycle engineering services necessary to support 10,000+ miles of new lines, rebuilds, overhauls, re-conductors, shieldwire replacements and substation cut-ins with new and replacement structures comprising of lattice towers, and steel, concrete and wood poles across varying terrains.\nContact us Today\nPermitting Support\nWe couple our full-range of engineering expertise with support of the environmental permitting process and the construction planning and coordination with numerous local, state and federal agencies with informative exhibits, presentations, and submittal drawings.\nCivil Engineering and Field Services\nOur engineers have designed, permitted, inspected and assisted with construction management of the installation of over 1,000 miles of access roads and right-of-way improvements through wetlands, low water crossings, tidal crossings and unstable upland areas.\nGIS & Field Services\nOur GIS team facilitates the sharing of data, providing property information, wetland delineation, land use data and other geographic data between engineering and field services.\nStructural\nOur engineers have extensive backgrounds in analysis and design of concrete, steel and wood structures, and their associated foundations, as well as bridge and culvert design, retaining wall design and rehabilitation, and structural forensics and inspections.\nAnalysis, design and repair/remediation of direct buried, drilled shaft, pile-supported and marine foundations for steel and concrete monopole and lattice tower structures.\nAnalysis, design and rehabilitation of retaining walls for substations and access roads, as well as sea walls and transformer blast walls.\nComplete structural analysis, design and detailing of substation control houses, including interior steel roof beams and columns, spread footings, hollow-core roof slab, slab-on-grade, wall perimeter footing, wall openings and embedded plate design for support attachments.\nSubstation\nWe offer civil design, structural design, and 3D modeling to complement our design, surveying and LiDAR services for substations. Pickett provides engineering services for substations from conceptual development through detail design and as-builts.\nOur team has experience ranging from 4kV to 500kV, and comes with a plethora of experience in design, detailing, and modeling in 2D and 3D.\nRenewables Integration Services\nWe work closely with developers and utilities to connect renewables to the grid by providing essential services such as site ground survey and aerial LiDAR & mapping, permitting support, site grading and access road designs, stormwater management and BMPs, foundation and structural design, GIS and project management support as well as UAS-based inspections. We are experienced in providing these services to solar arrays and wind farms, battery storage and inverter locations, substations and breaker stations, and transmission and distribution.\nDistribution\nThe Pickett team is experienced in distribution design for electric utilities. That experience includes: overhead and underground lines; new lines, relocations, and storm-hardening rebuilds; voltage conversions; recloser, switch, TripsaverÂ®, and fuse installations; capacitor and transformer installations; surge protection and grounding; lighting; and secondaries and services.\nFacebook\nTitle\nLinkedIn\nYouTube\nPickett and Associates â Tampa, FL\n5010 West Nassau Street\nTampa, FL 33607\n813.877.7770\n|\ninfo@pickettusa.com\nÂ© 2022 Pickett USA. All Rights Reserved.\nWeb Design by Appnet.com |\nSitemap\nMenu",
    "https://www.pickettusa.com/projects/": "Projects - Pickett USA\n813.877.7770\nHome\nAbout Us\nSafety\nValues and Brand Promises\nCareers\nServices\nSurveying\nEngineering\nGeospatial\nProjects\nNews\nContact Us\nProjects\nNorth Florida Resiliency Connection, Florida\nHigginsâEast Clearwater 115kV Tampa Crossing Tower Replacement, Florida\nRaven to Sinai Phase 2A LiDAR Acquisition, Florida\nCape Fear River Crossing, North Carolina\nAsheville Plant 115kV and 230kV Transmission Support, North Carolina\nFlatonia â Plum TL Upgrade, Texas\nLoad More\nFacebook\nTitle\nLinkedIn\nYouTube\nPickett and Associates â Tampa, FL\n5010 West Nassau Street\nTampa, FL 33607\n813.877.7770\n|\ninfo@pickettusa.com\nÂ© 2022 Pickett USA. All Rights Reserved.\nWeb Design by Appnet.com |\nSitemap\nMenu",
    "https://www.pickettusa.com/news/": "News - Pickett USA\n813.877.7770\nHome\nAbout Us\nSafety\nValues and Brand Promises\nCareers\nServices\nSurveying\nEngineering\nGeospatial\nProjects\nNews\nContact Us\nNews\nEnergage Names Pickett And Associates, LLC a Winner of the 2024 Top Workplaces USA\nPickett is pleased to announce that we have earned the title of Top Workplaces USA award for the second year in a row! Top Workplaces USA is issued by…\nHelen Paris, GISP to Present at Annual TSDOS Conference\nPlease join our GIS Manager, Helen Paris, GISP for her presentation on Thursday, September 7th at 10:15am at TSDOS! The Transmission & Substation Design & Operation Symposium (TSDOS) Conference is…\nPickett acquires SkyFish M4 UAS\nPickett is pleased to announce the purchase of a new SkyFish M4 RTK aircraft! This USA-made system is an innovative addition to our existing Unmanned Aerial System (UAS) fleet. The…\nCurtis DeVault, GISP and Helen Paris, GISP to present on Remote Disaster Response at BigSky GeoCon\nJoin Pickett Team Members Curtis DeVault, GISP, and Helen Paris, GISP as they present at this year’s BigSky GeoCon on Remote Disaster Response on Thursday, April 6th in Bozeman, Montana.…\nNow Open In Hendersonville, NC!\nPickett is pleased to share the opening of a new office in Hendersonville, North Carolina! This is especially exciting as it is the first space that Pickett has shared with…\nPickett Expands Fleet!\nPickett is pleased to announce that we now have an aircraft stationed out of Greensboro, NC! The aircraft is ready for operation, fully equipped with cameras and a state-of-the-art LiDAR…\nBen Wadsworth, PE, to Present at Electrical Transmission & Substation Structures Conference!\nPickett and Associates is proud to share that Ben Wadsworth, PE, Manager of Engineering, will be presenting at the 2022 ASCE SEI ETS Conference in Orlando, Florida! Ben will be…\nCraig Emrick, PSM, to Present at Mine Design, Operations & Closure Conference\nPickett and Associates is pleased to announce that our VP of Geospatial Services, Craig Emrick, PSM, will be presenting at the Mine Design, Operations & Closure Conference in Montana this…\nPickett Ranks on ENRâs List of Top 500 Design Firms!\nPickett is pleased to announce our debut on ENRâs list of the Top 500 Design Firms! Our expansion efforts have led us to #499 on the list, and we anticipate…\nPickett Purchases Optech G2 LiDAR System\nPickett is pleased to announce that we recently purchased the Optech G2 LiDAR system for use in our geospatial department. This cutting-edge new LiDAR system is unique in its versatility…\nPickett Joins Forces with ESP Associates\nPickett and Associates is pleased to announce the combining of Pickett and ESP Associates, Inc. (ESP). ESP, headquartered in Fort Mill, SC., is a top multi-discipline engineering design and consulting…\nWe’ve Moved! Our Bartow Team is Now Operating out of Lakeland, FL\nPickett is excited to announce that we are transitioning our Bartow office to a beautiful, brand new space in Lakeland! The new space is completely modern and open concept, offering…\nNathan Kerr, GISP, CGCIO, Director of IT, is named a Tampa Bay CIO of the Year!\nPickett is extremely proud to share that our Director of IT, Nathan Kerr, GISP, CGCIO, has been recognized as aÂ Tampa Bay CIO of the Year!Â This is an award from the…\nPickett is named a Tampa Bay Business Journal Fast 50 Honoree!\nWe are honored to have been named one of the Fastest 50 Growing Companies based out of Tampa Bay, according to the Tampa Bay Business Journal (TBBJ). TBBJ surveys local…\nMichael Jensen, GIS Manager, to Present at 54th Annual TSDOS Conference\nWe are thrilled to announce that our GIS Manager, Michael Jensen, has been selected to present at the upcoming Transmission & Substation Design & Operation Symposium (TSDOS) conference this September.…\nPickett Ranks Among ENRâs Top Design Firms in the Southeast for the Second Year in a Row\nWeâre humbled to announce that we have yet again ranked among the Top Design Firms in the Southeast, ranking in at #82 on the list. Thank you all of our…\nA Desktop Study – When to Use and Why\nPurpose: A desktop study is generally considered to be a preliminary review of readily available and accessible information about a project site to help determine what additional data may be…\nPhotogrammetry: How it Works and Why itâs Used\nPhotogrammetry collects measurements and data about an object by scrutinizing the change in position from two different images. It is sometimes referred to as stereo-vision. It uses features like viewpoint,…\nGIS: All-Inclusive Communication Tool\nAs the utility industry adapts to the changing world with amplified project timelines, complex engineering/construction challenges, and scrutiny from the public, it has never been more important to communicate efficiently…\nFrom Student To Transmission Line Engineer: My Experience With Starting At Pickett Right Out Of College\nBy Felix Lee, Associate Engineer There is no doubt that as you approach your final years of being a student, the prospect of leaving the safety nest of the education…\nCelebrating International Women’s Day\nTo celebrate International Women’s Day on March 8th, 2021, we asked our female team members what advice they’d give to younger women who wish to join our industry. Here’s a…\nWhat is Aerial Imagery and Why is it Used?\nWhat is Aerial Imagery? Aerial photography, or imagery, as it is now known, is the method of acquiring images from the air. Vertical photographs are taken with the camera pointing…\nBrian Barnett, PE, Featured on Engineering Podcast\nHats off to one of our Principal Engineers, Brian Barnett, PE, for being invited as a guest speaker onto Texas State Universityâs engineering podcast, Letâs Be Civil. Brian works out…\nPickett Ranks Among ENR’s Top Design Firms in the Southeast\nWe’re honored to announce we are ranked among the Top 100 Design Firms in the Southeast, ranking at #76! Extending a huge thank you to our Pickett team members for…\nWhat is LiDAR?\nLast month, Apple posted a press release on their website announcing the launch of a new iPad Pro, complete with a LiDAR Scanner. We are thrilled that Apple is introducing…\nA Note From Pickett in Response to the Current COVID-19 Outbreak\nMarch 19th, 2020 Safety is our utmost priority here at Pickett and we aim to keep our team members and clients informed as we monitor the COVID-19 pandemic. This is…\nPickett Adds Additional Florida Office\nPickett is thrilled to report the opening of a brand new office in Pensacola, Florida! This new location will emphasize survey, LiDAR and Geographic Information Systems (GIS) as we continue…\nPickett Opens in Jacksonville\nPickett is pleased to announce the opening of an additional Florida office, this time in Jacksonville! This location will strengthen our relationship with our current Florida clients while extending our…\nVice President Tom Bennett to Present at the 2019 TSDOS Conference\nPickett is honored to announce that our Vice President, Tom Bennett, PE, PMP, will be presenting at this yearâs TSDOS conference! Tom will present his white paper titled, “Permitted Permanent…\nPickett Opens Second Location in the Southwest\nPickett is delighted to open the doors of our second office in the southwest, this time in San Marcos, Texas! The new office is conveniently located between Austin and San…\nPickett Announces its Presence in Michigan\nPickett is pleased to announce our presence in the northeast with the opening of a new office location in Ann Arbor, Michigan! Our Ann Arbor office is led by Tim…\nPickett to Debut Virtual Reality Glasses at the Southeastern Electric Exchange Conference in Washington, D.C.\nÂ  Pickett would like to invite you to visit our booth at the SEE Conference in Washington, D.C.! Weâll be at booth 214 on June 26th and 27th. This year,…\nPickett Purchases Optech G2 LiDAR System\nPickett is pleased to announce that we recently purchased the Optech G2 LiDAR system for use in our geospatial department. This cutting-edge new LiDAR system is unique in its versatility…\nPickett Expands Substation Offerings\nPickett is excited to announce the addition of a new substation sector, based in Raleigh, North Carolina and operating across the entire company.\nCongratulations Dr. Nicholas DiGruttolo!\nPickett congratulates our team member Dr. Nicholas DiGruttolo for receiving his PhD in Geomatics!\nPickett Leads the Field with the Latest in Digital Imaging Technology!\nPickett prides itself as staying on the leading edge of technology. Our newest acquisition is the iXU-RS 1000 digital camera by Phase One.\nPickett to Present at the Solid Waste Association of North America (SWANA) Georgia 2017 Fall Conference\nPickett will be presenting Aerial LiDAR Mapping for Solid Waste Sites.\nCongratulations to Pickettâs Dr. Pande-Chhetri on His Recently Published Article in the European Journal of Remote Sensing\nPickettâs very own Roshan Pande-Chhetri recently had an article published in the European Journal of Remote Sensing\nPickettâs Specialized Transmission Engineering Services Meet Your Utility Needs\nWhether you need expert design of low-profile steel switch stands and foundations capable of withstanding hurricane force loads, or a maintenance access road crossing a wetland; you can count on Pickett and our client focused team of professionals to provide the deliverables you need to get the job done right.\nPickett is Looking Forward to this Yearâs 32nd Annual FLSME Regional Mining Conference\nThe Society for Mining, Metallurgy & Exploration (SME) has a great line up planned for this yearâs 32nd Annual Regional Mining Conference\nPickett is attending the 50th Annual Transmission and Substation Design and Operation Symposium (TSDOS) in Frisco Texas\nThis yearâs TSDOS marks the 50th annual symposium and Pickettâs first year in attendance.\nCome Visit Us at the Southeastern Electrical Exchange Conference in Atlanta this June\nJune 28th and 29th, Pickett and Associates, Inc. will be conveniently located at booth 812.\nPickett Makes POBâs Top 100 Geospatial Companies\nOnce again, Pickett is honored to make the Point of Beginning (POB) yearly Top 100 Geospatial Companies.\nFacebook\nTitle\nLinkedIn\nYouTube\nPickett and Associates â Tampa, FL\n5010 West Nassau Street\nTampa, FL 33607\n813.877.7770\n|\ninfo@pickettusa.com\nÂ© 2022 Pickett USA. All Rights Reserved.\nWeb Design by Appnet.com |\nSitemap\nMenu",
    "https://www.pickettusa.com/contact-us/": "Contact Us - Pickett USA\n813.877.7770\nHome\nAbout Us\nSafety\nValues and Brand Promises\nCareers\nServices\nSurveying\nEngineering\nGeospatial\nProjects\nNews\nContact Us\nContact Us\n813.877.7770\nInfo@PickettUSA.com\nName\n(Required)\nEmail\n(Required)\nPhone\nQuestions/Comments\n(Required)\nName\nThis field is for validation purposes and should be left unchanged.\nTampa, FL (Headquarters)\n5010 West Nassau Street\nTampa, FL 33607\nAtlanta, GA\n3225 Cumberland Boulevard SE, Suite 100\nAtlanta, GA 30339\nAnn Arbor, MI\n3019 Miller Road\nAnn Arbor, MI 48103\nAustin, TX\n3600 W Parmer Lane, Suite 121\nAustin, TX 78727\nBozeman, MT\n544 East Main Street, Unit B\nBozeman, MT 59715\nDallas, TX\n7701 Lemmon Ave, Suite 260âA148169\nDallas, TX 75209\nGainesville, FL\n1000 NW 8th Avenue\nGainesville, FL 32601\nHendersonville, NC\n1027 Fleming Street, Suite D\nHendersonville, NCÂ  28791\nJacksonville, FL\n10151 Deerwood Park Boulevard\nBuilding 100, Suite 110\nJacksonville, FL 32256\nLakeland, FL\n3710 Airport Commerce Drive, Suite 10\nLakeland, FL 33811\nOrlando, FL\n1025 Greenwood Boulevard, Suite 115\nLake Mary, FL 32746\nPensacola, FL\n109 East Garden Street\nPensacola, FL 32502\nRaleigh, NC\n909 Capability Drive, Suite 2700\nRaleigh, NC 27606\nSan Marcos, TX\n1913 Dutton Drive, Unit 406\nSan Marcos, TX 78666\nFacebook\nTitle\nLinkedIn\nYouTube\nPickett and Associates â Tampa, FL\n5010 West Nassau Street\nTampa, FL 33607\n813.877.7770\n|\ninfo@pickettusa.com\nÂ© 2022 Pickett USA. All Rights Reserved.\nWeb Design by Appnet.com |\nSitemap\nMenu",
    "https://www.pickettusa.com/professional-development/": "Professional Development - Pickett USA\n813.877.7770\nHome\nAbout Us\nSafety\nValues and Brand Promises\nCareers\nServices\nSurveying\nEngineering\nGeospatial\nProjects\nNews\nContact Us\nProfessional Development\nAt Pickett, you’re not just recognized,\nSearch Jobs\nMapping Your Career at Pickett\nOur goal is to have the most talented people help us solve the problems that matter for the long-term.\nWe firmly believe in providing personal and professional growth opportunities for our team members.\nDevelopment Plan\nMap Your Own Development Plan with Support from Your Leader\nOn-site and Online Classes Through emPowerU, our Learning & Development program\nInternal Career Advancement Opportunities\nOpportunity to Attend Professional Conferences\nCareers home\nReimbursement for:\nTuition and Continuing Education\nÂ  |\nÂ  Professional Licensure FeesÂ\n|\nÂ  Technical and Professional Membership Fees\nBenefits and Wellness\nCommunity Outreach\nMeet Our Problem Solvers\nFacebook\nTitle\nLinkedIn\nYouTube\nPickett and Associates â Tampa, FL\n5010 West Nassau Street\nTampa, FL 33607\n813.877.7770\n|\ninfo@pickettusa.com\nÂ© 2022 Pickett USA. All Rights Reserved.\nWeb Design by Appnet.com |\nSitemap\nMenu",
    "https://www.pickettusa.com/portfolios/north-florida-resiliency-connection-florida/": "North Florida Resiliency Connection, Florida - Pickett USA\n813.877.7770\nHome\nAbout Us\nSafety\nValues and Brand Promises\nCareers\nServices\nSurveying\nEngineering\nGeospatial\nProjects\nNews\nContact Us\nNorth Florida Resiliency Connection, Florida\nThis project involves the overall engineering of a new 176-mile, 161kV transmission line from Raven Substation in Lake City, FL to Sinai Cemetery Substation near Chattahoochee, FL, together with modifications and expansions of each substation and at the communication repeater station at the transmission line mid-point. The transmission line is designed using major sections of double-bundled 1272 ACSR conductor and a double-circuit section of single 1590 ASCR conductor installed on single-pole steel or spun concrete structures.\nA variety of structure configurations are being employed to address blowout, guying and ROW constraints. Responsibilities include multi-disciplinary engineering encompassing ROW access design, substation civil and electrical layout and design for fiber regen hut (control house), and transmission line design; coordination and oversight of real estate acquisition; surveying; federal, state, and local permitting; and construction support.\nDetailed coordination is required across subcontractors, third-party consultants, key stakeholders, as well as interconnecting co-ops and municipalities. Construction and outage constraints necessitated an aggressive design schedule requiring line spotting, real estate acquisition and environmental permitting to be conducted in parallel while addressing long lead times on structure procurement and fabrication, and foundation design issues and public outreach due to karst and other poor geological conditions. Design considerations have required performing AC mitigation studies and addressing joint use distribution and fiber communications.\nPrevious Project\nHiggins–East Clearwater 115kV Tampa Crossing Tower Replacement, Florida\nNFRC COMPLETE\nServices\nSubstation Civil/Structural\nAccess Roads\nSiting\nPermitting\nEngineering\nContractor Coordination\nSurvey Coordination and Staking\nLiDAR\nFacebook\nTitle\nLinkedIn\nYouTube\nPickett and Associates – Tampa, FL\n5010 West Nassau Street\nTampa, FL 33607\n813.877.7770\n|\ninfo@pickettusa.com\n© 2022 Pickett USA. All Rights Reserved.\nWeb Design by Appnet.com |\nSitemap\nMenu",
    "https://www.pickettusa.com/portfolios/higgins-east-clearwater-115kv-tampa-crossing-tower-replacement-florida/": "Higgins–East Clearwater 115kV Tampa Crossing Tower Replacement, Florida - Pickett USA\n813.877.7770\nHome\nAbout Us\nSafety\nValues and Brand Promises\nCareers\nServices\nSurveying\nEngineering\nGeospatial\nProjects\nNews\nContact Us\nHiggins–East Clearwater 115kV Tampa Crossing Tower Replacement, Florida\nThe client wanted to replace three (3) aging tangent lattice tower structures with Valmont Pyramax structures, HD-3, HD-4 and HD-5, on the Higgins – East Clearwater 115kV transmission line that crosses over Old Tampa Bay near Safety Harbor, Florida. An inspection had been performed to document the condition of the existing marine foundations above and below water. The condition assessment helped determine if the existing marine foundations could be reused for the new structures. Various conductor types had been investigated for use on this crossing to meet the ampacity requirements, vertical clearance requirements and the goal of reducing the overall structure heights as compared to the existing lattice towers.\nThe conductors selected were 1272 ACSS/TW (pheasant) and 1622 ACCR/TW (Pecos) for the 230kV line. The structures were also designed for two OPGW cables.\nA goal of the project was to be able to reuse the existing foundations. Analysis of the existing foundations indicated this was feasible with moderate structural upgrades consisting of steel bracing. Condition upgrades were included in our design package to ensure a suitable service life for the foundations.\nPrevious Project\nRaven to Sinai Phase 2A LiDAR Acquisition, Florida\nNext Project\nNorth Florida Resiliency Connection, Florida\nhiggins-to-east-clearwater-full\nServices\nEngineering\nInnovative Solutions\n3rd Party Coordination\nMarine Foundation Design\nSurveying\nLiDAR\nFacebook\nTitle\nLinkedIn\nYouTube\nPickett and Associates – Tampa, FL\n5010 West Nassau Street\nTampa, FL 33607\n813.877.7770\n|\ninfo@pickettusa.com\n© 2022 Pickett USA. All Rights Reserved.\nWeb Design by Appnet.com |\nSitemap\nMenu",
    "https://www.pickettusa.com/portfolios/raven-to-sinai-phase-2a-lidar-acquisition-florida/": "Raven to Sinai Phase 2A LiDAR Acquisition, Florida - Pickett USA\n813.877.7770\nHome\nAbout Us\nSafety\nValues and Brand Promises\nCareers\nServices\nSurveying\nEngineering\nGeospatial\nProjects\nNews\nContact Us\nRaven to Sinai Phase 2A LiDAR Acquisition, Florida\nThis is Phase 2A of the North Florida Resiliency Connection (NFRC), a 176-mile, 161kV transmission line. The client needed aerial LiDAR and imagery data to support the design of this 48-mile phase of the new transmission line.\nThrough an aerial survey, Pickett provided the data needed to support the design of the new transmission line for Phase 2A.\nPickett utilized its fixed wing aircraft, Optech Galaxy PRIME LiDAR sensor, and Phase One iXU-RS 1000 digital camera to capture airborne LiDAR and imagery along the proposed Phase 2A corridor, totaling approximately 48 miles. After post-processing, data calibration, and accuracy verification, Pickett feature-coded the data to client standards and created an ortho-mosaic image. All data was delivered in a PLS-CADD model for use by the engineering team.\nPrevious Project\nCape Fear River Crossing, North Carolina\nNext Project\nHiggins–East Clearwater 115kV Tampa Crossing Tower Replacement, Florida\nraven\nServices\nAirborne LiDAR\nFacebook\nTitle\nLinkedIn\nYouTube\nPickett and Associates – Tampa, FL\n5010 West Nassau Street\nTampa, FL 33607\n813.877.7770\n|\ninfo@pickettusa.com\n© 2022 Pickett USA. All Rights Reserved.\nWeb Design by Appnet.com |\nSitemap\nMenu",
    "https://www.pickettusa.com/portfolios/cape-fear-river-crossing-north-carolina/": "Cape Fear River Crossing, North Carolina - Pickett USA\n813.877.7770\nHome\nAbout Us\nSafety\nValues and Brand Promises\nCareers\nServices\nSurveying\nEngineering\nGeospatial\nProjects\nNews\nContact Us\nCape Fear River Crossing, North Carolina\nPickettâs objective was to increase the vertical clearance provided by the double circuit 230kV transmission line crossing over the Cape Fear River shipping channel at the request of the North Carolina Ports Authority to enable larger vessels to call the Port of Wilmington. The successful on-time completion was a necessity for the region and was mandated by the state legislature.\nPickett evaluated potential options to support the stakeholders in determining the most appropriate solution while considering safety, constructibility, permitting constraints, cost, schedule, etc.\nPickett assessed potential solutions including structural analysis and design; structural and foundation analysis; new structure design; condition assessments and construction support. Services required preparation of PLS-CADD design and construction package, conceptual lattice tower modeling, review of final lattice tower Corbett Sugar Quarry, Florida design and shop drawings, design and construction support, preparation of supporting permit drawings, foundation analysis utilizing Ensoft GROUP and BOMs.\nPrevious Project\nAsheville Plant 115kV and 230kV Transmission Support, North Carolina\nNext Project\nRaven to Sinai Phase 2A LiDAR Acquisition, Florida\nNo results found.\nServices\nEngineering\nPermitting\nLiDAR\nFacebook\nTitle\nLinkedIn\nYouTube\nPickett and Associates â Tampa, FL\n5010 West Nassau Street\nTampa, FL 33607\n813.877.7770\n|\ninfo@pickettusa.com\nÂ© 2022 Pickett USA. All Rights Reserved.\nWeb Design by Appnet.com |\nSitemap\nMenu",
    "https://www.pickettusa.com/portfolios/asheville-plant-115kv-and-230kv-transmission-support-north-carolina/": "Asheville Plant 115kV and 230kV Transmission Support, North Carolina - Pickett USA\n813.877.7770\nHome\nAbout Us\nSafety\nValues and Brand Promises\nCareers\nServices\nSurveying\nEngineering\nGeospatial\nProjects\nNews\nContact Us\nAsheville Plant 115kV and 230kV Transmission Support, North Carolina\nPickett’s objective was to design three new transmission tie lines and the relocation and rebuild of six existing transmission lines in support of the client’s decommissioning of the existing Asheville coal-fired generation plant and replacement with a new combined cycle power plant.\nThe project included the design of 37 drilled shaft foundations and engineered steel structures.\nThe project considered the following challenges: short clearance windows, several projects running in parallel in limited space and shallow rock. Services provided as part of this assignment included PLS-CADD modeling, structural analysis, load tree development, foundation design, and structure drawing development.\nPrevious Project\nFlatonia – Plum TL Upgrade, Texas\nNext Project\nCape Fear River Crossing, North Carolina\nAsheville-full\nServices\nEngineering\nPermitting\nLiDAR\nFacebook\nTitle\nLinkedIn\nYouTube\nPickett and Associates – Tampa, FL\n5010 West Nassau Street\nTampa, FL 33607\n813.877.7770\n|\ninfo@pickettusa.com\n© 2022 Pickett USA. All Rights Reserved.\nWeb Design by Appnet.com |\nSitemap\nMenu",
    "https://www.pickettusa.com/portfolios/t133-flatonia-plum-tl-upgrade-texas/": "Flatonia â Plum TL Upgrade, Texas - Pickett USA\n813.877.7770\nHome\nAbout Us\nSafety\nValues and Brand Promises\nCareers\nServices\nSurveying\nEngineering\nGeospatial\nProjects\nNews\nContact Us\nFlatonia â Plum TL Upgrade, Texas\nA 19.64-mile 138kV transmission line ampacity upgrade project consisted of installing new Suwannee ACCR conductor, replacing one shield wire with OPGW and replacing existing structures to improve clearance and structural capacity requirements. The existing alignment consisted of 174 structures of which 47 required replacement. The existing structures were lattice towers and wood/light duty h-frames. The proposed structures were engineered steel poles and engineered steel and hybrid steel/concrete h-frames. The existing double-circuit tower was replaced with two single-circuit deadend steel pole structures to separate the T112 and T133 transmission lines.\nPhase spacing also was improved on two existing structures to maintain differential ice clearances. The project challenges included a double circuit 345kV line crossing, highway crossings, and the addition of a structure to maintain blowout in the easement. During project site visits additional structures were identified for replacement due to soil erosion and significant wood pole damage.\nAs a result, consensus was reached to replace existing wood structures with either steel or concrete structures. Foundations will be designed with PLS Caisson based on guidance provided by the client.\nPrevious Project\nFayetteville â Glidden TL Upgrade, Texas\nNext Project\nAsheville Plant 115kV and 230kV Transmission Support, North Carolina\nflatonia-full\nServices\nEngineering\nSurveying\nFacebook\nTitle\nLinkedIn\nYouTube\nPickett and Associates â Tampa, FL\n5010 West Nassau Street\nTampa, FL 33607\n813.877.7770\n|\ninfo@pickettusa.com\nÂ© 2022 Pickett USA. All Rights Reserved.\nWeb Design by Appnet.com |\nSitemap\nMenu",
    "https://www.pickettusa.com/ben-wadsworth-pe-to-present-at-electrical-transmission-substation-structures-conference/": "Ben Wadsworth, PE, to Present at Electrical Transmission & Substation Structures Conference! - Pickett USA\n813.877.7770\nHome\nAbout Us\nSafety\nValues and Brand Promises\nCareers\nServices\nSurveying\nEngineering\nGeospatial\nProjects\nNews\nContact Us\nBen Wadsworth, PE, to Present at Electrical Transmission & Substation Structures Conference!\nPickett and Associates is proud to share that Ben Wadsworth, PE, Manager of Engineering, will be presenting at the 2022 ASCE SEI ETS Conference in Orlando, Florida! Ben will be presenting alongside Ganga Pontula, PE, Senior Engineer at Duke Energy Progress.\nThe presentation, titled A Tall Order, Duke Energy’s NCSPA Project, will take place on the afternoon of Monday, October 3rd. The presentation will describe an exciting project completed by Pickett and Associates and Duke Energy. Ben and Ganga will share an innovative way to increase transmission line vertical clearance over a critical water crossing and discuss how they overcame the unique challenges associated with the project.\nWe look forward to seeing Ben present alongside Duke Energy! For more information on our engineering projects,\nclick here\n.\nFacebook\nTitle\nLinkedIn\nYouTube\nPickett and Associates – Tampa, FL\n5010 West Nassau Street\nTampa, FL 33607\n813.877.7770\n|\ninfo@pickettusa.com\n© 2022 Pickett USA. All Rights Reserved.\nWeb Design by Appnet.com |\nSitemap\nMenu",
    "https://www.pickettusa.com/craig-emrick-psm-to-present-at-mine-design-operations-closure-conference/": "Craig Emrick, PSM, to Present at Mine Design, Operations & Closure Conference - Pickett USA\n813.877.7770\nHome\nAbout Us\nSafety\nValues and Brand Promises\nCareers\nServices\nSurveying\nEngineering\nGeospatial\nProjects\nNews\nContact Us\nCraig Emrick, PSM, to Present at Mine Design, Operations & Closure Conference\nPickett and Associates is pleased to announce that our VP of Geospatial Services, Craig Emrick, PSM, will be presenting at the Mine Design, Operations & Closure Conference in Montana this Thursday, May 12th! The presentation, titledÂ Advanced Remote Sensing Technologies for Mapping Mine Sites, will provide an overview of the technology available to measure, track and report surface disturbances and volumetric changes to materials more efficiently than ever before.\nThe ability to create one comprehensive mapping project through data fusion allows for an accurate picture of the entire mine site that can be used for engineering and planning purposes for mine expansions/closures, as well as monitoring as-builts.\nDonât miss this presentation if you are attending the conference! For more information on our geospatial capabilities, clickÂ\nhere\n.\nFacebook\nTitle\nLinkedIn\nYouTube\nPickett and Associates â Tampa, FL\n5010 West Nassau Street\nTampa, FL 33607\n813.877.7770\n|\ninfo@pickettusa.com\nÂ© 2022 Pickett USA. All Rights Reserved.\nWeb Design by Appnet.com |\nSitemap\nMenu",
    "https://www.pickettusa.com/pickett-ranks-on-enrs-list-of-top-500-design-firms/": "Pickett Ranks on ENRâs List of Top 500 Design Firms! - Pickett USA\n813.877.7770\nHome\nAbout Us\nSafety\nValues and Brand Promises\nCareers\nServices\nSurveying\nEngineering\nGeospatial\nProjects\nNews\nContact Us\nPickett Ranks on ENRâs List of Top 500 Design Firms!\nPickett is pleased to announce our debut on ENRâs list of the Top 500 Design Firms! Our expansion efforts have led us to #499 on the list, and we anticipate rising through the ranks in the years to come! In addition to ranking on the National list, Pickett also ranked #79 on ENRâs Southeast List of Top Design Firms, rising from a #82 spot in 2021. The Southeast list measures firms operating across Alabama, Florida, Georgia, North Carolina, South Carolina, Tennessee, and Puerto Rico.\nThank you to our team members for their unwavering dedication to the job, and to our clients for trusting us with all of their engineering, surveying, and geospatial needs.\nYou can view the full list of the Top 500 Design FirmsÂ\nhere\nÂ and the Southeast List of Top Design FirmsÂ\nhere\n.\nFacebook\nTitle\nLinkedIn\nYouTube\nPickett and Associates â Tampa, FL\n5010 West Nassau Street\nTampa, FL 33607\n813.877.7770\n|\ninfo@pickettusa.com\nÂ© 2022 Pickett USA. All Rights Reserved.\nWeb Design by Appnet.com |\nSitemap\nMenu",
    "https://www.pickettusa.com/weve-moved-our-bartow-team-is-now-operating-out-of-lakeland-fl/": "We’ve Moved! Our Bartow Team is Now Operating out of Lakeland, FL - Pickett USA\nWe’ve Moved! Our Bartow Team is Now Operating out of Lakeland, FL\nPickett is excited to announce that we are transitioning our Bartow office to a beautiful, brand new space in Lakeland! The new space is completely modern and open concept, offering ample space to continue to expand our team of surveyors, field crews and geospatial analysts.  We may even add engineering staff in the new office, as necessary.\nThe new office will be located at 3710 Airport Commerce Drive, Suite 10, Lakeland, FL 33811.  Our phone number, website and operations remain the same.\nIf you are interested in working in our newest office, view all of our open positions and apply online\nhere\n.\nFacebook\nTitle\nLinkedIn\nYouTube\nPickett and Associates – Tampa, FL\n5010 West Nassau Street\nTampa, FL 33607\n813.877.7770\n|\ninfo@pickettusa.com\n© 2022 Pickett USA. All Rights Reserved.\nWeb Design by Appnet.com |\nSitemap",
    "https://www.pickettusa.com/pickett-ranks-among-enrs-top-design-firms-in-the-southeast-for-the-second-year-in-a-row/": "Pickett Ranks Among ENRâs Top Design Firms in the Southeast for the Second Year in a Row - Pickett USA\nPickett Ranks Among ENRâs Top Design Firms in the Southeast for the Second Year in a Row\nWeâre humbled to announce that we have yet again ranked among the Top Design Firms in the Southeast, ranking in at #82 on the list. Thank you all of our dedicated team members, who work diligently every day towards our mission of Solving the Problems that Matter. Weâd also like to extend our gratitude towards our clients for trusting us with all of their engineering, surveying and geospatial needs.\nView the full list of Top Design Firms in the Southeast\nhere\n.\nFacebook\nTitle\nLinkedIn\nYouTube\nPickett and Associates â Tampa, FL\n5010 West Nassau Street\nTampa, FL 33607\n813.877.7770\n|\ninfo@pickettusa.com\nÂ© 2022 Pickett USA. All Rights Reserved.\nWeb Design by Appnet.com |\nSitemap",
    "https://www.pickettusa.com/from-student-to-transmission-line-engineer-my-experience-with-starting-at-pickett-right-out-of-college/": "From Student To Transmission Line Engineer: My Experience With Starting At Pickett Right Out Of College - Pickett USA\nFrom Student To Transmission Line Engineer: My Experience With Starting At Pickett Right Out Of College\nBy Felix Lee, Associate Engineer\nThere is no doubt that as you approach your final years of being a student, the prospect of leaving the safety nest of the education system to start a career for yourself can be a daunting transition for many, let alone during an unprecedented pandemic. As a very recent graduate myself, having earned my B.S.E. in Civil Engineering from the University of Michigan in December 2020, I hope to offer some insight for those in a similar place on how I found my home as an Associate Engineer at Pickett and found my feet in the transmission line industry.\nAfter two summer internships at a construction and transportation consulting company, respectively, I still had not found my calling within the civil engineering field and was searching for a new experience. I happened upon Pickett’s booth at the University of Michigan Civil Engineering Career Fair in the Winter of 2019 and, after a pleasant conversation with a Director of Engineering, I was invited back for an interview for a summer internship opportunity. My interview with the Ann Arbor team was conversational and comfortable, and instilled me with confidence that an internship at Pickett would be a great learning experience.\nUnfortunately, with the dawn of the COVID-19 pandemic and increasing safety concerns, my summer internship was postponed until the Fall, and, when my internship picked back up in November, Pickett was utterly accommodating of my education, allowing me to build my internship schedule around my school schedule, which allowed for an easier transition from school to work life after graduation. Since starting at Pickett, I have been exposed to countless aspects of the transmission Line industry through participating in meetings and presentations, shadowing and walk-through sessions with my colleagues, and assisting with drafting. I am now deep into my first big transmission Line project, and the team has been nothing but helpful as I learn the ropes on how to navigate PLS-CADD, the industry-standard software for transmission line design and analysis.\nMy time at Pickett has made it evident that the work of a Transmission Line Engineer requires a broad understanding and application of the vast scope of civil engineering knowledge that one acquires throughout their education, from Statics, to Soil Dynamics, to Materials, which I have found to be a gratifying aspect of my transition to Pickett. Furthermore, it is clear that what I have learned at school has only served as a prerequisite to prepare me for the wealth of industry-specific engineering knowledge that I continue to learn moving forward in my career. With ever-shifting codes and technologies, I know that my time as a student and learner won’t ever come to an end, and the Pickett team has been amazingly accommodating of my inexperience and encouraging of my willingness to grow.\nPickett has gone above and beyond to reassure me that it is the right company for me to find my footing as a professional. Their internship program allowed for a seamless transition from university to working full-time. I am surrounded by experienced and generous colleagues who have displayed time and time again that they are willing to be mentors and have faith in my growth as an engineer. Pickett has allowed me to feel at ease and flourish during a global pandemic, with its focus on safety and work-life balance. Furthermore, the company has made it obvious that fostering genuine connections with colleagues as well as the community is one of its big priorities. I myself having already participated in company-wide seminars and community charity outreach events, which have served as reminders that a fulfilling career as an engineer goes beyond performing calculations – but to work effectively alongside a diverse team and to serve the community around us.\nFacebook\nTitle\nLinkedIn\nYouTube\nPickett and Associates – Tampa, FL\n5010 West Nassau Street\nTampa, FL 33607\n813.877.7770\n|\ninfo@pickettusa.com\n© 2022 Pickett USA. All Rights Reserved.\nWeb Design by Appnet.com |\nSitemap",
    "https://www.pickettusa.com/brian-barnett-pe-featured-on-engineering-podcast/": "Brian Barnett, PE, Featured on Engineering Podcast - Pickett USA\nBrian Barnett, PE, Featured on Engineering Podcast\nHats off to one of our Principal Engineers, Brian Barnett, PE, for being invited as a guest speaker onto Texas State University’s engineering podcast,\nLet’s Be Civil.\nBrian works out of our San Marcos, Texas location and has over 30 years of industry knowledge. The podcast recruited him to share his career experiences and insights with the listeners of their show.\nGiven their proximity to the school, our San Marcos team has developed a strong relationship with many members of the Texas State Civil Engineering program. We look forward to supporting them in their future endeavors and encourage fellow engineers to listen and subscribe to Let’s Be Civil, found on YouTube. You can listen to Brian’s episode\nhere\n.\nFacebook\nTitle\nLinkedIn\nYouTube\nPickett and Associates – Tampa, FL\n5010 West Nassau Street\nTampa, FL 33607\n813.877.7770\n|\ninfo@pickettusa.com\n© 2022 Pickett USA. All Rights Reserved.\nWeb Design by Appnet.com |\nSitemap",
    "https://www.pickettusa.com/pickett-ranks-among-enrs-top-design-firms-in-the-southeast/": "Pickett Ranks Among ENRâs Top Design Firms in the Southeast - Pickett USA\nPickett Ranks Among ENR’s Top Design Firms in the Southeast\nWe’re honored to announce we are ranked among the Top 100 Design Firms in the Southeast, ranking at #76! Extending a huge thank you to our Pickett team members for allowing us to rank on this list, as their hard work and dedication to excellence always pays off. We’re proud to serve our clients for their engineering, surveying and geospatial needs.\nView the full list of Top Design Firms in the Southeast\nhere\n.\nFacebook\nTitle\nLinkedIn\nYouTube\nPickett and Associates â Tampa, FL\n5010 West Nassau Street\nTampa, FL 33607\n813.877.7770\n|\ninfo@pickettusa.com\nÂ© 2022 Pickett USA. All Rights Reserved.\nWeb Design by Appnet.com |\nSitemap",
    "https://www.pickettusa.com/pickett-opens-second-location-in-the-southwest/": "Pickett Opens Second Location in the Southwest - Pickett USA\n813.877.7770\nHome\nAbout Us\nSafety\nValues and Brand Promises\nCareers\nServices\nSurveying\nEngineering\nGeospatial\nProjects\nNews\nContact Us\nPickett Opens Second Location in the Southwest\nPickett is delighted to open the doors of our second office in the southwest, this time in San Marcos, Texas!\nThe new office is conveniently located between Austin and San Antonio, and is less than four hours south of our Dallas office. This location bolsters our presence in Texas and diversifies our service offerings in the southwest.\nOur San Marcos team has decades of collective experience in power delivery, structural design and project management. We have no doubt in this office’s abilities to support our current and future clients, and we look forward to seeing San Marcos continue our tradition of achieving our clients’ goals.\nOur San Marcos address will be formally referred to as our Austin office, and is located at 1913 Dutton Drive, Unit 406, San Marcos, Texas, 78666. For more information on our locations and/or service offerings, email\ninfo@www.pickettusa.com\nor call 813-877-7770.\nFacebook\nTitle\nLinkedIn\nYouTube\nPickett and Associates – Tampa, FL\n5010 West Nassau Street\nTampa, FL 33607\n813.877.7770\n|\ninfo@pickettusa.com\n© 2022 Pickett USA. All Rights Reserved.\nWeb Design by Appnet.com |\nSitemap\nMenu",
    "https://www.pickettusa.com/pickett-expands-substation-offerings/": "Pickett Expands Substation Offerings - Pickett USA\nPickett Expands Substation Offerings\nPickett is excited to announce the addition of a new substation sector, based in Raleigh, North Carolina and operating across the entire company.\nPreviously, Pickett has played an important role in substation design from a structural perspective, designing control houses, equipment foundations and other infrastructure within and outside of the substation fence. The addition of four key employees in Raleigh has expanded our substation offerings, as we will now be providing physical layout and electrical services.\nWe now offer electrical design, physical layout, structure detailing, and 3D modeling to complement our structural design, surveying and LiDAR services for substations.  Pickett can provide engineering services for substations from conceptual development through detail design and as-builts. This new sector allows us to perform multiple studies associated with substations: AC & DC Station Service, Grounding, Lightning Protection, Lighting, and Trench and Conduit Fill. This latest strategic initiative will strengthen our service line to our existing clients while providing another entry point for new clients.\nThe new substation group has experience ranging from 500kV to 4kV. The team is led by Pete Baxter, an electrical engineer with a wealth of substation design and leadership experience. Pete is joined by Jamez Ellis, an electrical engineer who has six years of progressive substation experience. Rob Goodwin, a senior structural designer, adds sixteen years of design and detailing experience to our new substation team. Hicham Elazarifi, a substation designer and CAD technician, will add experience modeling substations in 2D as well as 3D.\nWe are very excited to welcome these four new team members to the Pickett family, as we know they will bring tremendous value to our clients. Our new substation offerings are currently in effect. For more information about our substation services, please contact info@www.pickettusa.com.\nFacebook\nTitle\nLinkedIn\nYouTube\nPickett and Associates – Tampa, FL\n5010 West Nassau Street\nTampa, FL 33607\n813.877.7770\n|\ninfo@pickettusa.com\n© 2022 Pickett USA. All Rights Reserved.\nWeb Design by Appnet.com |\nSitemap"
  },
  "doc_id": "43ac9cd4-9dba-5173-91b1-022b58b4eac7"
}