{
  "url": "http://skamania.com",
  "timestamp": 1735009776.473454,
  "text_by_page_url": {
    "http://skamania.com/columbia-river-gorge-hotel/contact-us": "Contact Us | Skamania Lodge\nSUBSCRIBE\n509-314-4177\nBook Now\nBook Now\nResort\nAmenities\nSustainability\nPolicies\nContact Us\nResort Map\nRooms\nSingle & Couple Rooms\nFamily Getaway Rooms\nSuites\nWindows on the Gorge\nPet Friendly Lodging\nADA Rooms\nTree House Village\nTree Houses\nGlamping\nCabins\nThe Villa\nPackages & Specials Offers\nExperiences\nOnsite Activities\nGorge Activities\nSeasonal Activities\nCurated Itineraries\nShopping\nCalendar of Events\nBackyard & Golf\nThe Gorge 9 Short Course\nLittle Eagle 18 Putting Course\nDisc Golf\nSkamania Adventures\nDining\nSpa + Wellness\nFitness Trail\nMeet Our Spa Manager\nWeddings\nIndoor Venues\nOutdoor Venues\nIntimate Weddings\nVendors\nWedding Party Experiences\nWinter Weddings\nÂ Request for Proposal\nMeetings & Events\nSmall Meetings & Retreats\nLarge Conferences\nBoard Meetings & Retreats\nSocial Events\nRequest for Proposal\nPhoto Gallery\nBest Rate Guarantee\nSUBSCRIBE\nThank you! Your submission has been received!\nOops! Something went wrong while submitting the form.\nResort Home\nResort Amenities\nSustainability\nPOLICIES\nContact Us\nDropdown\nContact Us\nResort Overview\nResort Amenities\nSustainability\nContact Us\nPlease Feel Free to Contact Us!\nFor career opportunities, please go to our\nCareers Page\n. Thank you!\nFor all other inquiries:\nMAIL ADDRESS\nSkamania Lodge\nP.O. Box 189\nStevenson, WA 98648\nDRIVING ADDRESS\n1131 SW Skamania Lodge Way\nStevenson, WA 98648\nPHONE\n844.432.4748\nUnlock a World of Wanderlust: Sign Up for Skamania Lodge's Email Subscriptions!\nBe the first to know about exclusive offers, thrilling promotions, and exciting updates! As a subscriber, you'll gain access to insider perks, personalized recommendations, and handpicked travel tips.\nSubscribe for News & Offers\nSkamania Lodge\n1131 SW Skamania Lodge Way\nStevenson, WA 98648\nMain: (844) 432-4748\nLocal: 509-314-4177\nExplore the Portfolio\nConnect With Us\nInstagram\nFacebook\nTwitter\nUseful Links\nLocationÂ & Directions\nPress & Media\nCareers\nPrivacy Policy\nBlog\nSubscribe\nContact Us\nSitemap\nAccessibility\nTravel Advisor Resources\nCookie Settings/Do Not Sell My Personal Information",
    "http://skamania.com/things-to-do/events": "Event Calendar | Skamania Lodge\nSUBSCRIBE\n509-314-4177\nBook Now\nBook Now\nResort\nAmenities\nSustainability\nPolicies\nContact Us\nResort Map\nRooms\nSingle & Couple Rooms\nFamily Getaway Rooms\nSuites\nWindows on the Gorge\nPet Friendly Lodging\nADA Rooms\nTree House Village\nTree Houses\nGlamping\nCabins\nThe Villa\nPackages & Specials Offers\nExperiences\nOnsite Activities\nGorge Activities\nSeasonal Activities\nCurated Itineraries\nShopping\nCalendar of Events\nBackyard & Golf\nThe Gorge 9 Short Course\nLittle Eagle 18 Putting Course\nDisc Golf\nSkamania Adventures\nDining\nSpa + Wellness\nFitness Trail\nMeet Our Spa Manager\nWeddings\nIndoor Venues\nOutdoor Venues\nIntimate Weddings\nVendors\nWedding Party Experiences\nWinter Weddings\nÂ Request for Proposal\nMeetings & Events\nSmall Meetings & Retreats\nLarge Conferences\nBoard Meetings & Retreats\nSocial Events\nRequest for Proposal\nPhoto Gallery\nBest Rate Guarantee\nSUBSCRIBE\nThank you! Your submission has been received!\nOops! Something went wrong while submitting the form.\nThings to Do Home\nOutdoor Activities\nSeasonal Activities\nExperience Itineraries\nShopping\nCAlendar of Events\nCalendar of Events\nMonth of the Event\nAll\nJanuary\nFebruary\nMarch\nApril\nMay\nJune\nJuly\nAugust\nSeptember\nOctober\nNovember\nDecember\nThank you! Your submission has been received!\nOops! Something went wrong while submitting the form.\nCategory of the Event\nAll\nActivities\nDining\nGolf\nLive Music\nLocal Events\nSpa\nSpecial Events\nThank you! Your submission has been received!\nOops! Something went wrong while submitting the form.\nEvery\nFriday\nSaturday\nDays\nVARY\nFri\n15\nSlow Roasted Prime Rib\n11.15.2024\n-\n12.27.2024\nCascade Dining Room\n2024-11-15\n2024-12-27\nDining\nRSVP\nLearn More\nEvery\nMonday\nDays\nVARY\nMon\n18\nBurger & Beer Mondays\n11.18.2024\n-\n3.3.2025\n2:00 PM - 8:00PM\nRiver Rock\n2024-11-18\n2025-03-03\nDining\nRSVP\nLearn More\nEvery\nTuesday\nDays\nVARY\nMon\n18\nTaco Tuesdays\n11.18.2024\n-\n3.3.2025\n2:00PM - 8:00PM\nRiver Rock\n2024-11-18\n2025-03-03\nDining\nRSVP\nLearn More\nEvery\nWednesday\nDays\nVARY\nMon\n18\nWing Wednesday\n11.18.2024\n-\n3.3.2025\n2:00PM - 8:00PM\nRiver Rock\n2024-11-18\n2025-03-03\nDining\nRSVP\nLearn More\nEvery\nDay\nDays\nVARY\nFri\n29\nSearch for Santa Scout\n11.29.2024\n-\n12.24.2024\n12:00PM - 9:00PM\n2024-11-29\n2024-12-24\nSpecial Events\nRSVP\nLearn More\nEvery\nNo items found.\nDays\nVARY\nSat\n30\nGingerbread House Workshop\n11.30.2024\n-\n12.24.2024\nTimes Vary\n2024-11-30\n2024-12-24\nActivities\nRSVP\nLearn More\nEvery\nDay\nDays\nVARY\nSat\n30\nSkamania Lodge Holiday Light Walk\n11.30.2024\n-\n1.3.2025\n4:30PM - 9:00PM\nSkamania Lodge\n2024-11-30\n2025-01-03\nActivities\nRSVP\nLearn More\nEvery\nDay\nDays\nVARY\nSat\n30\nLetters to Santa\n11.30.2024\n-\n12.16.2024\nLobby\n2024-11-30\n2024-12-16\nActivities\nRSVP\nLearn More\nEvery\nThursday\nFriday\nDays\nVARY\nThu\n5\nWreath Making Workshop\n12.5.2024\n-\n12.13.2024\n6:00PM - 7:00PM\n2024-12-05\n2024-12-13\nActivities\nRSVP\nLearn More\nEvery\nNo items found.\nDays\nVARY\nFri\n6\nGorge Game Room\n12.6.2024\n-\n1.1.2025\n12:00PM - 9:00PM\n2024-12-06\n2025-01-01\nActivities\nRSVP\nLearn More\nEvery\nNo items found.\nDays\nVARY\nSat\n7\nBuild-a-Friend Holiday Workshop\n12.7.2024\n-\n1.1.2025\n2024-12-07\n2025-01-01\nActivities\nRSVP\nLearn More\nEvery\nFriday\nDays\nVARY\nFri\n13\nHoliday Buffet\n12.13.2024\n-\n12.20.2024\n5:00PM - 8:30PM\nCascade Dining Room\n2024-12-13\n2024-12-20\nDining\nRSVP\nLearn More\nEvery\nNo items found.\nDays\nVARY\nSat\n14\nChristmas on the Farm with Santa\n12.14.2024\n-\n12.14.2024\n12:00PM - 2:00PM\nCedar Creek Alpaca Farm\n2024-12-14\n2024-12-14\nLocal Events\nRSVP\nLearn More\nEvery\nNo items found.\nDays\nVARY\nSat\n14\nHoliday Fun Run\n12.14.2024\n-\n12.14.2024\n10:00AM\nSkamania Lodge\n2024-12-14\n2024-12-14\nSpecial Events\nRSVP\nLearn More\nEvery\nNo items found.\nDays\nVARY\nSat\n14\nDine & Discover Series with Solena Estate\n12.14.2024\n-\n12.14.2024\n5:00PM - 9:00PM\n2024-12-14\n2024-12-14\nDining\nRSVP\nLearn More\nEvery\nNo items found.\nDays\nVARY\nSat\n21\nPaint with a Twist\n12.21.2024\n-\n12.21.2024\n2:00PM - 4:00PM\nSkamania Lodge\n2024-12-21\n2024-12-21\nActivities\nRSVP\nLearn More\nEvery\nNo items found.\nDays\nVARY\nSat\n21\nElf Storytime\n12.21.2024\n-\n12.24.2024\nGorge Room\n2024-12-21\n2024-12-24\nActivities\nRSVP\nLearn More\nEvery\nNo items found.\nDays\nVARY\nSat\n21\nWinter Solstice Celebration\n12.21.2024\n-\n12.21.2024\n5:00PM - 8:00PM\n2024-12-21\n2024-12-21\nSpecial Events\nRSVP\nLearn More\nEvery\nNo items found.\nDays\nVARY\nTue\n24\nCookies and Hot Cocoa with Santa's Elves\n12.24.2024\n-\n12.24.2024\n6:00PM - 9:00PM\nGorge Room\n2024-12-24\n2024-12-24\nSpecial Events\nRSVP\nLearn More\nEvery\nNo items found.\nDays\nVARY\nTue\n24\nElf Reading of The Night Before Christmas\n12.24.2024\n-\n12.24.2024\n8:30PM - 9:00PM\nGorge Room\n2024-12-24\n2024-12-24\nSpecial Events\nRSVP\nLearn More\nEvery\nNo items found.\nDays\nVARY\nWed\n25\nChristmas Day Buffet\n12.25.2024\n-\n12.25.2024\n11:00AM - 7:00PM\nCascade Dining Room\n2024-12-25\n2024-12-25\nDining\nRSVP\nLearn More\nEvery\nNo items found.\nDays\nVARY\nSun\n29\nGift of Music\n12.29.2024\n-\n12.31.2024\nGorge Room\n2024-12-29\n2024-12-31\nLive Music\nRSVP\nLearn More\nEvery\nNo items found.\nDays\nVARY\nTue\n31\nNew Year's Eve Celebration\n12.31.2024\n-\n12.31.2024\n9:00PM\nStevenson Ballroom\n2024-12-31\n2024-12-31\nSpecial Events\nRSVP\nLearn More\nEvery\nNo items found.\nDays\nVARY\nTue\n31\nNew Year's Eve Buffet\n12.31.2024\n-\n12.31.2024\n5:00PM - 8:30PM\nCascade Dining Room\n2024-12-31\n2024-12-31\nDining\nRSVP\nLearn More\nEvery\nSaturday\nDays\nVARY\nSat\n4\nBuild A Winter Woodland Friend Workshop\n1.4.2025\n-\n2.8.2025\n3:30PM - 5:30PM\n2025-01-04\n2025-02-08\nActivities\nRSVP\nLearn More\nEvery\nNo items found.\nDays\nVARY\nSat\n18\nDine & Discover Series with Willamette Valley Vineyards\n1.18.2025\n-\n1.18.2025\n5:00PM - 9:00PM\n2025-01-18\n2025-01-18\nDining\nRSVP\nLearn More\nEvery\nNo items found.\nDays\nVARY\nFri\n14\nSweetheart Stuffies Build A Friend Workshop\n2.14.2025\n-\n2.17.2025\n3:30PM - 5:30PM\n2025-02-14\n2025-02-17\nActivities\nRSVP\nLearn More\nEvery\nNo items found.\nDays\nVARY\nSat\n15\nDine & Discover Series with Purple Hands Wine\n2.15.2025\n-\n2.15.2025\n5:00PM - 9:00PM\n2025-02-15\n2025-02-15\nDining\nRSVP\nLearn More\nEvery\nNo items found.\nDays\nVARY\nSat\n22\nDine & Discover Series with Brook and Bull Cellars\n3.22.2025\n-\n3.22.2025\n5:00PM - 9:00PM\n2025-03-22\n2025-03-22\nDining\nRSVP\nLearn More\nEvery\nNo items found.\nDays\nVARY\nSat\n12\nDine & Discover Series with LâEcole No. 41\n4.12.2025\n-\n4.12.2025\n5:00PM - 9:00PM\n2025-04-12\n2025-04-12\nDining\nRSVP\nLearn More\nEvery\nNo items found.\nDays\nVARY\nSat\n17\nDine & Discover Series with Walla Walla Vintners\n5.17.2025\n-\n5.17.2025\n5:00PM - 9:00PM\n2025-05-17\n2025-05-17\nDining\nRSVP\nLearn More\nUnlock a World of Wanderlust: Sign Up for Skamania Lodge's Email Subscriptions!\nBe the first to know about exclusive offers, thrilling promotions, and exciting updates! As a subscriber, you'll gain access to insider perks, personalized recommendations, and handpicked travel tips.\nSubscribe for News & Offers\nSkamania Lodge\n1131 SW Skamania Lodge Way\nStevenson, WA 98648\nMain: (844) 432-4748\nLocal: 509-314-4177\nExplore the Portfolio\nConnect With Us\nInstagram\nFacebook\nTwitter\nUseful Links\nLocationÂ & Directions\nPress & Media\nCareers\nPrivacy Policy\nBlog\nSubscribe\nContact Us\nSitemap\nAccessibility\nTravel Advisor Resources\nCookie Settings/Do Not Sell My Personal Information",
    "http://skamania.com/wellness/spa-services": "Spa Services | Skamania Lodge\nSUBSCRIBE\n509-314-4177\nBook Now\nBook Now\nResort\nAmenities\nSustainability\nPolicies\nContact Us\nResort Map\nRooms\nSingle & Couple Rooms\nFamily Getaway Rooms\nSuites\nWindows on the Gorge\nPet Friendly Lodging\nADA Rooms\nTree House Village\nTree Houses\nGlamping\nCabins\nThe Villa\nPackages & Specials Offers\nExperiences\nOnsite Activities\nGorge Activities\nSeasonal Activities\nCurated Itineraries\nShopping\nCalendar of Events\nBackyard & Golf\nThe Gorge 9 Short Course\nLittle Eagle 18 Putting Course\nDisc Golf\nSkamania Adventures\nDining\nSpa + Wellness\nFitness Trail\nMeet Our Spa Manager\nWeddings\nIndoor Venues\nOutdoor Venues\nIntimate Weddings\nVendors\nWedding Party Experiences\nWinter Weddings\nÂ Request for Proposal\nMeetings & Events\nSmall Meetings & Retreats\nLarge Conferences\nBoard Meetings & Retreats\nSocial Events\nRequest for Proposal\nPhoto Gallery\nBest Rate Guarantee\nSUBSCRIBE\nThank you! Your submission has been received!\nOops! Something went wrong while submitting the form.\nSpa Services\nFITNESS & POOL\nMEET OUR SPA MANAGER\nDropdown\nWellness Home\nSpa Services\nFitness Trail\nRestorative Wellness Retreat\nWellness Meets Nature\nHOURS:\nMonday-Sunday 9am-6pm\nâ\nTo make an appointment or purchase products, call\n844-432-4748\nor email\nwaterleaf@skamania.com\n. Advance reservations are recommended.\nâ\nWith over a decade of expertise in massage and skincare, Waterleaf Spa at Skamania Lodge crafts personalized wellness experiences that nurture body, mind, and soul. Our team, blending 10 years of massage knowledge with 15 years in esthetics, tailors each treatment to your unique needs. Using Tara Therapy products in our massages, Vital Body CBD for inflammation, and Gulcin Botanicals in our deeply hydrating body treatments, our goal is to help you leave feeling revitalized, balanced, and deeply restored. Discover a new level of wellness at Waterleaf Spa.\nTreatment Menu\nMeet Our Spa Manager\nJan Marini Spring Skin Event\nItâs the Spring Skin Event! Guests who purchase a Jan Marini Skin Care Management Systemâ¢ from April 10-23, 2023 will receive a free* full size CLEAN ZYMEÂ® Cleanser and SKIN ZYMEÂ® Mask ($116 value).\nDon't wait! Stop by to purchase yours while supplies last!\nCall us now at\n844-432-4748\nemail\nwaterleaf@skamania.com\nfor additional information!\nMASSAGES\nAll massages ages 18+ only\nCBD Massage\n50 min Mon-Thu $180 | Fri-Sun $230\n80 min Mon-Thu $215 | Fri-Sun $265\nMelt away tension and transform your body with our CBD massage. By combining the benefits of massage with CBD, the endocannabinoid system is activated, leaving you feeling balanced and refreshed.\nSwedish Massage\n50 min Mon-Thu $130 | Fri-Sun $180\n80 min Mon-Thu $180 | Fri-Sun $230\nRe-focus and re-energize with our Swedish massage. By targeting the superficial muscles with gentle, relaxing pressure, this treatment soothes sore muscles and reduces fatigue to return your body to optimal condition.\nPrenatal Massage\n50 min Mon-Thu $130 | Fri-Sun $180\n80 min Mon-Thu $180 | Fri-Sun $230\nPamper your beautiful, powerful body with a prenatal massage. Specifically designed to alleviate discomfort during pregnancy, this treatment gently soothes soreness, reduces swelling, and provides benefits for you and your baby during every stage of your journey. Available after the first trimester only.\nAromatherapy Massage\n50 min Mon-Thu $140 | Fri-Sun $190\n80 min Mon-Thu $190 | Fri-Sun $240\nIndulge in the ultimate relaxation experience with aromatherapy massage. Feel your worries melt away as skilled hands work their magic, combining the power of therapeutic touch with the soothing scents of essential oils. Ask our Waterleaf Spa team about aromatherapy seasonal selections.\nTherapeutic Massage\n50 min Mon-Thu $140 | Fri-Sun $190\n80 min Mon-Thu $190 | Fri-Sun $240\nEscape from the aches and pains of everyday life with our therapeutic massage. By incorporating the manual manipulation of your bodyâs soft tissue, this treatment reduces stress and alleviates tension in sore muscles.\nLomi Lomi Massage\n50 min Mon-Thu $140 | Fri-Sun $190\n80 min Mon-Thu $190 | Fri-Sun $240\nThe nurturing strokes of this Hawaiian-inspired massage offer a multitude of health benefits and free your spiritual energy and personal power.\nDeep Tissue Massage\n50 min Mon-Thu $150 | Fri-Sun $200\n80 min Mon-Thu $200 | Fri-Sun $250\nRehabilitate your overworked body with our deep tissue massage. The techniques we use treat musculoskeletal issues by realigning the muscles with the connective tissue. The slow, deep strokes will target your troubled areas and relieve chronic pain, treat injuries, and reduce strain.\nColumbia River Rock Massage\n50 min Mon-Thu $150 | Fri-Sun $200\n80 min Mon-Thu $200 | Fri-Sun $250\nThis relaxing massage incorporates body rocks to loosen tense muscles. Choose heated stones for an incredibly soothing experience, or cold stones to reduce swelling and relieve sore muscles.\nCBD\n- Additional $40\nReduce inflammation and chronic pain to improve skin health and alleviate anxiety and stress.\nStress Relief Detoxing Mud\nAdditional $40\nEncourage profound tissue purification and stimulate cellular vitality with this innovative massage-mud.\nHot Stones\n- Additional $40\nEncourage profound tissue purification and stimulate cellular vitality with this innovative massage-mud.\nWINTER SPECIAL\nGinger Aromatherapy Massage\nâ\nPut yourself in a merry mood this holiday season with a Ginger Aromatherapy Massage. This treatment uses ginger aromatherapy and a combination of light and medium pressure to put you in a state of holiday bliss. Ginger enhances concentration, reduces anxiety, and battles fatigue.\n* 50 Minutes - $140 Mon-Thu | $190 Fri-Sun\n* 80 Minutes - $190 Mon-Thu | $240 Fri-Sun\nAvailable November 29 - January 1\nâ\nâ\nBODY TREATMENTS\nAll body treatments ages 18+ only\nBody Polish\n50 min Mon-Thu $160 | Fri-Sun $210\n80 min Mon-Thu $210 | Fri-Sun $260\nIndulge in full-body exfoliation with our body polish. This treatment will remove dead skin cells, promote cell regeneration, and deeply hydrate your skin.\nMud Wrap\n80 min Mon-Thu $210 | Fri-Sun $260\nThis all-natural, deeply purifying treatment uses a dry brushing and an algae-based mud wrap packed with nutrients to effectively flush toxins out of your body and leave your skin refreshed.\nCBD Wrap\n50 min Mon-Thu $180 | Fri-Sun $230\n80 min Mon-Thu $215 | Fri-Sun $265\nDetoxify and hydrate your skin with this healing wrap that includes a body brushing CBD and herbal oil wrap. It will stimulate your lymph system to reduce tension and revive your body.\nENHANCEMENTS\nHot Oil Scalp Treatment\n| 30 min - $65\nCombining warmed organic and essential oils, this treatment for all hair types includes scalp massage and hair-end application to promote overall hair health.\nPair with any spa service.\nAromatherapy Foot Scrub\n| 30 min - $65\nGive your overworked and tired feet some extra pampering with our luxurious Coconut Sugar Foot Scrub Therapy, to refresh and relax you from toes to heels.\nPair with any spa service.\nGinger Aromatherapy Add-Ons\nGinger isn't just for holiday cookies! During this festive season, our Ginger Aromatherapy can be added to any facial or other treatments. Enrich your skin with the warming, toning, rejuvenating, and invigorating benefits of ginger. This will be available from November 29 - January 1.\nâ\nORGANIC FACIALS\nAll facial treatments ages 18+ only, unless otherwise noted\nCustom Facial\n50 min Mon-Thu $145 | Fri-Sun $195\n80 min Mon-Thu $195 | Fri-Sun $245\nSkincare is deeply personal. Our made-to-order, custom facial will be designed specifically to target all your unique skincare concerns.\nGentleman's Facial\n50 min Mon-Thu $130 | Fri-Sun $180\n80 min Mon-Thu $180 | Fri-Sun $230\nOur Gentlemanâs Facial is tailored to meet his unique skin care needs, soothing irritation from shaving, refreshing dull skin and alleviating dryness. To enhance the health and appearance of your beard, weâll apply our nourishing beard oil â specially formulated to soften and condition facial hair, reducing itchiness and promoting a well-groomed look.\nTeen Facial\n50 min Mon-Thu $85 | Fri-Sun $135\n80 min Mon-Thu $125 | Fri-Sun $175\nThis facial specifically designed for teens aged 16-18 targets acne-prone, hormonal skin by deeply cleansing pores, removing impurities and reducing redness. The result: a glowing, clearer complexion! For ages 16-18 with accompanying adult in the room.\nAnti-Aging Facial\n50 min Mon-Thu $140 | Fri-Sun $190\n80 min Mon-Thu $195 | Fri-Sun $245\nTurn back time with our anti-aging facial that supports the production of collagen in the skin. This treatment lifts, firms, and reduces the appearance of fine lines, wrinkles, and hyperpigmentation.\nClarifying Facial\n50 min Mon-Thu $130 | Fri-Sun $180\n80 min Mon-Thu $180 | Fri-Sun $230\nBoost your confidence in your complexion with this clarifying facial. This treatment targets bacteria by purifying the pores and lessening the appearance of blemishes to balance your skin and leave you feeling radiant.\nHydro Jelly Facial\n50 min Mon-Thu $140 | Fri-Sun $190\n80 min Mon-Thu $190 | Fri-Sun $240\nExperience the ultimate hydration boost with our luxurious hydro jelly mask treatment at the spa. Indulge in a pampering session that will leave your skin feeling refreshed, plump, and glowing. The specially formulated jelly mask is infused with nourishing ingredients that deeply penetrate your skin, delivering intense hydration and restoring natural radiance.\nADVANCED FACIALS\nAll advanced facials and facial enhancements ages 18+ only\nFacial Enhancements\nNo additional time required\nCBD Facial Oil\n- $20\nAdditional time required 10-30 minutes\nEye Lift Contour\n- $20\nHydrating Lip Therapy\n- $20\nENHANCEMENTS\nHot Oil Scalp Treatment\n| 30 min - $65\nCombining warmed organic and essential oils, this treatment for all hair types includes scalp massage and hair-end application to promote overall hair health.\nPair with any spa service.\nAromatherapy Foot Scrub\n| 30 min - $65\nGive your overworked and tired feet some extra pampering with our luxurious Coconut Sugar Foot Scrub Therapy, to refresh and relax you from toes to heels.\nPair with any spa service.\nâ\nSKINCARE\nJan Marini Skin\nYou donât have to book an appointment to access medical-grade skincare products. Upgrade your daily skincare routine or find a serious solution for acne with Jan Mariniâs Skin Care Management System. It has everything you need for youthful, glowing skin.\nEminence\nTake the feeling of total relaxation and rejuvenation you experienced in Waterleaf Spa with you! Treat yourself year-round and update your self-care regimen by purchasing the products we use in our treatments. Eminence Organic Skincare products make every day feel like a spa day.\nPLEASE NOTE\nâ\nAs a courtesy to other guests and our therapists, please give us 24 hours notice if you must\ncancel or reschedule\nany treatments. Any appointments cancelled or rescheduled within 24 hours will be charged the\nfull treatment fee.\nGroups of 4 or more are subject to a 72 hour cancellation policy, and 18% gratuity will be added.\nâ\nWHAT TO WEAR\nWe provide a plush robes, towels, hair dryers and showers. Guests may wear their in-room bathrobes to and from the Spa. Please leave your valuables in a secure location.\nARRIVAL TIME\nTo begin your relaxation experience, please arrive 15 minutes prior to your first treatment. After your spa treatment, please feel free to enjoy our sauna and hot tubs.\nHEALTH CONCERNS\nPlease inform the spa therapist if you have any medical conditions.\nAGE REQUIREMENTS\nBody treatments are for guests age 18+.Teen facials are for age 16+ with parental or guardian consent and parent/guardian in the room at all times.\nWaterleaf Spa Staff Picks\nEminence Organic Skin Care products are proudly free of parabens, propylene glycol, sodium lauryl sulfates, harmful colorants and fragrances, mineral oils, petroleum, and other harsh cosmetic chemicals.\nOur products are handmade without any severe heating or hydrogenating processes that can affect the nutritional content and potency of natural ingredients. Vitamins are captured in their all-natural fresh base, offering dramatic results as actual seeds, pulps and peels impart regenerative and healing powers that only nature can produce.\nShop Now\nJan Marini Skin Care\nExperience dramatic transformation with Jan Marini Skin Care Management Systemâ¢ and see firsthand why it has been voted âThe Best Skin Care Systemâ for itâs 11th consecutive year as part of New Beauty Magazineâs Annual Beauty Choice Awards. From cleanser to sunscreen, your hydrating skin care kit is complete with everything you need for healthy, youthful looking skin!\nFeatured as our medical grade skin care line to meet your needs. Meet us at the Waterleaf Spa for a complimentary skin care consultation with our licensed professionals to create your plan for success. These products are also featured in our NEW results driven Advanced Facials found on our updated spa brochure.\nShop Now\nGINGER AROMATHERAPY ADD-ONS\nGinger isn't just for holiday cookies! During this festive season, our Ginger Aromatherapy can be added to any facial or other treatments. Enrich your skin with the warming, toning, rejuvenating, and invigorating benefits of ginger. This will be available from November 29 - January 1.\nGINGER AROMATHERAPY MASSAGE\nPut yourself in a merry mood this holiday season with a Ginger Aromatherapy Massage. This treatment uses ginger aromatherapy and a combination of light and medium pressure to put you in a state of holiday bliss. Ginger enhances concentration, reduces anxiety, and battles fatigue.\n* 50 Minutes - $140 Mon-Thu | $190 Fri-Sun\n* 80 Minutes - $190 Mon-Thu | $240 Fri-Sun\nAvailable November 29 - January 1\nGINGER AROMATHERAPY ADD-ONS\nGinger isn't just for holiday cookies! During this festive season, our Ginger Aromatherapy can be added to any facial or other treatments. Enrich your skin with the warming, toning, rejuvenating, and invigorating benefits of ginger. This will be available from November 29 - January 1.\nGINGER AROMATHERAPY MASSAGE\nGinger isn't just for holiday cookies! During this festive season, our Ginger Aromatherapy can be added to any facial or other treatments. Enrich your skin with the warming, toning, rejuvenating, and invigorating benefits of ginger. This will be available from November 29 - January 1.\nJAN MARINI SKIN CARE\nExperience dramatic transformation with Jan Marini Skin Care Management Systemâ¢ and see firsthand why it has been voted âThe Best Skin Care Systemâ for itâs 11th consecutive year as part of New Beauty Magazineâs Annual Beauty Choice Awards. From cleanser to sunscreen, your hydrating skin care kit is complete with everything.\nGINGER AROMATHERAPY ADD-ONS\nGinger isn't just for holiday cookies! During this festive season, our Ginger Aromatherapy can be added to any facial or other treatments. Enrich your skin with the warming, toning, rejuvenating, and invigorating benefits of ginger. This will be available from November 29 - January 1.\nGINGER AROMATHERAPY MASSAGE\nGinger isn't just for holiday cookies! During this festive season, our Ginger Aromatherapy can be added to any facial or other treatments. Enrich your skin with the warming, toning, rejuvenating, and invigorating benefits of ginger. This will be available from November 29 - January 1.\nJAN MARINI SKIN CARE\nExperience dramatic transformation with Jan Marini Skin Care Management Systemâ¢ and see firsthand why it has been voted âThe Best Skin Care Systemâ for itâs 11th consecutive year as part of New Beauty Magazineâs Annual Beauty Choice Awards. From cleanser to sunscreen, your hydrating skin care kit is complete with everything.\nUnlock a World of Wanderlust: Sign Up for Skamania Lodge's Email Subscriptions!\nBe the first to know about exclusive offers, thrilling promotions, and exciting updates! As a subscriber, you'll gain access to insider perks, personalized recommendations, and handpicked travel tips.\nSubscribe for News & Offers\nSkamania Lodge\n1131 SW Skamania Lodge Way\nStevenson, WA 98648\nMain: (844) 432-4748\nLocal: 509-314-4177\nExplore the Portfolio\nConnect With Us\nInstagram\nFacebook\nTwitter\nUseful Links\nLocationÂ & Directions\nPress & Media\nCareers\nPrivacy Policy\nBlog\nSubscribe\nContact Us\nSitemap\nAccessibility\nTravel Advisor Resources\nCookie Settings/Do Not Sell My Personal Information",
    "http://skamania.com/washington-weddings/services": "Skamania Wedding Services | Skamania Lodge\nSUBSCRIBE\n509-314-4177\nBook Now\nBook Now\nResort\nAmenities\nSustainability\nPolicies\nContact Us\nResort Map\nRooms\nSingle & Couple Rooms\nFamily Getaway Rooms\nSuites\nWindows on the Gorge\nPet Friendly Lodging\nADA Rooms\nTree House Village\nTree Houses\nGlamping\nCabins\nThe Villa\nPackages & Specials Offers\nExperiences\nOnsite Activities\nGorge Activities\nSeasonal Activities\nCurated Itineraries\nShopping\nCalendar of Events\nBackyard & Golf\nThe Gorge 9 Short Course\nLittle Eagle 18 Putting Course\nDisc Golf\nSkamania Adventures\nDining\nSpa + Wellness\nFitness Trail\nMeet Our Spa Manager\nWeddings\nIndoor Venues\nOutdoor Venues\nIntimate Weddings\nVendors\nWedding Party Experiences\nWinter Weddings\nÂ Request for Proposal\nMeetings & Events\nSmall Meetings & Retreats\nLarge Conferences\nBoard Meetings & Retreats\nSocial Events\nRequest for Proposal\nPhoto Gallery\nBest Rate Guarantee\nSUBSCRIBE\nThank you! Your submission has been received!\nOops! Something went wrong while submitting the form.\nWeddings Home\nIndoor venue\nOutdoor Venues\nIntimate Weddings\nVendors\nWedding Party Experiences\nRequest for Proposal\nDropdown\nWeddings Overview\nIndoor Sophistication\nOutdoor Venues\nIntimate Weddings\nVendors & Packages\nWedding Party Experiences\nRequest for a Proposal\nRecommended Vendors\nHandpicked for their excellent reputation by Skamania Lodgeâs wedding and catering team, these local professionals provide the finishing touch to your destination wedding outside Portland, Oregon in the Columbia River Gorge.\nRequest for Proposal\nFloral\nBloomsbury of Kanaka Creek Farm\n- 509.427.4444\nTrellis Florals\n- 509.493.4844\nApple Core Farm & Cut Flowers\n- 541.354.1520 | DIY wedding flowers and foliage; workspace and walk-in cooler available\nPhotography\nEmily Skye Photography\n- 775.781.9271\nMichael Peterson Photography\n- 541.399.2259\nMolly J Smith Photography\n- 480.235.5335\nKaty Weaver Photography\n- 503.840.9644\nSweet Life Photography\n- 971.219.9462\nLindsay Blair Photography\n- 503.869.2064\nSound Originals\n- 872-266-2830\nVideography\nFocal Point Digital Media\n- 503.588.0251\nMoving Pictures\n- 503.427.1920\nSound Originals\n- 872-266-2830\nDJs and Musicians\nGorge Wedding Music & DJ\nÂ - 541.645.5344\nDuo Con Brio\n- 503.407.6256\nJohn Ross Music and Production\n- 503.515.3559\nNW Mobile DJ Service\n- 503.380.6319\nStumptown DJs\n- Â 503.877.3357\nVancouver String Quartet\n- 360.261.2611\nCeremony Officiants\nMelissa Coe\n- 503.803.2385\nPenny Carter\n- 503.310.7832\nLoretta Rossini - 503.522.7303\nWedding Coordination\nYour Perfect Bridesmaid\n- 503.984.8652\nAmore Coordination\n- 503.502.9231\nAmanda Jean PDX Events\n- 503.568.2645\nBridal Bliss\n- 503.804.4901\nEvent Rentals & Lighting\nFive-Star Audio Visual\n(onsite at Skamania Lodge) - 509.427.2575\nRiverhood Rentals\n- 541.436.4801\nWest Coast Events\n- 503.294.0412\nArchive Rentals\n- 971.373.6203\nThe Party Place\n- 503.548.4880\nGreat Jones\n- 503.481.4449\nPower of Love Rentals\n- 971.266.3119\nWedding Cake & Desserts\nCake Happy\n- 844.778.2253\nWindflower Cakes\n- 541.399.4377\nNothing Bundt Cakes\n- 360-719-2358\nDream Cakes\n- 503.206.4148\nArt de Cuisine\n- 503-998-4432\nColumbia Gorge Confections\n- 971-334-0148\nTransportation\nEcoShuttle\n- 503.548.4480\nMartinâs Gorge Tours\n- 503.349.1323\nUSA Airport Shuttle\n- 971.506-9979\nExplore the Gorge\n- 541.386.2384\nHair &Â Makeup\nLeslie Woods | Hair & Makeup Stylist - 503.349.1939\nMakeup by Bella - 971.340.0976\nAll That Hair by Naomi Jaco | Wedding Hair Stylist - 509.637.5444\nKatya Lapierre | Hair & Makeup Stylist\n- (541) 806-2188\nStyle Me PDX\n- (971) 506-3082\nMiscellaneous Services\nHappyMatic Photo Booth\n- 503.953.3464\nCrystal Borup (yoga brought to you) - 360.600.2538 Â  Â  Â  Â  Â  Â  Â  Â  Â  Â  Â  Â  Â  Â  Â  Â  Â  Â  Â  Â  Â  Â  Â  Â  Â  Â  Â  Â  Â  Â  Â  Â  Â  Â  Â  Â  Â  Â\nâ\nZollerâs Outdoor Odysseys\n(white water rafting) â 509.493.2641\nBowerbird Events\n(drape) - 503.505.2712\nUnlock a World of Wanderlust: Sign Up for Skamania Lodge's Email Subscriptions!\nBe the first to know about exclusive offers, thrilling promotions, and exciting updates! As a subscriber, you'll gain access to insider perks, personalized recommendations, and handpicked travel tips.\nSubscribe for News & Offers\nSkamania Lodge\n1131 SW Skamania Lodge Way\nStevenson, WA 98648\nMain: (844) 432-4748\nLocal: 509-314-4177\nExplore the Portfolio\nConnect With Us\nInstagram\nFacebook\nTwitter\nUseful Links\nLocationÂ & Directions\nPress & Media\nCareers\nPrivacy Policy\nBlog\nSubscribe\nContact Us\nSitemap\nAccessibility\nTravel Advisor Resources\nCookie Settings/Do Not Sell My Personal Information",
    "http://skamania.com/meetings-and-events": "Meetings & Events | Skamania Lodge\nSUBSCRIBE\n509-314-4177\nBook Now\nBook Now\nResort\nAmenities\nSustainability\nPolicies\nContact Us\nResort Map\nRooms\nSingle & Couple Rooms\nFamily Getaway Rooms\nSuites\nWindows on the Gorge\nPet Friendly Lodging\nADA Rooms\nTree House Village\nTree Houses\nGlamping\nCabins\nThe Villa\nPackages & Specials Offers\nExperiences\nOnsite Activities\nGorge Activities\nSeasonal Activities\nCurated Itineraries\nShopping\nCalendar of Events\nBackyard & Golf\nThe Gorge 9 Short Course\nLittle Eagle 18 Putting Course\nDisc Golf\nSkamania Adventures\nDining\nSpa + Wellness\nFitness Trail\nMeet Our Spa Manager\nWeddings\nIndoor Venues\nOutdoor Venues\nIntimate Weddings\nVendors\nWedding Party Experiences\nWinter Weddings\nÂ Request for Proposal\nMeetings & Events\nSmall Meetings & Retreats\nLarge Conferences\nBoard Meetings & Retreats\nSocial Events\nRequest for Proposal\nPhoto Gallery\nBest Rate Guarantee\nSUBSCRIBE\nThank you! Your submission has been received!\nOops! Something went wrong while submitting the form.\nMeetings & Events Home\nSmall Meetings & Retreats\nLarge conferences\noffers\nBoard Meetings & Retreats\nSocial Events\nRequest for Proposal\nDropdown\nMeetings &Â Events Overview\nSmall Meetings & Retreats\nLarge conferences\nBoard Meetings & Retreats\nSocial Events\nRequest for a Proposal\nDiscover Your Meeting Experience\nMeetings with a Purpose\nIn a world of instantaneous and impersonal communication, itâs more important than ever to gather face-to-face. Not just to meet, but rather to create an environment where a message can be morphed into new insights, actions can be taken, and transformations can be observed.\nPartner with Skamania Lodge for your next transformational meeting near Portland, OR. From corporate retreats, association meetings, or social events, we curate experiences tailored to your groupâs desires and interests of exploration.\nRequest for Proposal\nMoonlight Pavilion\nNow Available for Reservations\nThe Moonlight Pavilion is the perfect backdrop for events, corporate retreats, weddings, and celebrations of all sizes, allowing guests to experience the breathtaking Cascade Mountain Range views and exquisite beauty of the Columbia River Gorge, right from the forest floor.\nLearn More\nCreative Brainstorming\nSmall Meetings &Â Retreats\nLarge Conferences\nBoard Meeting Retreats\nIncentive Events\nFloor Plans & Capacity\nTeam Building\nSocial Events\nFrom intimate dinners on the Meadow Patio to holiday parties in the Cascade Ballroom. Skamania hosts social events of all sizes and offers endless on-site activities and off-the-grid experiences in the Columbia River Gorge.\nLearn More\nGovernment Offers\nLEARN MORE\nCorporate Offers\nLEARN MORE\nMeet With Us\nReady to start planning? So are we. Submit a Request for Proposal to connect with us and learn more. Group Sales:\n800-376-9116\nUnlock a World of Wanderlust: Sign Up for Skamania Lodge's Email Subscriptions!\nBe the first to know about exclusive offers, thrilling promotions, and exciting updates! As a subscriber, you'll gain access to insider perks, personalized recommendations, and handpicked travel tips.\nSubscribe for News & Offers\nSkamania Lodge\n1131 SW Skamania Lodge Way\nStevenson, WA 98648\nMain: (844) 432-4748\nLocal: 509-314-4177\nExplore the Portfolio\nConnect With Us\nInstagram\nFacebook\nTwitter\nUseful Links\nLocationÂ & Directions\nPress & Media\nCareers\nPrivacy Policy\nBlog\nSubscribe\nContact Us\nSitemap\nAccessibility\nTravel Advisor Resources\nCookie Settings/Do Not Sell My Personal Information",
    "http://skamania.com/meetings-and-events/small-meetings": "Small Meetings & Retreats | Skamania Lodge\nSUBSCRIBE\n509-314-4177\nBook Now\nBook Now\nResort\nAmenities\nSustainability\nPolicies\nContact Us\nResort Map\nRooms\nSingle & Couple Rooms\nFamily Getaway Rooms\nSuites\nWindows on the Gorge\nPet Friendly Lodging\nADA Rooms\nTree House Village\nTree Houses\nGlamping\nCabins\nThe Villa\nPackages & Specials Offers\nExperiences\nOnsite Activities\nGorge Activities\nSeasonal Activities\nCurated Itineraries\nShopping\nCalendar of Events\nBackyard & Golf\nThe Gorge 9 Short Course\nLittle Eagle 18 Putting Course\nDisc Golf\nSkamania Adventures\nDining\nSpa + Wellness\nFitness Trail\nMeet Our Spa Manager\nWeddings\nIndoor Venues\nOutdoor Venues\nIntimate Weddings\nVendors\nWedding Party Experiences\nWinter Weddings\nÂ Request for Proposal\nMeetings & Events\nSmall Meetings & Retreats\nLarge Conferences\nBoard Meetings & Retreats\nSocial Events\nRequest for Proposal\nPhoto Gallery\nBest Rate Guarantee\nSUBSCRIBE\nThank you! Your submission has been received!\nOops! Something went wrong while submitting the form.\nMeetings & Events Home\nSmall Meetings & Retreats\nLarge conferences\noffers\nBoard Meetings & Retreats\nSocial Events\nRequest for Proposal\nDropdown\nMeetings &Â Events Overview\nSmall Meetings & Retreats\nLarge conferences\nBoard Meetings & Retreats\nSocial Events\nRequest for a Proposal\nSmall Meetings & Retreats\nEscape the office and bring your small but mighty team to experience an off-site meeting or retreat at Skamania Lodge in Stevenson, Washington. Discover how exciting teambuilding, breathtaking nature, and a fresh environment can re-energize your team and elevate their engagement and performance.\nExperience is Everything\nTake a peek at some of the small meetings & retreats before you.\nPhoto Credit: Gorge Paddling Center\nPhoto Credit: Gaurdian\nPhoto Credit\n: Ginn Realty Group\nPhoto Credit\n: Tidewatch\nInspire Your Team Outside the Office\nOff-site meetings are to work what vacations are to life. They inject fun, camaraderie, and creativity into a team. And just like searching for a vacation destination, an off-site meeting venue should reflect the goals and experiences your group is looking to achieve.\nSkamania Lodgeâs Washington State conference center is purpose built for transformational meetings. With 23 state of the art meeting rooms and over 22,000 sq feet of indoor meeting and event space, our diverse range of meeting venues create an inspirational environment for teams both big and small. Continue below to view our recommended spaces for small meetings and retreats.\nView Floorplan & Capacities\nView Features of The Washington Room\nTHE WASHINGTON ROOM\nThis cozy and sophisticated soft seating space is designed for creative meetings. Bright and warm, it's comfortable and conversational style dÃ©cor will put everyone at ease and prepare the team for positive collaboration.\nAs an added bonus, the Washington Room includes the adjacent outdoor Boulder Terrace with additional patio seating, private fire pit and cafÃ© lighting, affording an indoor/outdoor meeting experience.\nâ\nâ\nCapacity\n: Reception - 20\nâ\nâ\nSize:\n713 sq ft\nâ\nâ\nFeatures:\nHanging lights and hardwood floors\nRolling buffet station with beverage fridge\nBuilt-in 60\" flat screen TV\nChalkboard wall\nSoft seating\nDart board\nGiant scrabble board\nVarious board games\nVintage-style record player\nSpecialized Food and Beverage Offerings\nView Features of Baker Room\nBaker Meeting Room\nIf your team needs to focus and collaborate, then Baker Room is the perfect space for your small meeting. Natural light flows through the floor to ceiling windows keeping your team energized and active during their meeting. This flexible space is also perfect for u-shape discussions or important presentations utilizing the built-in drop down screen.\nâ\nCapacity:\nClassroom 24\nH Square 24\nU Shape 20\nTheater 40\nReception 30\nRounds 40\nConference 20\nFeatures:\nFloor to ceiling windows\nAccess to outdoor terrace\nPull down screen\nView Features of Meadow Room\nMeadow Room\nâ\nSize:\n416 sq ft.\nâ\nCapacity:\n14\nâ\nFeatures:\nPanoramic windows facing the Columbia River and Cascade Mountains\nLarge conference table with comfortable seating\nWet bar\nDrop down screen\nConnecting outdoor patio\nNourish Your Attendees\nGroup Catering\nFresh, inspired, delicious. Discover mindfully crafted catering menus to fuel your event. For smaller more intimate meetings, we have designed a catering menu packed with flavor and tailored to size, so nothing goes to waste.\nView Catering Menu for Groups 25 or less\nThe Cascade Dining Room\nDrink in the views. Discover our passion for flavorful, locally sourced ingredients; from fresh caught Columbia River Steelhead in our signature tacos to locally sourced Prime Rib. Each ingredient is mindfully selected and creatively combined for an authentic and memorable Pacific Northwest dining experience.\nView Cascade Dining Room\nChallenge. Bond. Excite.\nTEAMBUILDING\nClimb through the trees. Chuck a bullseye axe throwing. Add your own spice to the Guacamole & Salsa competition. Connect and imbibe on a guided winery or brewery tour through the Columbia River Gorge. Explore Skamania's experiential team building activities that pull you away from the desk and into the Gorge, so you can truly bond as a team.\nView Teambuilding Menu\nUnlock a World of Wanderlust: Sign Up for Skamania Lodge's Email Subscriptions!\nBe the first to know about exclusive offers, thrilling promotions, and exciting updates! As a subscriber, you'll gain access to insider perks, personalized recommendations, and handpicked travel tips.\nSubscribe for News & Offers\nSkamania Lodge\n1131 SW Skamania Lodge Way\nStevenson, WA 98648\nMain: (844) 432-4748\nLocal: 509-314-4177\nExplore the Portfolio\nConnect With Us\nInstagram\nFacebook\nTwitter\nUseful Links\nLocationÂ & Directions\nPress & Media\nCareers\nPrivacy Policy\nBlog\nSubscribe\nContact Us\nSitemap\nAccessibility\nTravel Advisor Resources\nCookie Settings/Do Not Sell My Personal Information",
    "http://skamania.com/meetings-and-events/conferences": "Conference Meetings | Skamania Lodge\nSUBSCRIBE\n509-314-4177\nBook Now\nBook Now\nResort\nAmenities\nSustainability\nPolicies\nContact Us\nResort Map\nRooms\nSingle & Couple Rooms\nFamily Getaway Rooms\nSuites\nWindows on the Gorge\nPet Friendly Lodging\nADA Rooms\nTree House Village\nTree Houses\nGlamping\nCabins\nThe Villa\nPackages & Specials Offers\nExperiences\nOnsite Activities\nGorge Activities\nSeasonal Activities\nCurated Itineraries\nShopping\nCalendar of Events\nBackyard & Golf\nThe Gorge 9 Short Course\nLittle Eagle 18 Putting Course\nDisc Golf\nSkamania Adventures\nDining\nSpa + Wellness\nFitness Trail\nMeet Our Spa Manager\nWeddings\nIndoor Venues\nOutdoor Venues\nIntimate Weddings\nVendors\nWedding Party Experiences\nWinter Weddings\nÂ Request for Proposal\nMeetings & Events\nSmall Meetings & Retreats\nLarge Conferences\nBoard Meetings & Retreats\nSocial Events\nRequest for Proposal\nPhoto Gallery\nBest Rate Guarantee\nSUBSCRIBE\nThank you! Your submission has been received!\nOops! Something went wrong while submitting the form.\nMeetings & Events Home\nSmall Meetings & Retreats\nLarge conferences\noffers\nBoard Meetings & Retreats\nSocial Events\nRequest for Proposal\nDropdown\nMeetings &Â Events Overview\nSmall Meetings & Retreats\nLarge conferences\nBoard Meetings & Retreats\nSocial Events\nRequest for a Proposal\nLarge Conferences\nConnections thrive when we meet face-to-face. We see it every day. Whether itâs a breakthrough during a brainstorming exercise, a bond forged while challenging comfort zones on our\nAdventure Park\n, or a creative idea sparked by a\nwalk-through nature\n. A change of environment is essential for growth and why transformational meetings are not rare at Skamania Lodge - they're expected. Bring your large conference, association meeting, or event to the Washington state conference center at Skamania Lodge. Experience 175 acres of beautiful nature, energizing meeting spaces, delicious catering options and experiential team building.\nExperience is Everything.\nTake a Peek at the Large Conferences and Meetings Before You.\nPhoto Credit: Gaurdian\nPhoto Credit: Skamania Adventures\nPhoto Credit: Social Codes\nPhoto Credit: Kittleson & Associates\nInspire Your Team Outside the Office\nSkamania proudly features 23 state-of-the-art meeting rooms with over 22,000 square feet of indoor meeting space, including exhibit and banquet facilities. Our flexible meeting space ranges in size from 250 square feet for intimate gatherings to 7,000 square feet, accommodating food and beverage functions for up to 500 people.\nView Floorplan & Capacities\nView Features of The Riverview Pavilion\nThe Riverview Pavilion\nOur dedication to exceptional meetings and events begins with extraordinary spaces. The Riverview Pavilion at Skamania features over 2,500 square feet of covered, yet open event space perfect for corporate meetings, social events, and spectacular lunches or dinners.\nâ\nSize\n: 2,500 sq ft.\nâ\nCapacity:\nReception 300\nRounds 180\nFeatures:\nBreathtaking views of the Cascade Mountains & Columbia River\nTwo indoor fireplaces\nTwo outdoor fire pits\nWarm cafÃ© lighting\nChef's outdoor grill\nBuilt-in heating\nRestrooms\nView Features of the Moonlight Pavilion\nMoonlight Pavilion\nâ\nThe Moonlight Pavilion is the perfect backdrop for events, corporate retreats, weddings and celebrations of all sizes, allowing guests to experience the breathtaking Cascade Mountain Range views and the exquisite beauty of the Columbia Gorge, right from the forest floor.\nâ\nSize\n: 2,100 sq ft.\nâ\nCapacity:\nReception 180\nSeats 120\nFeatures:\nSpectacular view of the Cascade Mountain Range\nFour built-in gas firepits and heat lamps to ensure optimal comfort during the shoulder months\nInteractive open air grill for chef-led dining experiences\nBuilt in bar complete with beer taps, wine storage, and space to build signature hand-crafted cocktails\nTwo beautiful restrooms with ceramic tile and tight knot cedar finished walls\nView Features of Hood Room\nHood Meeting Room\nâ\nCapacity:\nClassroom 48\nH Square 40\nU Shape 30\nTheater 96\nReception 50\nRounds 88\nConference 28\nSize: 1472 Sq. Ft.\nFeatures:\nDrop down screen\nLarge floor to ceiling windows\nAccess to outdoor terrace\nView Features of Baker Room\nBaker Meeting Room\nâ\nCapacity\n:\nClassroom 24\nH Square 24\nU Shape 20\nTheater 40\nReception 30\nRounds 40\nConference 20\nSize\n: 713 sq ft.\nâ\nFeatures:\nFloor to ceiling windows\nAccess to outdoor terrace\nPull down screen\nView Features of the Summit Rooms\nSummit Meeting Rooms\nMAIN LEVEL\nSummit 1\n: Size 322 sq ft.\nSummit 2\n: Size 322 sq ft.\nSummit 3\n: Size 322 sq ft.\nSummit 4\n: Size 256 sq ft.\nLOWER LEVEL\nSummit 5\n: Size 420 sq ft.\nSummit 6\n: Size 420 sq ft.\nSummit 7\n: Size 400 sq ft.\nSummit 8: Size 336 sq ft.\nSummit 9: Size 360 sq ft.\nTech That Keeps You Moving\nFIVE-STAR AUDIOVISUAL\nFive-Star Audiovisual serves at Skamania Lodge's in house source of audio visual rental equipment and professional technical services for guests using the conference center meeting facilities.\nFive-Star Audiovisual Provides:\nConsultation & Pre-Production Design\nFull Line of Theatrical and Stage Lighting\nProfessional and Experienced On-Site Staff\nComputer Data Projection\nLive Multi-Camera Switching\nDigital Audio Capture/CD Recording\nMulti-Image Presentation\nHighlight Video Capture and Editing\nSkamania Lodge has selected Five-Star Audiovisual as the official source of audio visual rental equipment, concert sound systems, stage lighting, and professional technical services for guests using the hotel's meeting facilities.\nBecause Five-Star's on-site staff functions as a department of the Lodge, they are totally familiar with the unique aspects of our Washington State event venues and can offer a consistently superior service to ensure the quality and effectiveness of your meeting.\nFor your convenience, all charges for audio visual equipment and services will be posted on your master account. If a master account is not established with the hotel, payment is required at the time of your event by check, American Express, Visa, Mastercard, or Diner's Club.\nPhone: (509) 427-2575\nNourish Your Attendees\nDINING & CATERING\nDrink in breathtaking views and savor delicious, locally sourced Northwest cuisine by Chef Hale in Skamania's largest restaurant, or fuel your team with fresh, nutritious and delicious catering menus for your off-site meeting near Portland, Oregon.\nGroup Catering\nFresh, inspired, delicious. Discover mindfully crafted catering menus to fuel your event. For larger meetings, we've designed a catering menu packed with flavors inspired by the Northwest and tailored to size so nothing goes to waste.\nView Catering Menu for Groups of 25 or More\nOutdoor Pavilion Dining\nDrink in the views. Discover our passion for flavorful, locally sourced ingredients; from fresh caught Columbia River Steelhead to locally sourced Tri Tip. Each ingredient is hand-selected and creatively combined for an authentic and memorable Northwest dining experience.\nView Pavilion Catering Menu\nChallenge Your Comfort Zones\nClimb through the trees. Chuck a bullseye axe throwing. Add your own spice to the Guacamole & Salsa competition. Connect and imbibe on a guided winery or brewery tour through the Columbia River Gorge. Explore Skamania's experiential team building activities that pull you away from the desk and into the Gorge, so you can truly bond as a team.\nView Team Building Menu\nUnlock a World of Wanderlust: Sign Up for Skamania Lodge's Email Subscriptions!\nBe the first to know about exclusive offers, thrilling promotions, and exciting updates! As a subscriber, you'll gain access to insider perks, personalized recommendations, and handpicked travel tips.\nSubscribe for News & Offers\nSkamania Lodge\n1131 SW Skamania Lodge Way\nStevenson, WA 98648\nMain: (844) 432-4748\nLocal: 509-314-4177\nExplore the Portfolio\nConnect With Us\nInstagram\nFacebook\nTwitter\nUseful Links\nLocationÂ & Directions\nPress & Media\nCareers\nPrivacy Policy\nBlog\nSubscribe\nContact Us\nSitemap\nAccessibility\nTravel Advisor Resources\nCookie Settings/Do Not Sell My Personal Information",
    "http://skamania.com/meetings-and-events/board-meetings-retreats": "Board Meetings & Retreats | Skamania Lodge\nSUBSCRIBE\n509-314-4177\nBook Now\nBook Now\nResort\nAmenities\nSustainability\nPolicies\nContact Us\nResort Map\nRooms\nSingle & Couple Rooms\nFamily Getaway Rooms\nSuites\nWindows on the Gorge\nPet Friendly Lodging\nADA Rooms\nTree House Village\nTree Houses\nGlamping\nCabins\nThe Villa\nPackages & Specials Offers\nExperiences\nOnsite Activities\nGorge Activities\nSeasonal Activities\nCurated Itineraries\nShopping\nCalendar of Events\nBackyard & Golf\nThe Gorge 9 Short Course\nLittle Eagle 18 Putting Course\nDisc Golf\nSkamania Adventures\nDining\nSpa + Wellness\nFitness Trail\nMeet Our Spa Manager\nWeddings\nIndoor Venues\nOutdoor Venues\nIntimate Weddings\nVendors\nWedding Party Experiences\nWinter Weddings\nÂ Request for Proposal\nMeetings & Events\nSmall Meetings & Retreats\nLarge Conferences\nBoard Meetings & Retreats\nSocial Events\nRequest for Proposal\nPhoto Gallery\nBest Rate Guarantee\nSUBSCRIBE\nThank you! Your submission has been received!\nOops! Something went wrong while submitting the form.\nMeetings & Events Home\nSmall Meetings & Retreats\nLarge conferences\noffers\nBoard Meetings & Retreats\nSocial Events\nRequest for Proposal\nDropdown\nMeetings &Â Events Overview\nSmall Meetings & Retreats\nLarge conferences\nBoard Meetings & Retreats\nSocial Events\nRequest for a Proposal\nBoard Meetings & Retreats\nItâs easy to think big picture when gazing at the mountains and spectacular river views. Go beyond the boardroom and getaway to Skamania Lodge. Unlock innovations, strengthen bonds, and plan for the year ahead with 175-acres of nature and limitless inspiration. Whether itâs a strategic board meeting or leadership retreat, our stunning location in the Columbia River Gorge combined with our exciting team building options, refreshing meeting spaces, and energizing catering options will fuel your team for what is ahead.\nExperience is Everything\nPhoto Credit: Kittleson & Associates\nPhoto Credit: Kate Holt Photography\nPhoto Credit: Ginn Realty Group\nPhoto Credit: The Gorge Paddling Center\nRecharge in Nature\nACCOMMODATIONS\nWINDOWS ON THE GORGE\nFeel like youâre flying through the Cascade Mountains when you stay in our Windows on the Gorge rooms. Located on the top floor, these amazing accommodations welcome bright natural light and breathtaking views through floor-to-ceiling windows. The spacious living area includes a cozy fireplace, creating the perfect space to relax and unwind after your off-site meeting.\nSee Inside\nEXECUTIVE SUITES\nWhether you need more space to focus and work, or unplug and relax, the suites at Skamania Lodge offer the quintessential Northwest experience with the added luxury of upgraded amenities. Step out to your private balcony in our Gorge Suite, relax by a cozy living room fireplace in the Woodland Suite, or gaze at jaw-dropping views from our largest accommodation â The Hood River Suite.\nView All Suites\nLUXURY TREE HOUSES\nDiscover the ultimate spot to unplug and disconnect after your meeting at Skamania. Surrounded by nature and the tall Douglas Fir old-growth forest, enjoy a quiet evening at the private forest firepit with a bottle of wine. Drink in the views and your morning coffee on your private deck and enjoy luxurious amenities made for an unforgettable experience in Skamania's Tree Houses.\nSee Inside\nInspire Your Team Outside the Office\nSkamania Lodgeâs Washington State conference center is purpose built for transformational meetings. With 23 state of the art meeting rooms and over 22,000 sq feet of indoor meeting and event space, our diverse range of meeting venues create an inspirational environment for board meetings and retreats. Continue below to view our recommended spaces.\nView Floorchart & Capacities\nView Features of The Washington Room\nThe Washington Room\nThis cozy and sophisticated soft seating space is designed for creative meetings. Bright and warm, it's comfortable and conversational style dÃ©cor will put everyone at ease and prepare the team for positive collaboration.\nAs an added bonus, the Washington Room includes the adjacent outdoor Boulder Terrace with additional patio seating, private fire pit and cafÃ© lighting, affording an indoor/outdoor meeting experience.\nâ\nCapacity\n: Reception Â 20\nâ\nSize:\n713 sq ft\nâ\nFeatures:\nHanging lights and hardwood floors\nRolling buffet station with beverage fridge\nBuilt-in 60\" flat screen TV\nChalkboard wall\nSoft seating\nDart board\nGiant scrabble board\nVarious board games\nVintage-style record player\nSpecialized Food and Beverage Offerings\nView Features of Adams Room\nAdams Meeting Room\nâ\nCapacity:\nClassroom 48\nH Square 40\nU Shape 30\nTheater 96\nReception 50\nRounds 88\nConference 28\nSize: 1472 Sq. Ft.\nFeatures:\nDrop down screen\nLarge floor to ceiling windows\nAccess to outdoor terrace\nView Features of Meadow Room\nSize:\n416 sq ft.\nâ\nCapacity:\n14\nâ\nFeatures:\nPanoramic windows facing the Columbia River and Cascade Mountains\nLarge conference table with comfortable seating\nWet bar\nDrop down screen\nView Features of the Library\nThe Library\nâ\nSize:\n476 sq ft.\nâ\nCapacity:\n14\nâ\nFeatures:\nLocated on the second floor\nWindows overlooking the Columbia River and Cascade Mountains\nWindows peering out into the Gorge Room\nLarge conference desk with comfortable seating\nTaste the Northwest\nCATERING & DINING\nFULL-SERVICE CATERING\nFresh, inspired, delicious. Discover mindfully crafted catering menus to fuel your event. For smaller intimate meetings, we've designed a catering menu packed with flavor and tailored to size so nothing goes to waste.\nView Menu\nTHE CASCADE DINING ROOM\nDrink in the views. Discover our passion for flavorful, locally sourced ingredients; from fresh caught Columbia River Steelhead in our signature tacos to locally sourced Prime Rib. Each ingredient is mindfully selected and creatively combined for an authentic and memorable Northwest dining experience.\nLearn More\nAWARD WINNING WINE LIST\nWeâre collectors of the Northwest. Connoisseurs of local craft, and wine is our passion. From the vines of the Columbia Valley all the way to the Willamette, we source the finest wines from local wineries, so you can taste the authentic flavors of our region.\nView Wine List\nChallenge Your Comfort Zones\nTEAM BUILDING\nClimb through the trees. Chuck a bullseye axe throwing. Add your own spice to the Guacamole & Salsa competition. Connect and imbibe on a guided winery or brewery tour through the Columbia River Gorge. Explore Skamania's experiential team building activities that pull you away from the desk and into the Gorge, so you can truly bond as a team.\nView Team Building Menu\nUnlock a World of Wanderlust: Sign Up for Skamania Lodge's Email Subscriptions!\nBe the first to know about exclusive offers, thrilling promotions, and exciting updates! As a subscriber, you'll gain access to insider perks, personalized recommendations, and handpicked travel tips.\nSubscribe for News & Offers\nSkamania Lodge\n1131 SW Skamania Lodge Way\nStevenson, WA 98648\nMain: (844) 432-4748\nLocal: 509-314-4177\nExplore the Portfolio\nConnect With Us\nInstagram\nFacebook\nTwitter\nUseful Links\nLocationÂ & Directions\nPress & Media\nCareers\nPrivacy Policy\nBlog\nSubscribe\nContact Us\nSitemap\nAccessibility\nTravel Advisor Resources\nCookie Settings/Do Not Sell My Personal Information",
    "http://skamania.com/meetings-and-events/social-events": "Celebrations & Events Venue | Skamania Lodge\nSUBSCRIBE\n509-314-4177\nBook Now\nBook Now\nResort\nAmenities\nSustainability\nPolicies\nContact Us\nResort Map\nRooms\nSingle & Couple Rooms\nFamily Getaway Rooms\nSuites\nWindows on the Gorge\nPet Friendly Lodging\nADA Rooms\nTree House Village\nTree Houses\nGlamping\nCabins\nThe Villa\nPackages & Specials Offers\nExperiences\nOnsite Activities\nGorge Activities\nSeasonal Activities\nCurated Itineraries\nShopping\nCalendar of Events\nBackyard & Golf\nThe Gorge 9 Short Course\nLittle Eagle 18 Putting Course\nDisc Golf\nSkamania Adventures\nDining\nSpa + Wellness\nFitness Trail\nMeet Our Spa Manager\nWeddings\nIndoor Venues\nOutdoor Venues\nIntimate Weddings\nVendors\nWedding Party Experiences\nWinter Weddings\nÂ Request for Proposal\nMeetings & Events\nSmall Meetings & Retreats\nLarge Conferences\nBoard Meetings & Retreats\nSocial Events\nRequest for Proposal\nPhoto Gallery\nBest Rate Guarantee\nSUBSCRIBE\nThank you! Your submission has been received!\nOops! Something went wrong while submitting the form.\nMeetings & Events Home\nSmall Meetings & Retreats\nLarge conferences\noffers\nBoard Meetings & Retreats\nSocial Events\nRequest for Proposal\nDropdown\nMeetings &Â Events Overview\nSmall Meetings & Retreats\nLarge conferences\nBoard Meetings & Retreats\nSocial Events\nRequest for a Proposal\nSocial Events\nWhat truly makes an event memorable and remarkable is the destination. At Skamania, social events are a time to reconnect face-to-face in an inspiring, fun, and energizing environment. Just 45 minutes outside Portland, OR, tucked between the evergreen forest and Columbia River, bring your social event to Skamania Lodge. Whether it's ziplining through our\nAdventure Park\n, playing a round on our\ngolf courses\n, or relaxing at the\nspa\n, there's something for everyone to experience and explore.\nLet Us Be the Backdrop for Your Event\nANNIVERSARY CELEBRATIONS\nREUNIONS\nBIRTHDAY & RETIREMENT PARTIES\nHOLIDAY PARTIES\nView Menu\nDiscover Your Dream Event Space\nSkamania proudly features 23 state-of-the-art meeting and event rooms with over 22,000 square feet of indoor event space, including exhibit and banquet facilities. Our flexible spaces range in size from 250 square feet for intimate gatherings to 7,000 square feet, accommodating food and beverage functions for up to 500 people.\nView Floorplan & Capacities\nWashington Room & Boulder Terrace\nThe Washington Room and connecting Boulder Terrace\nCapacity: Reception - 20\nSize: 713 sq ft\nâ\nFeatures:\nHanging lights and hardwood floors\nRolling buffet station with beverage fridge\nBuilt-in 60\" flat screen TV\nChalkboard wall\nSoft seating\nDart board\nGiant scrabble board\nVarious board games\nVintage-style record player\nSpecialized Food and Beverage Offerings\nAs an added bonus, the Washington Room includes the adjacent outdoor Boulder Terrace with additional patio seating, private fire pit and cafÃ© lighting, affording an indoor/outdoor meeting experience.\nForest Fire Pit\nThe Forest Fire Pit\nâ\nCapacity:\nClose to amenities like Axe Throwing and Golf\nCafÃ© lights for ambiance\nPrivate Fire pit\nCovered seating area with casual seating\nRestrooms\nPeaceful setting tucked away from the main Lodge\nBeautiful views of the Red Bluff Mountains\nGarden Patio & Meadow Patio\nGarden Patio\nSize: 1875 sq ft.\nFeatures:\nPrivate and intimate outdoor setting\nBeautiful natural foliage and trees\nCentrally located\nGreat for casual receptions, dinners, or upscale garden parties\nMeadow Patio\nSize: 572\nFeatures:\nBreathtaking views of the Cascade Mountains and Columbia River\nPerfect for casual receptions and dinners\nThe Riverview Pavilion\nOur dedication to exceptional events begins with extraordinary spaces. The Riverview Pavilion at Skamania features over 2,500 square feet of covered, yet open event space perfect for social events and spectacular lunches or dinners.\nâ\nSize\n: 2,500 sq ft.\nâ\nCapacity\n:\nReception 300\nRounds 180\nFeatures:\nBreathtaking views of the Cascade Mountains & Columbia River\nTwo indoor fireplaces\nTwo outdoor fire pits\nWarm cafÃ© lighting\nChef's outdoor grill\nBuilt-in heating\nRestrooms\n*Site fee ranges from $2,000 - $7,500.\nIndoor Venues\nCASCADE BALLROOM\nâ\nSize\n: 4620 sq ft. Â\nFlexible ballroom space that's perfect for hosting large social events\nBig stage with audio-visual services that's great for speeches, performances, or presentations.\nDance floor that's perfect for parties\nBAKER ROOM Size: 713 sq ft.\nADAMS ROOM Size: 1472 Sq. Ft.\nHOOD ROOM Size: 1472 Sq. Ft.\nâ\nFlexible event spaces that are perfect for more intimate social gatherings\nGreat for hosting formal dinners\nAudio-visual services for presentaions, performances, or speeches\nBreak Bread & Make Memories\nFULL-SERVICE CATERING\nDrink in the views. Discover our passion for flavorful, locally sourced ingredients; from fresh caught Columbia River Steelhead in our signature tacos to locally sourced Prime Rib. Each ingredient is mindfully selected and creatively combined for an authentic and memorable Northwest dining experience.\nView Menu\nExplore Group Experiences\nTo learn more or book these experiences give us a call at\n800-376-9116\n.\nSKAMANIA LODGE ADVENTURES\nThrill your group with our on-site Adventure Park. Choose from three incredible options: Zipline Tour, Aerial Park Obstacle Course or Axe Throwing.\nGOLF\nGather your group for a fun challenge on our brand new golf courses! Take a swing on the\nGorge 9-Hole Short Course\n, or practice your putt at our\nLittle Eagle 18-Hole Putting Course\n.\nWATERLEAF SPA\nRejuvenate with a pampering massage, body treatment or facial in our signature spa. *Reopening spring of 2021.\nYOGA\nBring the benefits of yoga â reduced stress, improved flexibility and balance, increased strength â to your group. Weâll provide a certified yoga instructor, a comfortable space and yoga mats for up to 30 guests.\nWHITEWATER RAFTING\nFor those with a spirit of adventure, whitewater rafting is the ultimate activity. Experience Raft Class III and IV rapids on the Middle Gorge of the White Salmon River with our trusted professional partners as your guides.\nWATERFALL HIKES\nThe Columbia River Gorge is filled with more than 50 sparkling waterfalls. Hike together and view these wonders of nature. The waterfall tour includes a professional guide, transportation, bottled water and a snack.\nGUIDED FISHING\nNestled within the valleys of the Cascade Mountains, you will find numerous rivers and lakes to try your skills at the sport of fly fishing. Your group will spend a half or full day on the river, with the type of fish varying with the season.\nWINE TOUR\nWashington State is renowned for the variety and quality of wine produced in our vineyards. Enjoy tours at three local wineries, including transportation, bottled water and a tasting at each venue.\nBREWERY TOUR\nStop at three local breweries to enjoy the best brews of the Gorge and learn more about types of beers and ales, the brewing process and the local masters. Your groupâs brewery tour includes transportation, bottled water and a pint at each brewery.\nUnlock a World of Wanderlust: Sign Up for Skamania Lodge's Email Subscriptions!\nBe the first to know about exclusive offers, thrilling promotions, and exciting updates! As a subscriber, you'll gain access to insider perks, personalized recommendations, and handpicked travel tips.\nSubscribe for News & Offers\nSkamania Lodge\n1131 SW Skamania Lodge Way\nStevenson, WA 98648\nMain: (844) 432-4748\nLocal: 509-314-4177\nExplore the Portfolio\nConnect With Us\nInstagram\nFacebook\nTwitter\nUseful Links\nLocationÂ & Directions\nPress & Media\nCareers\nPrivacy Policy\nBlog\nSubscribe\nContact Us\nSitemap\nAccessibility\nTravel Advisor Resources\nCookie Settings/Do Not Sell My Personal Information",
    "http://skamania.com/meetings-and-events/proposal-request": "Meetings RFP | Skamania Lodge\nSUBSCRIBE\n509-314-4177\nBook Now\nBook Now\nResort\nAmenities\nSustainability\nPolicies\nContact Us\nResort Map\nRooms\nSingle & Couple Rooms\nFamily Getaway Rooms\nSuites\nWindows on the Gorge\nPet Friendly Lodging\nADA Rooms\nTree House Village\nTree Houses\nGlamping\nCabins\nThe Villa\nPackages & Specials Offers\nExperiences\nOnsite Activities\nGorge Activities\nSeasonal Activities\nCurated Itineraries\nShopping\nCalendar of Events\nBackyard & Golf\nThe Gorge 9 Short Course\nLittle Eagle 18 Putting Course\nDisc Golf\nSkamania Adventures\nDining\nSpa + Wellness\nFitness Trail\nMeet Our Spa Manager\nWeddings\nIndoor Venues\nOutdoor Venues\nIntimate Weddings\nVendors\nWedding Party Experiences\nWinter Weddings\nÂ Request for Proposal\nMeetings & Events\nSmall Meetings & Retreats\nLarge Conferences\nBoard Meetings & Retreats\nSocial Events\nRequest for Proposal\nPhoto Gallery\nBest Rate Guarantee\nSUBSCRIBE\nThank you! Your submission has been received!\nOops! Something went wrong while submitting the form.\nMeetings & Events Home\nSmall Meetings & Retreats\nLarge conferences\noffers\nBoard Meetings & Retreats\nSocial Events\nRequest for Proposal\nDropdown\nMeetings &Â Events Overview\nSmall Meetings & Retreats\nLarge conferences\nBoard Meetings & Retreats\nSocial Events\nRequest for a Proposal\nRequest for Proposal\nUnlock a World of Wanderlust: Sign Up for Skamania Lodge's Email Subscriptions!\nBe the first to know about exclusive offers, thrilling promotions, and exciting updates! As a subscriber, you'll gain access to insider perks, personalized recommendations, and handpicked travel tips.\nSubscribe for News & Offers\nSkamania Lodge\n1131 SW Skamania Lodge Way\nStevenson, WA 98648\nMain: (844) 432-4748\nLocal: 509-314-4177\nExplore the Portfolio\nConnect With Us\nInstagram\nFacebook\nTwitter\nUseful Links\nLocationÂ & Directions\nPress & Media\nCareers\nPrivacy Policy\nBlog\nSubscribe\nContact Us\nSitemap\nAccessibility\nTravel Advisor Resources\nCookie Settings/Do Not Sell My Personal Information",
    "http://skamania.com/press-media": "Press & Media | Skamania Lodge\nSUBSCRIBE\n509-314-4177\nBook Now\nBook Now\nResort\nAmenities\nSustainability\nPolicies\nContact Us\nResort Map\nRooms\nSingle & Couple Rooms\nFamily Getaway Rooms\nSuites\nWindows on the Gorge\nPet Friendly Lodging\nADA Rooms\nTree House Village\nTree Houses\nGlamping\nCabins\nThe Villa\nPackages & Specials Offers\nExperiences\nOnsite Activities\nGorge Activities\nSeasonal Activities\nCurated Itineraries\nShopping\nCalendar of Events\nBackyard & Golf\nThe Gorge 9 Short Course\nLittle Eagle 18 Putting Course\nDisc Golf\nSkamania Adventures\nDining\nSpa + Wellness\nFitness Trail\nMeet Our Spa Manager\nWeddings\nIndoor Venues\nOutdoor Venues\nIntimate Weddings\nVendors\nWedding Party Experiences\nWinter Weddings\nÂ Request for Proposal\nMeetings & Events\nSmall Meetings & Retreats\nLarge Conferences\nBoard Meetings & Retreats\nSocial Events\nRequest for Proposal\nPhoto Gallery\nBest Rate Guarantee\nSUBSCRIBE\nThank you! Your submission has been received!\nOops! Something went wrong while submitting the form.\nPress & Media\nWelcome to the Skamania Lodge Press Room. Here you'll find resort news ranging from culinary, spa, weddings, leisure travel, family travel, business, and environmental work, as well as recent press releases.\nIf there you're interested in an influencer partnership or need any further information we can provide for you, please do not hesitate to inquire with our media contacts, below.\nFOR PRESS & MEDIA INQUIRIES, PLEASE CONTACT:\nA.wordsmith | Portland PR & Communications\nAnn Smith | ann@awordsmith.com\nSkamania Lodge\nSales and Marketing Office | Phone:\n509-427-2549\nKOIN News\nNew Glamping Experience\nâ\nKPTV\nColumbia River Gorge resort now offering high-end âglampingâ experience\nâ\nSpa Getaways in Washington\nSpa Getaways in Washington: Where to Relax and Unwind (stateofwatourism.com)\nâ\nTravel + Leisure\nThis Tree House Village in Oregon Now Has Luxury Safari Tents (travelandleisure.com)\nâ\nThe Knot\nThe Top 10 Luxury Treehouse Hotels & Resorts for an Elevated Stay\nâ\nKoin\nFoodie Friday: Skamania Lodge Dine & Discover Series\nâ\nShe Buys Travel\n8 Best Pacific Northwest Luxury Resorts for an Unforgettable Stay\nâ\n2023 Coverage\nMARCH 2023\nSKAMANIA LODGE OPENS UNPARALLELED CONTEMPORARY OUTDOOR PAVILION\nLearn More\nFEBRUARY 2023\nStay Among The Trees: Skamania Lodge elevates Columbia Gorge Experience by adding a trio of tree houses to their growing village.\nLearn More\nâ\n2022 Coverage\nJULY 2022\nColumbia River Gorge Itinerary: Travel Guide for Exploring the Region\nWinetraveler, July 25, 2022\nColumbia River Gorge Itinerary: Best Way to See the Gorge (winetraveler.com)\nAmazing Pacific Northwest Road Trip Destinations for Families\nParent Map, July 14, 2022\nAmazing Pacific Northwest Road Trip Destinations for Families | ParentMap\nJUNE 2022\nTake a Ride on the Longest Zipline in Washington State at Skamania Lodge\nOnly in Your State, June 6,\n2022\nhttps://www.onlyinyourstate.com/washington/longest-zipline-in-wa/\nâ\nTop 5 Adventure Attractions\nPDX Parent\n, June, 10, 2022\nhttps://pdxparent.com/pdx-parent-picks-family-fun/\nAPRIL 2022\nFamily travel 5: Relaxing resorts perfect for the entire family\nMontana Standard\n, April 16, 2022\nhttps://mtstandard.com/travel/family-travel-5-relaxing-resorts-perfect-for-the-entire-family/collection_8c19c4d3-2342-5059-a8d5-5540f88ec5a7.html#1\nMARCH 2022\nCheck Out the Closest Attractions in the Columbia River Gorge\nPDX Monthly\n, March 17, 2022\nhttps://www.pdxmonthly.com/travel-and-outdoors/2022/03/what-to-do-in-columbia-river-gorge-cascade-locks-skamania 33 Best Things to Do in Washington State (By a Local!)Travel Lemming, March 17, 2022https://travellemming.com/things-to-do-in-washington-state/\n33 Best Things to Do in Washington State (By a Local!)\nTravel Lemming\n, March 17, 2022\nhttps://travellemming.com/things-to-do-in-washington-state/\nWhy Hotel REIT Pebblebrook Is Branching Out to Treehouses\nCoStar\n, March 24, 2022\nhttps://www.costar.com/article/122874988/why-hotel-reit-pebblebrook-is-branching-out-to-treehouses\n25 Best Weekend Getaways from Seattle\nVacation Idea\n, March 18, 2022\nhttps://vacationidea.com/getaways/weekend_getaways_from_seattle.html Things to Do with Kids in the State of WashingtonThe State of Washington, March 30, 2022https://www.stateofwatourism.com/blog/things-to-do-with-children-in-washington-state/\nThings to Do with Kids in the State of Washington\nThe State of Washington\n, March 30, 2022\nhttps://www.stateofwatourism.com/blog/things-to-do-with-children-in-washington-state/\nFEBRUARY\nThe State of Washington\nState of Washington\n, February 1, 2022\nhttps://www.stateofwatourism.com/blog/8-extreme-outdoor-adventures-in-washington-state/\n9 Best Resorts in the Pacific Northwest for Adventures\nThe Mandagies\n, February 1, 2022\nhttps://www.themandagies.com/best-resorts-in-the-pacific-northwest/\nRead This Wine Loverâs Washington State Wine Guide\nThe Manual, February 16, 2022\nhttps://www.themanual.com/food-and-drink/washington-state-wine-guide/\n23 Best Things to Do on the West Coast, USA\nVia Travelers\n, February 20, 2022\nhttps://viatravelers.com/things-to-do-on-the-west-coast-usa/\n11 Enchanting Treehouses Families Can Rent in Washington\nTiny Beans\n, February 23, 2022\nhttps://tinybeans.com/seattle/treehouse-rentals-washington/slide/1\nJANUARY\nWashington winter camping with style: Unique year-round glamping stays\nSeattle Times\n, January 12, 2022\nhttps://www.seattletimes.com/sponsored/washington-winter-camping-with-style-unique-year-round-glamping-stays/\n25 Best Washington Resorts, Hotels & Inns\nVacation Idea\n, January 10, 2022\nhttps://vacationidea.com/washington/best-washington-resorts.html\nThe Great Outdoors: 15 Washington Wedding Venues With Striking Scenery\nHere Comes the Guide\n, January 15, 2022\nhttps://www.herecomestheguide.com/wedding-ideas/outdoor-washington-wedding-venues\nThe 9 Best Resorts in the Pacific Northwest for Adventures\nThe Mandagies\n, January 15, 2022\nhttps://www.themandagies.com/best-resorts-in-the-pacific-northwest/\nâ\n2021 Coverage\nDECEMBER\nTop 18 Resorts in Washington to spend your holidays\nRover Atlas\n, December 10, 2021\nhttps://roveratlas.com/north-america/usa/washington/resorts-in-washington/index.html\nNew Yearâs Eve Planner\nColumbia Communication Connection\n, December 10, 2021\nhttps://www.columbiacommunityconnection.com/the-dalles/new-years-eve/live-entertainment/the-gorge6\nInstant Last-Minute Outdoor Gift Ideas\nThe Mandagies\n, December 15, 2021\nhttps://www.themandagies.com/last-minute-gift-ideas/\nClark County businesses, organizations offer gifts that enlighten, entertain and thrill\nThe Columbian\n, December 19, 2021\nhttps://www.columbian.com/news/2021/dec/19/clark-county-businesses-organizations-offer-gifts-that-enlighten-entertain-and-thrill/10\nCharming Small Towns in the Columbia River Gorge You Should Move To\nThe Local Arrow\n, December 22, 2021\nhttp://www.hasson.com/blog/2021/12/charming-small-towns-columbia-river-gorge-move/\n23 Best Things to Do on the West Coast, USA\nVia Travelers\n, December 27, 2021\nhttps://viatravelers.com/things-to-do-on-the-west-coast-usa/\nGlobe Guideâs top 10 travel moments of 2021\nGlobe Guide\n, December 28, 2021\nhttps://www.globeguide.ca/globe-guide-2021\n/\nNOVEMBER\nThe Gorge Winter Vacation\nPDX Parent\n, November 1, 2021\nhttps://pdxparent.com/the-gorge-winter-vacation/\nCheck out my High-Flying Adventure - Zip Lining!\nK103\n, November 1, 2021\nhttps://k103.iheart.com/featured/janine-wolf/content/2021-11-01-check-out-my-high-flying-adventure-zip-lining/?Pname=local_social&Keyid=socialflow&Sc=editorial\n40 Best Stops Between Las Vegas and Portland\nWander Log\n, November 15, 2021\nhttps://wanderlog.com/drive/between/58148/58158/las-vegas-to-portland-drive\n33 Best Things to Do in Washington State (By a Local!)\nTravel Lemming\n, November 30, 2021\nhttps://travellemming.com/things-to-do-in-washington-state/\nOCTOBER\n22 Spectacular Stops on the Columbia River Gorge\nRoad is Calling\n, October 1, 2021\nhttps://www.roadiscalling.com/places-to-visit-on-columbia-river-gorge-drive/\n10 Best Resorts in Washington State\nPlanet Ware\n, October 7, 2021\nhttps://www.planetware.com/washington/best-resorts-us-wa-184.htm\n25 Best Washington Resorts, Hotels & Inns\nVacation Idea\n, October 9, 2021\nhttps://vacationidea.com/washington/best-washington-resorts.html\n33 Best Things to Do in Washington State (By a Local!)\nTravel Lemming\n, October 8, 2021\nhttps://travellemming.com/things-to-do-in-washington-state/\nFamily travel 5: Fall in love with these autumn adventures\nFamily Travel\n, October 11, 2021\nhttps://www.normantranscript.com/region/family-travel-5-fall-in-love-with-these-autumn-adventures/article_b195df83-256c-58c1-b3f2-2e5d567fd914.html\n11 Easy Road Trips to Take This Fall\nTiny Beans\n, October 13, 2021\nhttps://tinybeans.com/seattle/fall-road-trips/slide/1\nFalling For U.S. Destinations During Covid-19 Recovery This Autumn\nForbes\n, October 17, 2021\nhttps://www.forbes.com/sites/michaelalpiner/2021/10/17/falling-for-us-destinations-during-covid-19-recovery-this-autumn/?sh=637bb8c44217\nSEPTEMBER\nMG2, The Society team up for new treehouses of Skamania Lodge\nHotel Management\n, September 4, 2021\nhttps://www.hotelmanagement.net/renovations/mg2-society-team-up-for-new-treehouses-skamania-lodge\nTreehouses in Washington: Your Childhood Dreams Come True\nAll About Glamping\n, September 5, 2021\nhttps://allaboutglamping.com/treehouse-glamping-in-washington-state/#2-skamania-lodge-tree-houses\n16 Best Places to See Fall Colors In The US For Families\nFamilies Love Travel\n, September 6, 2021\nhttps://familieslovetravel.com/fall-colors-us-families/\nThe best Hotels.com properties for your fall trip\nThe Points Guy\n, September 7, 2021\nhttps://thepointsguy.com/news/best-hotels-com-properties-for-fall/\nWhatâs Exciting at Skamania Lodgeâs New Putting Course\nKOIN-TV\n, September 8, 2021\nhttps://www.koin.com/portlands-cw/cwhats/cwhats-exciting-at-skamania-lodges-new-putting-course/\nAUGUST\nSkamania Lodge finishes revamp of its popular golf course\nThe Columbian\n, August 2, 2021\nhttps://www.columbian.com/news/2021/aug/02/skamania-lodge-finishes-revamp-of-its-popular-golf-course/\nMarietta Daily Journal (145,024 UMVs)\nRome News Tribune (74,794 UMVs)\nChanges Suited to a Tee\nThe Columbian\n,\nAugust 2, 2021\nhttps://www.columbian.com/news/2021/aug/02/skamania-lodge-finishes-revamp-of-its-popular-golf-course/\n100 Magical Places You Wonât Believe Are in America\nBestLife\n, August 9, 2021\nhttps://bestlifeonline.com/destinations-so-magical-you-wont-believe-theyre-in-the-u-s/\nYour Treehouse Awaits at This Woodsy Retreat in the Pacific Northwest\nThrillist\n, August 25, 2021\nhttps://www.thrillist.com/travel/nation/skamania-lodge-treehouse-hotel\nJULY\nSKAMANIA LODGE UNVEILS NEW GOLF EXPERIENCE: New 9-hole short course and 18-hole putting course are perfect resort activities for all skill levels\nPR Newswire\n, July 8, 2021\nhttps://www.prnewswire.com/news-releases/skamania-lodge-unveils-new-golf-experience-new-9-hole-short-course-and-18-hole-putting-course-are-perfect-resort-activities-for-all-skill-levels-301328218.html\nSkamania Lodge To Open New Golf Complex\nTravel Agent Central\n, July 13, 2021\nhttps://www.travelagentcentral.com/hotels/skamania-lodge-to-open-a-new-golf-complex\nThe Backyard at Skamania Lodge features a new 3-course attraction nestled in the Columbia River Gorge\nKPTV.com\n, July 30, 2021\nhttps://www.kptv.com/good_day_oregon/more/the-backyard-at-skamania-lodge-features-a-new-3-course-attraction-nestled-in-the-columbia/article_e0698860-f166-11eb-8c2d-ff09f2d45d33.html\nSkamania Lodge enhances its golf experience with three new beer friendly courses\nBrewpublic\n, July 30, 2021\nhttps://brewpublic.com/beer-travel/skamania-lodge-enhances-its-golf-experience-with-three-new-beer-friendly-courses/\nJUNE\nScope, Size Vary As Meetings Business Returns to Hotels\nCoStar\n, June 2, 2021\nhttps://www.costar.com/article/504774639/scope-size-vary-as-meetings-business-returns-to-hotels\nBehind the Architectural Curtain\nGolf Today\n, July 15, 2021\nhttps://golftoday.co.uk/behind-the-architectural-curtain-us-open-2021-torrey-pines-part1/\nDiscover Oregon Wine Country\nCarpe Travel\n, June 18, 2021\nhttps://carpe-travel.com/oregon-wine-travel-guide/\n25 Best Washington Resorts, Hotels & Inns\nVacation Idea\n, June 23, 2021\nhttps://vacationidea.com/washington/best-washington-resorts.html\nMAY\nUnforgettable Zip Line Tours for Portland Families\nRed Tricycle\n, May 9, 2021\nhttps://redtri.com/portland/zip-line-tours-near-portland/slide/1\nGlamping getaway: The Skamania Lodge tree houses in Washington\nGlobe Guide\n, May 17, 2021\nhttps://www.globeguide.ca/skamania-lodge-tree-houses/\nColumbia River Gorge Washington: Road Trip on the Less-Traveled Side\nWander with Wonder\n, May 20, 2021\nhttps://www.wanderwithwonder.com/2021/05/20/columbia-river-gorge-washington/\nHow to Plan Your Post-Vaccine Family Reunion Trip\nThe Wall Street Journal\n, May 22, 2021\nhttps://www.wsj.com/articles/family-reunion-trips-inspiring-ideas-and-foolproof-strategies-11621656603\nCycling Tour of Mt. St. Helens, Mt. Rainier, and Mt. Hood\nLuxeBeat Magazine\n, May 27, 2021\nhttps://luxebeatmag.com/cycling-tour-of-mt-st-helens-mt-rainier-and-mt-hood/\nAPRIL\nWheelchair accessible treehouse\nNew Mobility Magazine\n, April 1, 2021\nhttp://newmobility.unitedspinal.org/NM_Apr_21/viewer/desktop/#page/28\nGorgeous Skamania Lodge elopement\nJunebug Weddings\n, April 5, 2021\nhttps://junebugweddings.com/wedding-blog/gorgeous-skamania-lodge-elopement/\nFamily vacations in Washington state\nRed Tricycle\n, April 5, 2021\nhttps://redtri.com/seattle/family-large-group-destinations-in-washington/slide/1\nColumbia River Gorgeâs scenic area small towns\nTravel Awaits\n, April 12, 2021\nhttps://www.travelawaits.com/2563224/columbia-river-gorge-national-scenic-area-small-towns/\nHiking the Pacific Crest Trail\nMindful Escapes\n, April 25, 2021\nhttps://mindfulescapes.com/journal/experiences/hiking-the-pacific-crest-trail/\nMARCH\nFind more than lodging in some unusual hotels\nCreators\n, March 6, 2021\nhttps://www.creators.com/read/travel-and-adventure/03/21/find-more-than-lodging-in-some-unusual-hotels\nEveryday Heroes: John Schaeffer shines a spotlight on Stevenson restaurants\nKATU-TV\n, March 12, 2021\nhttps://katu.com/news/local/everyday-heroes-john-schaeffer-shines-a-spotlight-on-stevenson-restaurants\nExperiential Travel Company Launches to Help People âMove beyond the Nestâ\nWine Diva\n, March 17, 2021\nhttps://winedivalifestyle.com/wine-news/?rkey=20210317DA12430&filter=9282\nTravel is therapy: Benchmark launches spring wellness getaways\nStockhouse\n, March 18, 2021\nhttps://stockhouse.com/news/press-releases/2021/03/16/travel-is-therapy-benchmark-launches-spring-wellness-getaways-and-inspiring\nFEBRUARY\n5 Quintessential Pacific Northwest lodges in Washington\nTravel Awaits\n, February 14, 2021\nhttps://www.travelawaits.com/2561661/pacific-northwest-lodges-in-washington/\nMultnomah Falls in Oregon\nGlobe Guide Canada\n, February 22, 2021\nhttps://www.globeguide.ca/multnomah-falls-in-oregon/\nJANUARY\n15 best weekend getaways from Seattle\nEntrepreneur Canada\n, January 21, 2020\nhttps://entrepreneur.ca/lifestyle/travel/15-best-weekend-getaways-from-seattle-wa/59002/\nâ\nUnlock a World of Wanderlust: Sign Up for Skamania Lodge's Email Subscriptions!\nBe the first to know about exclusive offers, thrilling promotions, and exciting updates! As a subscriber, you'll gain access to insider perks, personalized recommendations, and handpicked travel tips.\nSubscribe for News & Offers\nSkamania Lodge\n1131 SW Skamania Lodge Way\nStevenson, WA 98648\nMain: (844) 432-4748\nLocal: 509-314-4177\nExplore the Portfolio\nConnect With Us\nInstagram\nFacebook\nTwitter\nUseful Links\nLocationÂ & Directions\nPress & Media\nCareers\nPrivacy Policy\nBlog\nSubscribe\nContact Us\nSitemap\nAccessibility\nTravel Advisor Resources\nCookie Settings/Do Not Sell My Personal Information",
    "http://skamania.com/blog": "Blog | Skamania Lodge\nSUBSCRIBE\n509-314-4177\nBook Now\nBook Now\nResort\nAmenities\nSustainability\nPolicies\nContact Us\nResort Map\nRooms\nSingle & Couple Rooms\nFamily Getaway Rooms\nSuites\nWindows on the Gorge\nPet Friendly Lodging\nADA Rooms\nTree House Village\nTree Houses\nGlamping\nCabins\nThe Villa\nPackages & Specials Offers\nExperiences\nOnsite Activities\nGorge Activities\nSeasonal Activities\nCurated Itineraries\nShopping\nCalendar of Events\nBackyard & Golf\nThe Gorge 9 Short Course\nLittle Eagle 18 Putting Course\nDisc Golf\nSkamania Adventures\nDining\nSpa + Wellness\nFitness Trail\nMeet Our Spa Manager\nWeddings\nIndoor Venues\nOutdoor Venues\nIntimate Weddings\nVendors\nWedding Party Experiences\nWinter Weddings\nÂ Request for Proposal\nMeetings & Events\nSmall Meetings & Retreats\nLarge Conferences\nBoard Meetings & Retreats\nSocial Events\nRequest for Proposal\nPhoto Gallery\nBest Rate Guarantee\nSUBSCRIBE\nThank you! Your submission has been received!\nOops! Something went wrong while submitting the form.\nBlog\nSkamania Lodge Evergreen Effort\nAt Skamania Lodge, our environment is part of our identity, and we intend to protect it.\nRead More\nFive Hidden Gem Tasting Rooms To Visit This Fall\nFive hidden gem wineries with unique stories and delicious offerings made from fruit harvested right here in the Columbia River Gorge.\nRead More\nExploring the PNW - Skamania Lodge\nTake an adventure with Heather Clarke and her family for a getaway to Skamania Lodge, the first stop to her \"Exploring the PNW\" series.\nRead More\nEarth Day at Skamania Lodge\nThis earth day, we celebrate that Skamania Lodge is part of the solution. Our environment is our identity.\nRead More\nSeattleMet: Three Northwest Golf Resorts Are Reinventing the Game\nA luxury resort on the Columbia Gorge tore up its 18-hole course and welcomed a new type of golferâone who doesnât even carry clubs.\nRead More\nWilderton - Zero Proof Cocktails at Skamania Lodge\nSkamania Lodge is excited to announce that we are now carrying Wilderton, Zero Proof Spirits for an unapologetic drinking experience.\nRead More\nSkamania Lodge Getaway Checklist\nThe Backyard is here to help you plan your next adventure trip to the Columbia River Gorge!\nRead More\nEveryday NW - Coeur of Discovery Raised over $22,500\nWe held a fundraising event where we raised over $22,500 in ticket sales and auction funds towards benefiting the Blanchet House!\nRead More\nFrench Master Chefs of Coeur of Discovery\nThe Coeur of Discovery French Master Chef Benefit Dinner will combine the flavors of the Pacific Northwest and French cooking traditions.\nRead More\nWine by the Choice - Coeur of Discovery French Master Chef Benefit Dinner\nOur General Manager, Ken Daugherty, hand-selected each winery for this one of kind Pacific Northwest dining experience.\nRead More\nWork-Life Balance at Skamania Lodge\nFor us, in our neck of the woods, we believe that however you find it, balance is a necessity.\nRead More\nStay and Plat at Skamania Lodge KOIN/CW\nHost Nicole DeCosta talks with Kara Owen â Skamaniaâs Director of Sales and Marketing â about all the great things Skamania Lodge has to offer.\nRead More\nThrillist - Your Treehouse Awaits at This Woodsy Retreat in the Pacific Northwest\nTake to the tress at Skamania Lodge\nRead More\n5 Tips for Self-Care Awareness Month\nSeptember is self-care awareness month and you know what that means, it's all about you.\nRead More\n10 Wildlife Safety & Hiking Tips\n10 Wildlife Safety & Hiking Tips\nRead More\n5 Best Fall Hikes in the Columbia River Gorge\nWhether youâre looking for a short hike or a difficult trek, here are five of our favorite hikes to see the fall foliage in the Columbia River Gorge.\nRead More\nForest Bathing: Exciting & Convincing\nReconnect with yourself through a self guided meditation through nature.\nRead More\nThe Columbian: Skamania Lodge Finishes Revamp of its Popular Golf Course\nAfter more than 18 months of construction, Skamania Lodge has taken the wraps off its newly reconfigured golf course.\nRead More\nUnearthing the Columbia Valley's Best Kept Secret: Borne of Fire Wine\nThis wineryâs torrid past has set fire to a new awakening of grape growing in the Columbia Valley.\nRead More\nThe Ultimate Guide to Whitewater Rafting in the Columbia River Gorge\nThe White Salmon River is the center for epic whitewater rafting adventures and Zoller's Outdoor Odesseys is here to take you along for the ride!\nRead More\nUnlock a World of Wanderlust: Sign Up for Skamania Lodge's Email Subscriptions!\nBe the first to know about exclusive offers, thrilling promotions, and exciting updates! As a subscriber, you'll gain access to insider perks, personalized recommendations, and handpicked travel tips.\nSubscribe for News & Offers\nSkamania Lodge\n1131 SW Skamania Lodge Way\nStevenson, WA 98648\nMain: (844) 432-4748\nLocal: 509-314-4177\nExplore the Portfolio\nConnect With Us\nInstagram\nFacebook\nTwitter\nUseful Links\nLocationÂ & Directions\nPress & Media\nCareers\nPrivacy Policy\nBlog\nSubscribe\nContact Us\nSitemap\nAccessibility\nTravel Advisor Resources\nCookie Settings/Do Not Sell My Personal Information",
    "http://skamania.com/careers": "Careers | Skamania Lodge\nSUBSCRIBE\n509-314-4177\nBook Now\nBook Now\nResort\nAmenities\nSustainability\nPolicies\nContact Us\nResort Map\nRooms\nSingle & Couple Rooms\nFamily Getaway Rooms\nSuites\nWindows on the Gorge\nPet Friendly Lodging\nADA Rooms\nTree House Village\nTree Houses\nGlamping\nCabins\nThe Villa\nPackages & Specials Offers\nExperiences\nOnsite Activities\nGorge Activities\nSeasonal Activities\nCurated Itineraries\nShopping\nCalendar of Events\nBackyard & Golf\nThe Gorge 9 Short Course\nLittle Eagle 18 Putting Course\nDisc Golf\nSkamania Adventures\nDining\nSpa + Wellness\nFitness Trail\nMeet Our Spa Manager\nWeddings\nIndoor Venues\nOutdoor Venues\nIntimate Weddings\nVendors\nWedding Party Experiences\nWinter Weddings\nÂ Request for Proposal\nMeetings & Events\nSmall Meetings & Retreats\nLarge Conferences\nBoard Meetings & Retreats\nSocial Events\nRequest for Proposal\nPhoto Gallery\nBest Rate Guarantee\nSUBSCRIBE\nThank you! Your submission has been received!\nOops! Something went wrong while submitting the form.\nCareers at Skamania Lodge\nView Career Openings\nIf you're dedicated to the highest standards of customer service, then you'll be pleased to know that Skamania Lodge is always looking for employees like you.\nâ\nWe're committed to:\nProviding a comfortable and highly ethical work environment\nFostering professional achievement and personal growth\nEnabling team performance\nEncouraging community service\nBalancing work and personal lives\nSkamania Lodge offers our employees competitive compensation, a fun work environment, unique resort benefits, medical - dental - vision - life, 401k, paid time off, free golf, free use of fitness center and more.\nWe prefer to accept online applications for the positions listed. If you are unable to access a computer you may stop our Human Resources Office during business hours to complete use our employment computer kiosk. If you are unable to access the online application system, please contact our Human Resources office at 509-427-2537 for assistance.\nThank your for your interest in pursuing a job with Skamania Lodge!\nInterested in all Benchmark open positions?\nYou may also be interested in a career opportunity at one our other beautiful hotels and resorts. The site is designed to provide as much information as possible about our company to determine which job is right for you.When you find an opportunity you would like to apply for, simply apply on-line by following the instructions at the bottom of each job description under Submit Application.To be considered an \"applicant\" for employment, you must submit a completed application for a posted and open position within the proper time frames and in the proper manner.We prefer to accept online applications for the positions listed. If you are unable to access a computer you may stop our Human Resources Office during business hours to complete use our employment computer kiosk\nVIEW BENCHMARK CAREERS\nUnlock a World of Wanderlust: Sign Up for Skamania Lodge's Email Subscriptions!\nBe the first to know about exclusive offers, thrilling promotions, and exciting updates! As a subscriber, you'll gain access to insider perks, personalized recommendations, and handpicked travel tips.\nSubscribe for News & Offers\nSkamania Lodge\n1131 SW Skamania Lodge Way\nStevenson, WA 98648\nMain: (844) 432-4748\nLocal: 509-314-4177\nExplore the Portfolio\nConnect With Us\nInstagram\nFacebook\nTwitter\nUseful Links\nLocationÂ & Directions\nPress & Media\nCareers\nPrivacy Policy\nBlog\nSubscribe\nContact Us\nSitemap\nAccessibility\nTravel Advisor Resources\nCookie Settings/Do Not Sell My Personal Information"
  },
  "doc_id": "1da8c859-f0a0-54dd-9524-9d1713ffbd18"
}