{
  "url": "http://skysound.com",
  "timestamp": 1735100768.7290516,
  "text_by_page_url": {
    "https://www.skysound.com/about/": "About\nAbout\nPeople\nServices\nHome\nProjects\nLatest\nRanch\nS\nS\nPLEASE\nROTATE\nYOUR DEVICE\nTO LANDSCAPE MODE\nSKYWALKER SOUND\nThe pulsating hum of a lightsaber. The thunderous footsteps of a stalking Tyrannosaurus Rex. The awesome roar of Star-Lord’s Milano. For more than a generation, Skywalker Sound has created soundscapes that have redefined aural immersion.\nWith origins based in Ben Burtt’s landmark work on 1977’s\nStar Wars\n, Skywalker Sound specializes in sound design, mixing, and audio post-production across multiple mediums. From the gathering of real-life, organic sounds to developing new techniques in sound presentation, Skywalker Sound remains one of the world’s most innovative facilities — eager to explore, create, and venture into the unknown.\nHistory\nThe origin of Skywalker Sound can be traced back to 1975, when George Lucas and Gary Kurtz hired Ben Burtt, a young graduate of the USC School of Cinema & Film. They were looking for a “director of sound,” someone who could imagine and implement a creative soundtrack to match the revolutionary visuals they planned for a low-budget science fiction adventure called\nStar Wars\n.\nThe company soon became Sprocket Systems, and shared space with Industrial Light and Magic in San Rafael, before moving up to the newly completed Skywalker Ranch in 1987.\nSundance Labs at Skywalker Sound\nSince 2013, Skywalker Ranch has hosted the Sundance Institute’s Music and Sound Design Labs. The Sundance composers and filmmakers are given invaluable access to collaborate with Skywalker Sound’s Editors, Sound Designers and Re-recording Mixers during the post-production process in ways they have never been able to before. In hosting the Sundance Labs, Skywalker Sound is proud to continue the legacy that George Lucas began years ago, and to help realize his vision of what the Ranch could be. At its heart, Skywalker Ranch remains a colony of artists who come together to collaborate in a unique environment dedicated to filmmaking and storytelling.\nAWARDS\nExplore\nSKYWALKER RANCH\nExplore\nlatest\nMPSE and CAS Awards!\nRead More\nlatest\nLeslie Ann Jones!\nRead More\nY\nF\nX\nG\nContact\nCareers\n© & ™ Lucasfilm Ltd. All Rights Reserved.\nTerms of Use\nAdditional Content Information\nPrivacy Policy\nChildren's Online Privacy Policy\nYour US State Privacy Rights\nDo Not Sell or Share My Personal Information",
    "https://www.skysound.com/services/": "Services\nAbout\nPeople\nServices\nHome\nProjects\nLatest\nRanch\nS\nS\nPLEASE\nROTATE\nYOUR DEVICE\nTO LANDSCAPE MODE\nSERVICES\nRe-recording Mixing\nSound Design & Editorial\nFoley\nSound Design and Mix in LA\nRemote Streaming\nMUSIC AND SCORING\nAtmos, Auro & Immersive Sound\nADR\nDigital Intermediate\nStag Theater\nPicture Editorial at the Ranch\nIMAX\nHome Theater\nSound Library\nField Recording\nVirtual Reality & Augmented Reality\nCommercials\nAudio Transfer / QC\nConcierge\nOther Services\nlatest\nMPSE and CAS Awards!\nRead More\nlatest\nLeslie Ann Jones!\nRead More\nY\nF\nX\nG\nContact\nCareers\n© & ™ Lucasfilm Ltd. All Rights Reserved.\nTerms of Use\nAdditional Content Information\nPrivacy Policy\nChildren's Online Privacy Policy\nYour US State Privacy Rights\nDo Not Sell or Share My Personal Information",
    "https://www.skysound.com/projects/": "Projects\nAbout\nPeople\nServices\nHome\nProjects\nLatest\nRanch\nS\nS\nPLEASE\nROTATE\nYOUR DEVICE\nTO LANDSCAPE MODE\nProjects\nDISPLAY BY:\nAll\nIn Production\nIndependent\nTV Series\n2029\n2028\n2027\n2026\n2025\n2024\n2023\n2022\n2021\n2020\n2019\n2018\n2017\n2016\n2015\nAll Other Movies\nNo Results\nF1\nJoseph Kosinski\nApple Studios\nMoana 2\nDavid G. Derrick Jr., Jason Hand, Dana Ledoux Miller\nDisney\nAgatha All Along\nJac Schaeffer\nMarvel Studios\nThe Wild Robot\nChris Sanders\nDreamWorks Animation\nPiece by Piece\nMorgan Neville\nFocus Features\nRoad Diary: Bruce Springsteen and the E Street Band\nThom Zimny\nDisney+\nIn Your Dreams\nAlex Woo, Erik Benson\nNetflix\nHere\nRobert Zemeckis\nImage Movers\nInside Out 2\nKelsey Mann\nPixar\nDeadpool & Wolverine\nShawn Levy\nMarvel Studios\nThe Beach Boys\nFrank Marshall and Thom Zimny\nThe Kennedy/Marshall Company\nTwisters\nLee Isaac Chung\nUniversal Pictures\nThe Electric State\nAnthony Russo, Joe Russo\nNetflix\nSay Hey, Willie Mays!\nNelson George\nHBO\nSteve! (Martin): A Documentary in 2 Pieces\nMorgan Neville\nA24 | Apple TV+\nDespicable Me 4\nChris Renaud, Patrick Delage\nIllumination\nSHOW MORE\nlatest\nMPSE and CAS Awards!\nRead More\nlatest\nLeslie Ann Jones!\nRead More\nY\nF\nX\nG\nContact\nCareers\n© & ™ Lucasfilm Ltd. All Rights Reserved.\nTerms of Use\nAdditional Content Information\nPrivacy Policy\nChildren's Online Privacy Policy\nYour US State Privacy Rights\nDo Not Sell or Share My Personal Information",
    "https://www.skysound.com/people/addison-teague/": "Addison Teague\nAbout\nPeople\nServices\nHome\nProjects\nLatest\nRanch\nS\nS\nPLEASE\nROTATE\nYOUR DEVICE\nTO LANDSCAPE MODE\nBACK\nCONTACT\nE\nAddison Teague\nSupervising Sound Editor, Sound Designer\nCONTACT\nE\nProjects\nDeadpool & Wolverine\nThe Marvels\nDoctor Strange and the Multiverse of Madness\nEternals\nGuardians of the Galaxy Vol. 2\nZootopia\nBig Hero 6\n47 Ronin\nThe Lone Ranger\nRango\nTRON: Legacy\nAvatar\nIndiana Jones and the Kingdom of the Crystal Skull\nPirates of the Caribbean: At World's End\nZodiac\nZoom\nPirates of the Caribbean: Dead Man's Chest\nMunich\nRent\nThe Weather Man\nWar of the Worlds\nThe Matador\nCatwoman\nHellboy\nPirates of the Caribbean: The Curse of the Black Pearl\nThe Ring\nThe Emperor's Club\nLara Croft: Tomb Raider\nThe Mexican\nThe Young Black Stallion\nMonkeybone\nVIEW ALL\nAwards\nGolden Reel Award\nBig Hero 6\n2015\nAcademy Award Nomination\nTRON: Legacy\n2011\nBAFTA Nomination\nAvatar\n2010\nGolden Reel Award\nAvatar\n2010\nVIEW ALL\nAddison's Story\nAddison Teague was born and raised in Columbia, Missouri.  In 1995 he moved to Los Angeles to attend USC Film School, where he received the Mary Pickford Sound Scholarship, and worked as the Teaching Assistant for Tomlinson Holman (inventor of THX for Lucasfilm).\nIn 2000, Addison moved to Marin County to begin his professional career at Skywalker Sound.  Over the next 7 years, he would edit sound effects on 19 films, including\nPirates of the Caribbean, Lord of the Rings\n, and\nMunich\n.\nIn 2007 he relocated back to Los Angeles to work directly alongside Jim Cameron for three years on\nAvatar\n, for which he earned a British Academy Award nomination.  Staying in Los Angeles, Addison has carved a unique role as an LA based Skywalker Supervising Sound Editor / Sound Designer, setting up and working in close proximity to the director and picture editor.  During this phase, Addison has overseen films including\nTron Legacy\n(earning him a Best Sound Editing Academy Award nomination),\nRango,\nThe Lone Ranger\n, and the\nAmazing Spider-Man\nseries.\nGolden Reel Award\nBest Sound Editing - Sound Effects, Foley, Dialogue and ADR in an Animation Feature Film\n2015\nAcademy Award Nomination\nBest Achievement in Sound Editing\n2011\nBAFTA Nomination\nBest Sound\n2010\nGolden Reel Award\nBest Sound Editing - Sound Effects and Foley in a Feature Film\n2010\nDeadpool & Wolverine\nShawn Levy\nMarvel Studios\nThe Marvels\nNia DaCosta\nMarvel Studios\nDoctor Strange and the Multiverse of Madness\nSam Raimi\nMarvel Studios\nEternals\nChloe Zhao\nMarvel Studios\nGuardians of the Galaxy Vol. 2\nJames Gunn\nMarvel Studios\nZootopia\nByron Howard & Rich Moore\nWalt Disney Animation Studios\nBig Hero 6\nDon Hall & Chris Williams\nDisney\n47 Ronin\nCarl Rinsch\nUniversal\nThe Lone Ranger\nGore Verbinski\nDisney\nRango\nGore Verbinski\nParamount Pictures\nTRON: Legacy\nJoseph Kosinski\nDisney\nAvatar\nJames Cameron\nTwentieth Century Fox Film Corporation\nIndiana Jones and the Kingdom of the Crystal Skull\nSteven Spielberg\nParamount\nPirates of the Caribbean: At World's End\nGore Verbinski\nWalt Disney Pictures\nZodiac\nDavid Fincher\nParamount / Warner Bros.\nZoom\nPeter Hewitt\nRevolution\nPirates of the Caribbean: Dead Man's Chest\nGore Verbinski\nDisney\nMunich\nSteven Spielberg\nDreamWorks\nRent\nChris Columbus\nRevolution\nThe Weather Man\nGore Verbinski\nParamount\nWar of the Worlds\nWar of the Worlds\nWar of the Worlds\nThe Matador\nRichard Shepard\nThe Weinstein Co.\nCatwoman\nPitof\nWarner Bros.\nHellboy\nGuillermo del Toro\nRevolution\nPirates of the Caribbean: The Curse of the Black Pearl\nGore Verbinski\nWalt Disney Pictures\nThe Ring\nGore Verbinski\nDisney\nThe Emperor's Club\nMichael Hoffman\nUniversal Pictures\nLara Croft: Tomb Raider\nSimon West\nParamount Pictures\nThe Mexican\nGore Verbinski\nDreamWorks\nThe Young Black Stallion\nSimon Wincer\nWalt Disney Pictures\nMonkeybone\nHenry Selick\nTwentieth Century Fox Film Corporation\nlatest\nMPSE and CAS Awards!\nRead More\nlatest\nLeslie Ann Jones!\nRead More\nY\nF\nX\nG\nContact\nCareers\n© & ™ Lucasfilm Ltd. All Rights Reserved.\nTerms of Use\nAdditional Content Information\nPrivacy Policy\nChildren's Online Privacy Policy\nYour US State Privacy Rights\nDo Not Sell or Share My Personal Information"
  },
  "doc_id": "99d1c406-a12e-5150-9225-8e1524cde071"
}