{
  "url": "http://sonypicturesanimation.com",
  "timestamp": 1735231160.0782478,
  "text_by_page_url": {
    "http://sonypicturesanimation.com/about": "About | Sony Pictures Animation\nSkip to main content\nHome\nabout\nnews\nOur Team\nartists\nfilmmakers\nexecutives\nProjects\nfilms\nseries\nshorts\nCareers\njob postings\nour studio\ncareer FAQs\nportfolio tips\nContact\nLegal\nprivacy policy\nterms of use\nCA privacy rights\nad choices\nyour privacy choices\ncookie consent tool\n|\nfacebook\ntwitter\ninstagram\nyoutube\nabout\nSony Pictures Animation\nproduces a variety of animated entertainment for audiences around the world. The studio is currently in production on \"Spider-Man™: Beyond the Spider-Verse,\" the highly-anticipated conclusion to the Spider-Verse trilogy, which began with 2018's Academy Award®-winning \"Spider-Man™: Into the Spider-Verse.\"\nThe studio's additional upcoming feature films include \"GOAT,\" an original animated sports comedy from producer Stephen Curry's Unanimous Media, and the tentatively-titled \"K-Pop: Demon Hunters,\" a musical action adventure set against the backdrop of the most popular music movement of this generation.\nThe division is also behind the visually-groundbreaking and critically-acclaimed \"The Mitchells vs. The Machines,\" the hit film series \"Cloudy with a Chance of Meatballs,\" and the beloved monster franchise \"Hotel Transylvania,\" which will continue its story with the studio's upcoming \"Motel Transylvania\" series.\nSony Pictures Animation\n, which was founded in 2002, is a division of the Sony Pictures Motion Pictures Group for Sony Pictures Entertainment, a subsidiary of the Tokyo-based Sony Group Corporation.\nfacebook\ntwitter\ninstagram\nyoutube\nFooter\nPrivacy Policy\nTerms of Use\nCA Privacy Rights\nAd Choices\nYour Privacy Choices\nCookie Consent Tool\n© 2024 Sony Pictures Animation Inc. All rights reserved.",
    "http://sonypicturesanimation.com/news": "News | Sony Pictures Animation\nSkip to main content\nHome\nabout\nnews\nOur Team\nartists\nfilmmakers\nexecutives\nProjects\nfilms\nseries\nshorts\nCareers\njob postings\nour studio\ncareer FAQs\nportfolio tips\nContact\nLegal\nprivacy policy\nterms of use\nCA privacy rights\nad choices\nyour privacy choices\ncookie consent tool\n|\nfacebook\ntwitter\ninstagram\nyoutube\nNews\nDeadline\nMaggie Kang & Chris Appelhans Directing Animated Feature ‘K-Pop: Demon Hunters’ For Netflix – First Look\nNetflix announced\nK-Pop: Demon Hunters\n(working title), a new animated feature from Sony Pictures Animation, bound for the streamer in 2025.\nJune 6, 2024\nDeadline\n‘Spider-Man: Beyond The Spider-Verse’ Taps Bob Persichetti and Justin K. Thompson To Direct\nDecember 17, 2024\nDeadline\nChildren’s & Family Emmy Nominations Revealed\nDecember 12, 2024\nAnimation Magazine\nComing Attractions: 25 Animated Movies to Catch in 2025\nNovember 12, 2024\nAnimation Magazine\nThe World Animation Summit Announces Full Lineup of Panels & Speakers\nOctober 21, 2024\nDeadline\nImagen Awards Celebrate ‘A Million Miles Away’, ‘The Long Game’, ‘Will Trent’, Sofia Vergara, Eugenio Derbez & More – Winners List\nSeptember 9, 2024\nThe Hollywood Reporter\nThe 50 Most Powerful Players in Kids Entertainment  - featuring Kristine Belson\nAugust 15, 2024\n+ view more\nfacebook\ntwitter\ninstagram\nyoutube\nFooter\nPrivacy Policy\nTerms of Use\nCA Privacy Rights\nAd Choices\nYour Privacy Choices\nCookie Consent Tool\n© 2024 Sony Pictures Animation Inc. All rights reserved.",
    "http://sonypicturesanimation.com/our-team": "Our Team | Sony Pictures Animation\nSkip to main content\nHome\nabout\nnews\nOur Team\nartists\nfilmmakers\nexecutives\nProjects\nfilms\nseries\nshorts\nCareers\njob postings\nour studio\ncareer FAQs\nportfolio tips\nContact\nLegal\nprivacy policy\nterms of use\nCA privacy rights\nad choices\nyour privacy choices\ncookie consent tool\n|\nfacebook\ntwitter\ninstagram\nyoutube\nOur Team\nartists\nfilmmakers\nexecutives\nKRISTINE BELSON\nPresident\nKURT ALBRECHT\nProducer\nCHRIS APPELHANS\nDirector\nKATIE BARON\nSenior Vice President, Creative\nScott Berri\nCo-Producer\nGARTH BURKHARD\nSenior Vice President, Publicity & Digital\nBECKY CHAIRES\nSenior Vice President, Marketing\nJOHN COHEN\nProducer\nWENDELL DALIT\nArt Director\nMATT DAVIS\nSenior Vice President, Post Production\nTYREE DILLIHAY\nDirector\nDEAN GORDON\nArt Director\nMIGUEL JIRON\nHead of Story\nJENNIFER KLUSKA\nDirector\nJEFFREY KORCHEK\nExecutive Vice President, Business Affairs and Strategy\nChris Leahy\nExecutive Director, Global Talent Acquisition\nPHIL LORD and CHRIS MILLER\nProducers\nGUILLERMO MARTINEZ\nDirector\nMICHELLE MURDOCCA\nProducer\nKEVIN NOEL\nSenior Vice President, Creative\nPATRICK O’KEEFE\nProduction Designer\nMICHELLE RAIMO KOUYATE\nProducer\nCHRISTIAN ROEDEL\nCo-Producer\nMelissa Sturm\nVice President, Marketing\n+ View More\nfacebook\ntwitter\ninstagram\nyoutube\nFooter\nPrivacy Policy\nTerms of Use\nCA Privacy Rights\nAd Choices\nYour Privacy Choices\nCookie Consent Tool\n© 2024 Sony Pictures Animation Inc. All rights reserved.",
    "http://sonypicturesanimation.com/our-team/artists": "Artists | Sony Pictures Animation\nSkip to main content\nHome\nabout\nnews\nOur Team\nartists\nfilmmakers\nexecutives\nProjects\nfilms\nseries\nshorts\nCareers\njob postings\nour studio\ncareer FAQs\nportfolio tips\nContact\nLegal\nprivacy policy\nterms of use\nCA privacy rights\nad choices\nyour privacy choices\ncookie consent tool\n|\nfacebook\ntwitter\ninstagram\nyoutube\nOur Team\nartists\nfilmmakers\nexecutives\nWENDELL DALIT\nArt Director\nDEAN GORDON\nArt Director\nMIGUEL JIRON\nHead of Story\nPATRICK O’KEEFE\nProduction Designer\nMARK YEAGER\nEditor\nfacebook\ntwitter\ninstagram\nyoutube\nFooter\nPrivacy Policy\nTerms of Use\nCA Privacy Rights\nAd Choices\nYour Privacy Choices\nCookie Consent Tool\n© 2024 Sony Pictures Animation Inc. All rights reserved.",
    "http://sonypicturesanimation.com/our-team/filmmakers": "Filmmakers | Sony Pictures Animation\nSkip to main content\nHome\nabout\nnews\nOur Team\nartists\nfilmmakers\nexecutives\nProjects\nfilms\nseries\nshorts\nCareers\njob postings\nour studio\ncareer FAQs\nportfolio tips\nContact\nLegal\nprivacy policy\nterms of use\nCA privacy rights\nad choices\nyour privacy choices\ncookie consent tool\n|\nfacebook\ntwitter\ninstagram\nyoutube\nOur Team\nartists\nfilmmakers\nexecutives\nKURT ALBRECHT\nProducer\nCHRIS APPELHANS\nDirector\nScott Berri\nCo-Producer\nJOHN COHEN\nProducer\nTYREE DILLIHAY\nDirector\nJENNIFER KLUSKA\nDirector\nPHIL LORD and CHRIS MILLER\nProducers\nGUILLERMO MARTINEZ\nDirector\nMICHELLE MURDOCCA\nProducer\nMICHELLE RAIMO KOUYATE\nProducer\nCHRISTIAN ROEDEL\nCo-Producer\nGENNDY TARTAKOVSKY\nDirector\nJUSTIN K. THOMPSON\nDirector\nTHUROP VAN ORMAN\nDirector\nMichelle Wong\nProducer\nfacebook\ntwitter\ninstagram\nyoutube\nFooter\nPrivacy Policy\nTerms of Use\nCA Privacy Rights\nAd Choices\nYour Privacy Choices\nCookie Consent Tool\n© 2024 Sony Pictures Animation Inc. All rights reserved.",
    "http://sonypicturesanimation.com/our-team/executives": "Executives | Sony Pictures Animation\nSkip to main content\nHome\nabout\nnews\nOur Team\nartists\nfilmmakers\nexecutives\nProjects\nfilms\nseries\nshorts\nCareers\njob postings\nour studio\ncareer FAQs\nportfolio tips\nContact\nLegal\nprivacy policy\nterms of use\nCA privacy rights\nad choices\nyour privacy choices\ncookie consent tool\n|\nfacebook\ntwitter\ninstagram\nyoutube\nOur Team\nartists\nfilmmakers\nexecutives\nKRISTINE BELSON\nPresident\nKATIE BARON\nSenior Vice President, Creative\nGARTH BURKHARD\nSenior Vice President, Publicity & Digital\nBECKY CHAIRES\nSenior Vice President, Marketing\nMATT DAVIS\nSenior Vice President, Post Production\nJEFFREY KORCHEK\nExecutive Vice President, Business Affairs and Strategy\nChris Leahy\nExecutive Director, Global Talent Acquisition\nKEVIN NOEL\nSenior Vice President, Creative\nMelissa Sturm\nVice President, Marketing\nERIC TOVELL\nSenior Vice President, Creative\nERIK VIGNAU\nSenior Vice President, Physical Production\nKYM WULFE\nExecutive Vice President, Business Affairs\nfacebook\ntwitter\ninstagram\nyoutube\nFooter\nPrivacy Policy\nTerms of Use\nCA Privacy Rights\nAd Choices\nYour Privacy Choices\nCookie Consent Tool\n© 2024 Sony Pictures Animation Inc. All rights reserved.",
    "http://sonypicturesanimation.com/projects": "Projects | Sony Pictures Animation\nSkip to main content\nHome\nabout\nnews\nOur Team\nartists\nfilmmakers\nexecutives\nProjects\nfilms\nseries\nshorts\nCareers\njob postings\nour studio\ncareer FAQs\nportfolio tips\nContact\nLegal\nprivacy policy\nterms of use\nCA privacy rights\nad choices\nyour privacy choices\ncookie consent tool\n|\nfacebook\ntwitter\ninstagram\nyoutube\nProjects\nfilms\nseries\nshorts\nFilms\nGOAT\nK-POP: DEMON HUNTERS\nFIXED\nSpider-Man: Beyond the Spider-Verse\nSPIDER-MAN™: ACROSS THE SPIDER-VERSE\nHOTEL TRANSYLVANIA: TRANSFORMANIA\n+ view more\nfacebook\ntwitter\ninstagram\nyoutube\nFooter\nPrivacy Policy\nTerms of Use\nCA Privacy Rights\nAd Choices\nYour Privacy Choices\nCookie Consent Tool\n© 2024 Sony Pictures Animation Inc. All rights reserved.",
    "http://sonypicturesanimation.com/projects/films": "Films | Sony Pictures Animation\nSkip to main content\nHome\nabout\nnews\nOur Team\nartists\nfilmmakers\nexecutives\nProjects\nfilms\nseries\nshorts\nCareers\njob postings\nour studio\ncareer FAQs\nportfolio tips\nContact\nLegal\nprivacy policy\nterms of use\nCA privacy rights\nad choices\nyour privacy choices\ncookie consent tool\n|\nfacebook\ntwitter\ninstagram\nyoutube\nProjects\nfilms\nseries\nshorts\nFilms\nGOAT\nK-POP: DEMON HUNTERS\nFIXED\nSpider-Man: Beyond the Spider-Verse\nSPIDER-MAN™: ACROSS THE SPIDER-VERSE\nHOTEL TRANSYLVANIA: TRANSFORMANIA\n+ view more\nfacebook\ntwitter\ninstagram\nyoutube\nFooter\nPrivacy Policy\nTerms of Use\nCA Privacy Rights\nAd Choices\nYour Privacy Choices\nCookie Consent Tool\n© 2024 Sony Pictures Animation Inc. All rights reserved.",
    "http://sonypicturesanimation.com/projects/series": "Series | Sony Pictures Animation\nSkip to main content\nHome\nabout\nnews\nOur Team\nartists\nfilmmakers\nexecutives\nProjects\nfilms\nseries\nshorts\nCareers\njob postings\nour studio\ncareer FAQs\nportfolio tips\nContact\nLegal\nprivacy policy\nterms of use\nCA privacy rights\nad choices\nyour privacy choices\ncookie consent tool\n|\nfacebook\ntwitter\ninstagram\nyoutube\nProjects\nfilms\nseries\nshorts\nSeries\nMOTEL TRANSYLVANIA\nGHOSTBUSTERS\nAGENT ELVIS\nYOUNG LOVE\nfacebook\ntwitter\ninstagram\nyoutube\nFooter\nPrivacy Policy\nTerms of Use\nCA Privacy Rights\nAd Choices\nYour Privacy Choices\nCookie Consent Tool\n© 2024 Sony Pictures Animation Inc. All rights reserved.",
    "http://sonypicturesanimation.com/projects/shorts": "Shorts | Sony Pictures Animation\nSkip to main content\nHome\nabout\nnews\nOur Team\nartists\nfilmmakers\nexecutives\nProjects\nfilms\nseries\nshorts\nCareers\njob postings\nour studio\ncareer FAQs\nportfolio tips\nContact\nLegal\nprivacy policy\nterms of use\nCA privacy rights\nad choices\nyour privacy choices\ncookie consent tool\n|\nfacebook\ntwitter\ninstagram\nyoutube\nProjects\nfilms\nseries\nshorts\nShorts\nTHE SPIDER WITHIN: A SPIDER-VERSE STORY\nMONSTER PETS: A HOTEL TRANSYLVANIA SHORT\nHAIR LOVE\nSPIDER-HAM: CAUGHT IN A HAM\nPUPPY!\nTHE SMURFS: THE LEGEND OF SMURFY HOLLOW\n+ view more\nfacebook\ntwitter\ninstagram\nyoutube\nFooter\nPrivacy Policy\nTerms of Use\nCA Privacy Rights\nAd Choices\nYour Privacy Choices\nCookie Consent Tool\n© 2024 Sony Pictures Animation Inc. All rights reserved.",
    "http://sonypicturesanimation.com/careers": "Careers | Sony Pictures Animation\nSkip to main content\nHome\nabout\nnews\nOur Team\nartists\nfilmmakers\nexecutives\nProjects\nfilms\nseries\nshorts\nCareers\njob postings\nour studio\ncareer FAQs\nportfolio tips\nContact\nLegal\nprivacy policy\nterms of use\nCA privacy rights\nad choices\nyour privacy choices\ncookie consent tool\n|\nfacebook\ntwitter\ninstagram\nyoutube\nCareers\njob postings\nour studio\ncareer FAQs\nportfolio tips\nBreadcrumb\nHome\nCareers\nCareers\ntwitter\ninstagram\nlinkedin\nSony Pictures Animation\nproduces a variety of animated entertainment for audiences around the world.\nAs a home for creative talent, we welcome the best, brightest and most imaginative minds in the animation business to become a part of our team. We foster a culture of collaboration alongside our commitment to creativity. We are dedicated to building a positive work environment and creating opportunities for advancement.\nSony Pictures Animation\nis an equal opportunity employer. We evaluate qualified applicants without regard to race, color, religion, sex, national origin, disability, veteran status, age, sexual orientation, gender identity, or other protected characteristics.\nSony Pictures is committed to working with and providing reasonable accommodation to individuals with disabilities. Applicants in the U.S. who, because of a medical condition or disability, need a reasonable accommodation for any part of the employment process, may request an accommodation by contacting us at:\nSPE_Accommodation_Assistance@\nspe.sony.com\nOr\nSony Pictures Entertainment\nAttention: People & Organization Department\n10202 West Washington Blvd. Suite 3900\nCulver City, CA 90232-3195\n(310) 244-4259\nPlease include the following information: The nature of the requested accommodation, and your contact information. Please note: Emails or other correspondence for non-disability related issues such as following up on an application will not receive a response.\nfacebook\ntwitter\ninstagram\nyoutube\nFooter\nPrivacy Policy\nTerms of Use\nCA Privacy Rights\nAd Choices\nYour Privacy Choices\nCookie Consent Tool\n© 2024 Sony Pictures Animation Inc. All rights reserved.",
    "http://sonypicturesanimation.com/careers/job-postings": "job postings | Sony Pictures Animation\nSkip to main content\nHome\nabout\nnews\nOur Team\nartists\nfilmmakers\nexecutives\nProjects\nfilms\nseries\nshorts\nCareers\njob postings\nour studio\ncareer FAQs\nportfolio tips\nContact\nLegal\nprivacy policy\nterms of use\nCA privacy rights\nad choices\nyour privacy choices\ncookie consent tool\n|\nfacebook\ntwitter\ninstagram\nyoutube\nCareers\njob postings\nour studio\ncareer FAQs\nportfolio tips\njob postings\ntwitter\ninstagram\nlinkedin\ntwitter\ninstagram\nlinkedin\nPlease note that there may not be any positions immediately open that may align with your interest, but we are always accepting applications for potential positions.\nTo send in a general application, please fill out this\nExpress Future Interest Form\nand we will be in touch if we find a suitable fit.\nopen positions\ninternships\nanimation, VFX, lighting + comp\nDescription\nFor intern and trainee program information and opportunities, please visit\nhttps://www.sonypicturesjobs.com/internships\n.\nDescription\nIf you are interested in an animator position, please visit our sister company Imageworks for a complete listing,\nwww.imageworks.com\n.\nDescription\nIf you are interested in an animator position, please visit our sister company Imageworks for a complete listing,\nwww.imageworks.com\n.\nfacebook\ntwitter\ninstagram\nyoutube\nJobs Footer\nPrivacy Policy\nTerms of Use\nCA Privacy Rights\nAd Choices\nYour Privacy Choices\nCookie Consent Tool\n© 2024 Sony Pictures Animation Inc. All rights reserved.",
    "http://sonypicturesanimation.com/careers/our-studio": "our studio | Sony Pictures Animation\nSkip to main content\nHome\nabout\nnews\nOur Team\nartists\nfilmmakers\nexecutives\nProjects\nfilms\nseries\nshorts\nCareers\njob postings\nour studio\ncareer FAQs\nportfolio tips\nContact\nLegal\nprivacy policy\nterms of use\nCA privacy rights\nad choices\nyour privacy choices\ncookie consent tool\n|\nfacebook\ntwitter\ninstagram\nyoutube\nCareers\njob postings\nour studio\ncareer FAQs\nportfolio tips\nBreadcrumb\nHome\nCareers\nour studio\nour studio\ntwitter\ninstagram\nlinkedin\ntwitter\ninstagram\nlinkedin\nSony Pictures Entertainment EBRG\nSony Pictures Entertainment is a global company deeply committed to creating an inclusive business environment that represents the world around us. Our initiatives impact every area of our business, from the people in our offices and productions, to our content, viewers and vendors.\nWe strive to partner with diverse suppliers. Sony Pictures Supplier Diversity program seeks to increase representation of minority-, woman-, LGBTQ-, veteran-, and disabled-owned businesses in its supply chain by connecting diverse-owned businesses with sourcing opportunities and providing developmental opportunities for diverse entrepreneurs.\nWe celebrate our unique voices. Through our Employee Business Resource Groups (EBRGs), we increase professional knowledge, expand networks and promote personal growth. EBRGs give people the opportunity to contribute to our culture, community and the bottom line in other ways outside of their everyday jobs. For more information about the EBRG programs, click here.\nLife at Sony Pictures Animation\nfacebook\ntwitter\ninstagram\nyoutube\nFooter\nPrivacy Policy\nTerms of Use\nCA Privacy Rights\nAd Choices\nYour Privacy Choices\nCookie Consent Tool\n© 2024 Sony Pictures Animation Inc. All rights reserved.",
    "http://sonypicturesanimation.com/careers/careerFAQs": "career FAQs | Sony Pictures Animation\nSkip to main content\nHome\nabout\nnews\nOur Team\nartists\nfilmmakers\nexecutives\nProjects\nfilms\nseries\nshorts\nCareers\njob postings\nour studio\ncareer FAQs\nportfolio tips\nContact\nLegal\nprivacy policy\nterms of use\nCA privacy rights\nad choices\nyour privacy choices\ncookie consent tool\n|\nfacebook\ntwitter\ninstagram\nyoutube\nCareers\njob postings\nour studio\ncareer FAQs\nportfolio tips\nBreadcrumb\nHome\nCareers\ncareer FAQs\ncareer FAQs\ntwitter\ninstagram\nlinkedin\ntwitter\ninstagram\nlinkedin\nSony Pictures Animation\nis the creative force behind all our animated and CG/live action hybrid projects.\nSony Animation\nis the front end of production developing scripts, creating storyboards, exploring character & production designs and determining the overall look of the film.\nOnce the project is ready to go into production, in most cases we partner with Sony Pictures Imageworks to help us take the film into the animation production from layout to lighting. Our filmmakers work very closely with Imageworks to support\nSony Animation\n’s creative vision. Once animated,\nSony Animation\noversees the editing, post production and final delivery of our projects.\nCareer FAQs\nHow do I submit my portfolio?\nPortfolios are submitted online. Open positions are posted on our website and there is a section in the application to include a link to your portfolio.\nWill you contact me after reviewing my portfolio?\nDue to the high volume of portfolios we receive, we are unable to provide feedback on individual portfolios. However, you will receive an acknowledgment that we have received your portfolio.\nI have password-protected areas on my site, how do I send you the password?\nPlease put your password on your resume and cover letter in a location that is easy to find.\nHow often should I apply and can I apply for more than one position?\nIf there is an open position that matches your skillset and experience, you should apply. You may apply for more than one position.\nDo you have internships?\nWe do have Summer internships! Please check our job postings annually beginning February 1st.\nDo you offer Art Apprenticeships?\nWe do hire artist apprentices. Our apprentices are hired on a project-by-project basis, they work on production materials and are members of the Animation Guild. Apprentices work with a senior mentor artist and regularly receive guidance and feedback. The apprentice hiring season is year-round.\nWhat’s the difference between an intern and an apprentice?\nInterns are hired as summer employees for 8-10 weeks, typically in the areas of production management, development, and marketing/publicity. Apprentices are artists, members of the union and work on production materials.\nDo you use social media for recruiting?\nOpen positions can be found on our website in the Career section. You can also follow us on\nLinkedIn\nand\nTwitter\nfor position postings.\nIf I am not authorized to work in the United States, can I still apply to\nSony Pictures Animation\n?\nWe do work with talent from around the globe, and have successfully worked with artists from their remote locations. However, because the process of obtaining a work visa to enable you to work on our campus can be difficult, not all roles or applicants may be eligible for sponsorship. We encourage you to become familiar with the rules and regulations around visas. If you have questions, you can visit the United States Citizenship and Immigration website:\nhttps://www.uscis.gov\nCan I submit a creative story and/or script idea?\nWe are unable to accept or consider unsolicited story ideas, pitch materials, treatments, scripts, suggestions or otherwise. Please do not send any kind of story or development ideas with your portfolio, as we will not be able to review any of your work. Please review the Submission Release carefully when you submit your materials.\nDo you offer tours?\nUnfortunately, due to the sensitive nature of production and for the protection of our intellectual property, we are unable to offer tours of our campus.\nfacebook\ntwitter\ninstagram\nyoutube\nFooter\nPrivacy Policy\nTerms of Use\nCA Privacy Rights\nAd Choices\nYour Privacy Choices\nCookie Consent Tool\n© 2024 Sony Pictures Animation Inc. All rights reserved.",
    "http://sonypicturesanimation.com/careers/portfolio-tips": "portfolio tips | Sony Pictures Animation\nSkip to main content\nHome\nabout\nnews\nOur Team\nartists\nfilmmakers\nexecutives\nProjects\nfilms\nseries\nshorts\nCareers\njob postings\nour studio\ncareer FAQs\nportfolio tips\nContact\nLegal\nprivacy policy\nterms of use\nCA privacy rights\nad choices\nyour privacy choices\ncookie consent tool\n|\nfacebook\ntwitter\ninstagram\nyoutube\nCareers\njob postings\nour studio\ncareer FAQs\nportfolio tips\nportfolio tips\nInterested in applying to\nSony Pictures Animation\n? Perfect your portfolio with these tips from \"The Mitchells vs. the Machines\" head of story Guillermo Martinez and story artist Caitlin VanArsdale, and “Spider-Man™: Into the Spider-Verse” production designer Justin K. Thompson.\nvideo gallery\nPortfolio Tips: Story\nPortfolio Tips: Visual Development\nportfolio checklists\nBefore you\nsubmit your portfolio\n, use one of our handy checklists to make sure your portfolio is ready!\nTo download and/or print your own Storyboarding Checklist, click\nhere\n.\nTo download and/or print your own Visual Development Checklist, click\nhere\n.\nfacebook\ntwitter\ninstagram\nyoutube\nFooter\nPrivacy Policy\nTerms of Use\nCA Privacy Rights\nAd Choices\nYour Privacy Choices\nCookie Consent Tool\n© 2024 Sony Pictures Animation Inc. All rights reserved.",
    "http://sonypicturesanimation.com/contact": "Contact | Sony Pictures Animation\nSkip to main content\nHome\nabout\nnews\nOur Team\nartists\nfilmmakers\nexecutives\nProjects\nfilms\nseries\nshorts\nCareers\njob postings\nour studio\ncareer FAQs\nportfolio tips\nContact\nLegal\nprivacy policy\nterms of use\nCA privacy rights\nad choices\nyour privacy choices\ncookie consent tool\n|\nfacebook\ntwitter\ninstagram\nyoutube\nContact\nfacebook\ntwitter\ninstagram\nyoutube\nfacebook\ntwitter\ninstagram\nyoutube\nSony Pictures Animation\n9050 W. Washington Blvd.\nCulver City\n,\nCA\n90232\nUnited States\nfacebook\ntwitter\ninstagram\nyoutube\nFooter\nPrivacy Policy\nTerms of Use\nCA Privacy Rights\nAd Choices\nYour Privacy Choices\nCookie Consent Tool\n© 2024 Sony Pictures Animation Inc. All rights reserved.",
    "http://sonypicturesanimation.com/index.php/about": "About | Sony Pictures Animation\nSkip to main content\nHome\nabout\nnews\nOur Team\nartists\nfilmmakers\nexecutives\nProjects\nfilms\nseries\nshorts\nCareers\njob postings\nour studio\ncareer FAQs\nportfolio tips\nContact\nLegal\nprivacy policy\nterms of use\nCA privacy rights\nad choices\nyour privacy choices\ncookie consent tool\n|\nfacebook\ntwitter\ninstagram\nyoutube\nabout\nSony Pictures Animation\nproduces a variety of animated entertainment for audiences around the world. The studio is currently in production on \"Spider-Man™: Beyond the Spider-Verse,\" the highly-anticipated conclusion to the Spider-Verse trilogy, which began with 2018's Academy Award®-winning \"Spider-Man™: Into the Spider-Verse.\"\nThe studio's additional upcoming feature films include \"GOAT,\" an original animated sports comedy from producer Stephen Curry's Unanimous Media, and the tentatively-titled \"K-Pop: Demon Hunters,\" a musical action adventure set against the backdrop of the most popular music movement of this generation.\nThe division is also behind the visually-groundbreaking and critically-acclaimed \"The Mitchells vs. The Machines,\" the hit film series \"Cloudy with a Chance of Meatballs,\" and the beloved monster franchise \"Hotel Transylvania,\" which will continue its story with the studio's upcoming \"Motel Transylvania\" series.\nSony Pictures Animation\n, which was founded in 2002, is a division of the Sony Pictures Motion Pictures Group for Sony Pictures Entertainment, a subsidiary of the Tokyo-based Sony Group Corporation.\nfacebook\ntwitter\ninstagram\nyoutube\nFooter\nPrivacy Policy\nTerms of Use\nCA Privacy Rights\nAd Choices\nYour Privacy Choices\nCookie Consent Tool\n© 2024 Sony Pictures Animation Inc. All rights reserved.",
    "http://sonypicturesanimation.com/index.php/news": "News | Sony Pictures Animation\nSkip to main content\nHome\nabout\nnews\nOur Team\nartists\nfilmmakers\nexecutives\nProjects\nfilms\nseries\nshorts\nCareers\njob postings\nour studio\ncareer FAQs\nportfolio tips\nContact\nLegal\nprivacy policy\nterms of use\nCA privacy rights\nad choices\nyour privacy choices\ncookie consent tool\n|\nfacebook\ntwitter\ninstagram\nyoutube\nNews\nDeadline\nMaggie Kang & Chris Appelhans Directing Animated Feature ‘K-Pop: Demon Hunters’ For Netflix – First Look\nNetflix announced\nK-Pop: Demon Hunters\n(working title), a new animated feature from Sony Pictures Animation, bound for the streamer in 2025.\nJune 6, 2024\nDeadline\n‘Spider-Man: Beyond The Spider-Verse’ Taps Bob Persichetti and Justin K. Thompson To Direct\nDecember 17, 2024\nDeadline\nChildren’s & Family Emmy Nominations Revealed\nDecember 12, 2024\nAnimation Magazine\nComing Attractions: 25 Animated Movies to Catch in 2025\nNovember 12, 2024\nAnimation Magazine\nThe World Animation Summit Announces Full Lineup of Panels & Speakers\nOctober 21, 2024\nDeadline\nImagen Awards Celebrate ‘A Million Miles Away’, ‘The Long Game’, ‘Will Trent’, Sofia Vergara, Eugenio Derbez & More – Winners List\nSeptember 9, 2024\nThe Hollywood Reporter\nThe 50 Most Powerful Players in Kids Entertainment  - featuring Kristine Belson\nAugust 15, 2024\n+ view more\nfacebook\ntwitter\ninstagram\nyoutube\nFooter\nPrivacy Policy\nTerms of Use\nCA Privacy Rights\nAd Choices\nYour Privacy Choices\nCookie Consent Tool\n© 2024 Sony Pictures Animation Inc. All rights reserved.",
    "http://sonypicturesanimation.com/index.php/our-team": "Our Team | Sony Pictures Animation\nSkip to main content\nHome\nabout\nnews\nOur Team\nartists\nfilmmakers\nexecutives\nProjects\nfilms\nseries\nshorts\nCareers\njob postings\nour studio\ncareer FAQs\nportfolio tips\nContact\nLegal\nprivacy policy\nterms of use\nCA privacy rights\nad choices\nyour privacy choices\ncookie consent tool\n|\nfacebook\ntwitter\ninstagram\nyoutube\nOur Team\nartists\nfilmmakers\nexecutives\nKRISTINE BELSON\nPresident\nKURT ALBRECHT\nProducer\nCHRIS APPELHANS\nDirector\nKATIE BARON\nSenior Vice President, Creative\nScott Berri\nCo-Producer\nGARTH BURKHARD\nSenior Vice President, Publicity & Digital\nBECKY CHAIRES\nSenior Vice President, Marketing\nJOHN COHEN\nProducer\nWENDELL DALIT\nArt Director\nMATT DAVIS\nSenior Vice President, Post Production\nTYREE DILLIHAY\nDirector\nDEAN GORDON\nArt Director\nMIGUEL JIRON\nHead of Story\nJENNIFER KLUSKA\nDirector\nJEFFREY KORCHEK\nExecutive Vice President, Business Affairs and Strategy\nChris Leahy\nExecutive Director, Global Talent Acquisition\nPHIL LORD and CHRIS MILLER\nProducers\nGUILLERMO MARTINEZ\nDirector\nMICHELLE MURDOCCA\nProducer\nKEVIN NOEL\nSenior Vice President, Creative\nPATRICK O’KEEFE\nProduction Designer\nMICHELLE RAIMO KOUYATE\nProducer\nCHRISTIAN ROEDEL\nCo-Producer\nMelissa Sturm\nVice President, Marketing\n+ View More\nfacebook\ntwitter\ninstagram\nyoutube\nFooter\nPrivacy Policy\nTerms of Use\nCA Privacy Rights\nAd Choices\nYour Privacy Choices\nCookie Consent Tool\n© 2024 Sony Pictures Animation Inc. All rights reserved.",
    "http://sonypicturesanimation.com/index.php/our-team/artists": "Artists | Sony Pictures Animation\nSkip to main content\nHome\nabout\nnews\nOur Team\nartists\nfilmmakers\nexecutives\nProjects\nfilms\nseries\nshorts\nCareers\njob postings\nour studio\ncareer FAQs\nportfolio tips\nContact\nLegal\nprivacy policy\nterms of use\nCA privacy rights\nad choices\nyour privacy choices\ncookie consent tool\n|\nfacebook\ntwitter\ninstagram\nyoutube\nOur Team\nartists\nfilmmakers\nexecutives\nWENDELL DALIT\nArt Director\nDEAN GORDON\nArt Director\nMIGUEL JIRON\nHead of Story\nPATRICK O’KEEFE\nProduction Designer\nMARK YEAGER\nEditor\nfacebook\ntwitter\ninstagram\nyoutube\nFooter\nPrivacy Policy\nTerms of Use\nCA Privacy Rights\nAd Choices\nYour Privacy Choices\nCookie Consent Tool\n© 2024 Sony Pictures Animation Inc. All rights reserved.",
    "http://sonypicturesanimation.com/index.php/our-team/filmmakers": "Filmmakers | Sony Pictures Animation\nSkip to main content\nHome\nabout\nnews\nOur Team\nartists\nfilmmakers\nexecutives\nProjects\nfilms\nseries\nshorts\nCareers\njob postings\nour studio\ncareer FAQs\nportfolio tips\nContact\nLegal\nprivacy policy\nterms of use\nCA privacy rights\nad choices\nyour privacy choices\ncookie consent tool\n|\nfacebook\ntwitter\ninstagram\nyoutube\nOur Team\nartists\nfilmmakers\nexecutives\nKURT ALBRECHT\nProducer\nCHRIS APPELHANS\nDirector\nScott Berri\nCo-Producer\nJOHN COHEN\nProducer\nTYREE DILLIHAY\nDirector\nJENNIFER KLUSKA\nDirector\nPHIL LORD and CHRIS MILLER\nProducers\nGUILLERMO MARTINEZ\nDirector\nMICHELLE MURDOCCA\nProducer\nMICHELLE RAIMO KOUYATE\nProducer\nCHRISTIAN ROEDEL\nCo-Producer\nGENNDY TARTAKOVSKY\nDirector\nJUSTIN K. THOMPSON\nDirector\nTHUROP VAN ORMAN\nDirector\nMichelle Wong\nProducer\nfacebook\ntwitter\ninstagram\nyoutube\nFooter\nPrivacy Policy\nTerms of Use\nCA Privacy Rights\nAd Choices\nYour Privacy Choices\nCookie Consent Tool\n© 2024 Sony Pictures Animation Inc. All rights reserved.",
    "http://sonypicturesanimation.com/index.php/our-team/executives": "Executives | Sony Pictures Animation\nSkip to main content\nHome\nabout\nnews\nOur Team\nartists\nfilmmakers\nexecutives\nProjects\nfilms\nseries\nshorts\nCareers\njob postings\nour studio\ncareer FAQs\nportfolio tips\nContact\nLegal\nprivacy policy\nterms of use\nCA privacy rights\nad choices\nyour privacy choices\ncookie consent tool\n|\nfacebook\ntwitter\ninstagram\nyoutube\nOur Team\nartists\nfilmmakers\nexecutives\nKRISTINE BELSON\nPresident\nKATIE BARON\nSenior Vice President, Creative\nGARTH BURKHARD\nSenior Vice President, Publicity & Digital\nBECKY CHAIRES\nSenior Vice President, Marketing\nMATT DAVIS\nSenior Vice President, Post Production\nJEFFREY KORCHEK\nExecutive Vice President, Business Affairs and Strategy\nChris Leahy\nExecutive Director, Global Talent Acquisition\nKEVIN NOEL\nSenior Vice President, Creative\nMelissa Sturm\nVice President, Marketing\nERIC TOVELL\nSenior Vice President, Creative\nERIK VIGNAU\nSenior Vice President, Physical Production\nKYM WULFE\nExecutive Vice President, Business Affairs\nfacebook\ntwitter\ninstagram\nyoutube\nFooter\nPrivacy Policy\nTerms of Use\nCA Privacy Rights\nAd Choices\nYour Privacy Choices\nCookie Consent Tool\n© 2024 Sony Pictures Animation Inc. All rights reserved.",
    "http://sonypicturesanimation.com/index.php/projects": "Projects | Sony Pictures Animation\nSkip to main content\nHome\nabout\nnews\nOur Team\nartists\nfilmmakers\nexecutives\nProjects\nfilms\nseries\nshorts\nCareers\njob postings\nour studio\ncareer FAQs\nportfolio tips\nContact\nLegal\nprivacy policy\nterms of use\nCA privacy rights\nad choices\nyour privacy choices\ncookie consent tool\n|\nfacebook\ntwitter\ninstagram\nyoutube\nProjects\nfilms\nseries\nshorts\nFilms\nGOAT\nK-POP: DEMON HUNTERS\nFIXED\nSpider-Man: Beyond the Spider-Verse\nSPIDER-MAN™: ACROSS THE SPIDER-VERSE\nHOTEL TRANSYLVANIA: TRANSFORMANIA\n+ view more\nfacebook\ntwitter\ninstagram\nyoutube\nFooter\nPrivacy Policy\nTerms of Use\nCA Privacy Rights\nAd Choices\nYour Privacy Choices\nCookie Consent Tool\n© 2024 Sony Pictures Animation Inc. All rights reserved.",
    "http://sonypicturesanimation.com/index.php/projects/films": "Films | Sony Pictures Animation\nSkip to main content\nHome\nabout\nnews\nOur Team\nartists\nfilmmakers\nexecutives\nProjects\nfilms\nseries\nshorts\nCareers\njob postings\nour studio\ncareer FAQs\nportfolio tips\nContact\nLegal\nprivacy policy\nterms of use\nCA privacy rights\nad choices\nyour privacy choices\ncookie consent tool\n|\nfacebook\ntwitter\ninstagram\nyoutube\nProjects\nfilms\nseries\nshorts\nFilms\nGOAT\nK-POP: DEMON HUNTERS\nFIXED\nSpider-Man: Beyond the Spider-Verse\nSPIDER-MAN™: ACROSS THE SPIDER-VERSE\nHOTEL TRANSYLVANIA: TRANSFORMANIA\n+ view more\nfacebook\ntwitter\ninstagram\nyoutube\nFooter\nPrivacy Policy\nTerms of Use\nCA Privacy Rights\nAd Choices\nYour Privacy Choices\nCookie Consent Tool\n© 2024 Sony Pictures Animation Inc. All rights reserved.",
    "http://sonypicturesanimation.com/index.php/projects/series": "Series | Sony Pictures Animation\nSkip to main content\nHome\nabout\nnews\nOur Team\nartists\nfilmmakers\nexecutives\nProjects\nfilms\nseries\nshorts\nCareers\njob postings\nour studio\ncareer FAQs\nportfolio tips\nContact\nLegal\nprivacy policy\nterms of use\nCA privacy rights\nad choices\nyour privacy choices\ncookie consent tool\n|\nfacebook\ntwitter\ninstagram\nyoutube\nProjects\nfilms\nseries\nshorts\nSeries\nMOTEL TRANSYLVANIA\nGHOSTBUSTERS\nAGENT ELVIS\nYOUNG LOVE\nfacebook\ntwitter\ninstagram\nyoutube\nFooter\nPrivacy Policy\nTerms of Use\nCA Privacy Rights\nAd Choices\nYour Privacy Choices\nCookie Consent Tool\n© 2024 Sony Pictures Animation Inc. All rights reserved.",
    "http://sonypicturesanimation.com/index.php/projects/shorts": "Shorts | Sony Pictures Animation\nSkip to main content\nHome\nabout\nnews\nOur Team\nartists\nfilmmakers\nexecutives\nProjects\nfilms\nseries\nshorts\nCareers\njob postings\nour studio\ncareer FAQs\nportfolio tips\nContact\nLegal\nprivacy policy\nterms of use\nCA privacy rights\nad choices\nyour privacy choices\ncookie consent tool\n|\nfacebook\ntwitter\ninstagram\nyoutube\nProjects\nfilms\nseries\nshorts\nShorts\nTHE SPIDER WITHIN: A SPIDER-VERSE STORY\nMONSTER PETS: A HOTEL TRANSYLVANIA SHORT\nHAIR LOVE\nSPIDER-HAM: CAUGHT IN A HAM\nPUPPY!\nTHE SMURFS: THE LEGEND OF SMURFY HOLLOW\n+ view more\nfacebook\ntwitter\ninstagram\nyoutube\nFooter\nPrivacy Policy\nTerms of Use\nCA Privacy Rights\nAd Choices\nYour Privacy Choices\nCookie Consent Tool\n© 2024 Sony Pictures Animation Inc. All rights reserved.",
    "http://sonypicturesanimation.com/index.php/careers": "Careers | Sony Pictures Animation\nSkip to main content\nHome\nabout\nnews\nOur Team\nartists\nfilmmakers\nexecutives\nProjects\nfilms\nseries\nshorts\nCareers\njob postings\nour studio\ncareer FAQs\nportfolio tips\nContact\nLegal\nprivacy policy\nterms of use\nCA privacy rights\nad choices\nyour privacy choices\ncookie consent tool\n|\nfacebook\ntwitter\ninstagram\nyoutube\nCareers\njob postings\nour studio\ncareer FAQs\nportfolio tips\nBreadcrumb\nHome\nCareers\nCareers\ntwitter\ninstagram\nlinkedin\nSony Pictures Animation\nproduces a variety of animated entertainment for audiences around the world.\nAs a home for creative talent, we welcome the best, brightest and most imaginative minds in the animation business to become a part of our team. We foster a culture of collaboration alongside our commitment to creativity. We are dedicated to building a positive work environment and creating opportunities for advancement.\nSony Pictures Animation\nis an equal opportunity employer. We evaluate qualified applicants without regard to race, color, religion, sex, national origin, disability, veteran status, age, sexual orientation, gender identity, or other protected characteristics.\nSony Pictures is committed to working with and providing reasonable accommodation to individuals with disabilities. Applicants in the U.S. who, because of a medical condition or disability, need a reasonable accommodation for any part of the employment process, may request an accommodation by contacting us at:\nSPE_Accommodation_Assistance@\nspe.sony.com\nOr\nSony Pictures Entertainment\nAttention: People & Organization Department\n10202 West Washington Blvd. Suite 3900\nCulver City, CA 90232-3195\n(310) 244-4259\nPlease include the following information: The nature of the requested accommodation, and your contact information. Please note: Emails or other correspondence for non-disability related issues such as following up on an application will not receive a response.\nfacebook\ntwitter\ninstagram\nyoutube\nFooter\nPrivacy Policy\nTerms of Use\nCA Privacy Rights\nAd Choices\nYour Privacy Choices\nCookie Consent Tool\n© 2024 Sony Pictures Animation Inc. All rights reserved.",
    "http://sonypicturesanimation.com/index.php/careers/job-postings": "job postings | Sony Pictures Animation\nSkip to main content\nHome\nabout\nnews\nOur Team\nartists\nfilmmakers\nexecutives\nProjects\nfilms\nseries\nshorts\nCareers\njob postings\nour studio\ncareer FAQs\nportfolio tips\nContact\nLegal\nprivacy policy\nterms of use\nCA privacy rights\nad choices\nyour privacy choices\ncookie consent tool\n|\nfacebook\ntwitter\ninstagram\nyoutube\nCareers\njob postings\nour studio\ncareer FAQs\nportfolio tips\njob postings\ntwitter\ninstagram\nlinkedin\ntwitter\ninstagram\nlinkedin\nPlease note that there may not be any positions immediately open that may align with your interest, but we are always accepting applications for potential positions.\nTo send in a general application, please fill out this\nExpress Future Interest Form\nand we will be in touch if we find a suitable fit.\nopen positions\ninternships\nanimation, VFX, lighting + comp\nDescription\nFor intern and trainee program information and opportunities, please visit\nhttps://www.sonypicturesjobs.com/internships\n.\nDescription\nIf you are interested in an animator position, please visit our sister company Imageworks for a complete listing,\nwww.imageworks.com\n.\nDescription\nIf you are interested in an animator position, please visit our sister company Imageworks for a complete listing,\nwww.imageworks.com\n.\nfacebook\ntwitter\ninstagram\nyoutube\nJobs Footer\nPrivacy Policy\nTerms of Use\nCA Privacy Rights\nAd Choices\nYour Privacy Choices\nCookie Consent Tool\n© 2024 Sony Pictures Animation Inc. All rights reserved.",
    "http://sonypicturesanimation.com/index.php/careers/our-studio": "our studio | Sony Pictures Animation\nSkip to main content\nHome\nabout\nnews\nOur Team\nartists\nfilmmakers\nexecutives\nProjects\nfilms\nseries\nshorts\nCareers\njob postings\nour studio\ncareer FAQs\nportfolio tips\nContact\nLegal\nprivacy policy\nterms of use\nCA privacy rights\nad choices\nyour privacy choices\ncookie consent tool\n|\nfacebook\ntwitter\ninstagram\nyoutube\nCareers\njob postings\nour studio\ncareer FAQs\nportfolio tips\nBreadcrumb\nHome\nCareers\nour studio\nour studio\ntwitter\ninstagram\nlinkedin\ntwitter\ninstagram\nlinkedin\nSony Pictures Entertainment EBRG\nSony Pictures Entertainment is a global company deeply committed to creating an inclusive business environment that represents the world around us. Our initiatives impact every area of our business, from the people in our offices and productions, to our content, viewers and vendors.\nWe strive to partner with diverse suppliers. Sony Pictures Supplier Diversity program seeks to increase representation of minority-, woman-, LGBTQ-, veteran-, and disabled-owned businesses in its supply chain by connecting diverse-owned businesses with sourcing opportunities and providing developmental opportunities for diverse entrepreneurs.\nWe celebrate our unique voices. Through our Employee Business Resource Groups (EBRGs), we increase professional knowledge, expand networks and promote personal growth. EBRGs give people the opportunity to contribute to our culture, community and the bottom line in other ways outside of their everyday jobs. For more information about the EBRG programs, click here.\nLife at Sony Pictures Animation\nfacebook\ntwitter\ninstagram\nyoutube\nFooter\nPrivacy Policy\nTerms of Use\nCA Privacy Rights\nAd Choices\nYour Privacy Choices\nCookie Consent Tool\n© 2024 Sony Pictures Animation Inc. All rights reserved.",
    "http://sonypicturesanimation.com/index.php/careers/careerFAQs": "career FAQs | Sony Pictures Animation\nSkip to main content\nHome\nabout\nnews\nOur Team\nartists\nfilmmakers\nexecutives\nProjects\nfilms\nseries\nshorts\nCareers\njob postings\nour studio\ncareer FAQs\nportfolio tips\nContact\nLegal\nprivacy policy\nterms of use\nCA privacy rights\nad choices\nyour privacy choices\ncookie consent tool\n|\nfacebook\ntwitter\ninstagram\nyoutube\nCareers\njob postings\nour studio\ncareer FAQs\nportfolio tips\nBreadcrumb\nHome\nCareers\ncareer FAQs\ncareer FAQs\ntwitter\ninstagram\nlinkedin\ntwitter\ninstagram\nlinkedin\nSony Pictures Animation\nis the creative force behind all our animated and CG/live action hybrid projects.\nSony Animation\nis the front end of production developing scripts, creating storyboards, exploring character & production designs and determining the overall look of the film.\nOnce the project is ready to go into production, in most cases we partner with Sony Pictures Imageworks to help us take the film into the animation production from layout to lighting. Our filmmakers work very closely with Imageworks to support\nSony Animation\n’s creative vision. Once animated,\nSony Animation\noversees the editing, post production and final delivery of our projects.\nCareer FAQs\nHow do I submit my portfolio?\nPortfolios are submitted online. Open positions are posted on our website and there is a section in the application to include a link to your portfolio.\nWill you contact me after reviewing my portfolio?\nDue to the high volume of portfolios we receive, we are unable to provide feedback on individual portfolios. However, you will receive an acknowledgment that we have received your portfolio.\nI have password-protected areas on my site, how do I send you the password?\nPlease put your password on your resume and cover letter in a location that is easy to find.\nHow often should I apply and can I apply for more than one position?\nIf there is an open position that matches your skillset and experience, you should apply. You may apply for more than one position.\nDo you have internships?\nWe do have Summer internships! Please check our job postings annually beginning February 1st.\nDo you offer Art Apprenticeships?\nWe do hire artist apprentices. Our apprentices are hired on a project-by-project basis, they work on production materials and are members of the Animation Guild. Apprentices work with a senior mentor artist and regularly receive guidance and feedback. The apprentice hiring season is year-round.\nWhat’s the difference between an intern and an apprentice?\nInterns are hired as summer employees for 8-10 weeks, typically in the areas of production management, development, and marketing/publicity. Apprentices are artists, members of the union and work on production materials.\nDo you use social media for recruiting?\nOpen positions can be found on our website in the Career section. You can also follow us on\nLinkedIn\nand\nTwitter\nfor position postings.\nIf I am not authorized to work in the United States, can I still apply to\nSony Pictures Animation\n?\nWe do work with talent from around the globe, and have successfully worked with artists from their remote locations. However, because the process of obtaining a work visa to enable you to work on our campus can be difficult, not all roles or applicants may be eligible for sponsorship. We encourage you to become familiar with the rules and regulations around visas. If you have questions, you can visit the United States Citizenship and Immigration website:\nhttps://www.uscis.gov\nCan I submit a creative story and/or script idea?\nWe are unable to accept or consider unsolicited story ideas, pitch materials, treatments, scripts, suggestions or otherwise. Please do not send any kind of story or development ideas with your portfolio, as we will not be able to review any of your work. Please review the Submission Release carefully when you submit your materials.\nDo you offer tours?\nUnfortunately, due to the sensitive nature of production and for the protection of our intellectual property, we are unable to offer tours of our campus.\nfacebook\ntwitter\ninstagram\nyoutube\nFooter\nPrivacy Policy\nTerms of Use\nCA Privacy Rights\nAd Choices\nYour Privacy Choices\nCookie Consent Tool\n© 2024 Sony Pictures Animation Inc. All rights reserved.",
    "http://sonypicturesanimation.com/index.php/careers/portfolio-tips": "portfolio tips | Sony Pictures Animation\nSkip to main content\nHome\nabout\nnews\nOur Team\nartists\nfilmmakers\nexecutives\nProjects\nfilms\nseries\nshorts\nCareers\njob postings\nour studio\ncareer FAQs\nportfolio tips\nContact\nLegal\nprivacy policy\nterms of use\nCA privacy rights\nad choices\nyour privacy choices\ncookie consent tool\n|\nfacebook\ntwitter\ninstagram\nyoutube\nCareers\njob postings\nour studio\ncareer FAQs\nportfolio tips\nportfolio tips\nInterested in applying to\nSony Pictures Animation\n? Perfect your portfolio with these tips from \"The Mitchells vs. the Machines\" head of story Guillermo Martinez and story artist Caitlin VanArsdale, and “Spider-Man™: Into the Spider-Verse” production designer Justin K. Thompson.\nvideo gallery\nPortfolio Tips: Story\nPortfolio Tips: Visual Development\nportfolio checklists\nBefore you\nsubmit your portfolio\n, use one of our handy checklists to make sure your portfolio is ready!\nTo download and/or print your own Storyboarding Checklist, click\nhere\n.\nTo download and/or print your own Visual Development Checklist, click\nhere\n.\nfacebook\ntwitter\ninstagram\nyoutube\nFooter\nPrivacy Policy\nTerms of Use\nCA Privacy Rights\nAd Choices\nYour Privacy Choices\nCookie Consent Tool\n© 2024 Sony Pictures Animation Inc. All rights reserved."
  },
  "doc_id": "1e647610-eb58-57d8-a700-2a4b097bf846"
}