{
  "url": "http://tapestryhealth.com",
  "timestamp": 1735559785.643123,
  "text_by_page_url": {
    "https://tapestryhealth.com/careers/": "Career with Best telemedicine Solutions Provider\nSkip to content\nBook a Demo\nTestimonials\nAbout\nSolutions\nProviders\nPayors\nCareers\nNewsroom\nContact\nAbout\nSolutions\nProviders\nPayors\nCareers\nNewsroom\nContact\nCareers\nJoin the Team\nAt TapestryHealth\nTM\nwe believe our people are the key to our success. We are always on the look out for talented and passionate professionals to join our forward-thinking team. Whether you are an experienced clinician looking for autonomy in your career or a specialist in your field searching for your next move, we have opportunities for you to grow, learn and make an impact.\nTapestry is committed to creating a positive, inclusive workplace where everyone feels valued and supported. Check out our job openings and take the first step toward building a career you are proud of.\nView Job Board\nAbout\nAbout Us\nLeadership Team\nProviders\nA.I. Data & Analytics Solutions\nVitals Management Program\n24/7 Telemedicine Care\nMedical Director Support\nPrimary Care Clinicians\nBehavioral Care\nPhysicians Specialists\nQuicklinks\nPayors\nCareers\nAffiliated Practices\nTestimonials\nTerms & Conditions\nCompliance\nPrivacy Policy\nContact\nBook a Demo\n(203) 666.8145\ninfo@tapestryhealth.com\nLinkedin-in\nFacebook-f\nCopyright Â© 2024 TapestryHealthâ¢\nDesigned By\nCopyright Â© 2024 TapestryHealthâ¢\nDesigned By\nAbout\nLeadership\nCulture & Values\nSolutions\nAI Data & Analytics Solutions\nVitals Management Program\n24/7 Telemedicine\nMedical Director Support\nPrimary Care Clinicians\nBehavioral Care\nPhysician Specialist\nProviders\nTrusted by Skilled Nursing, Assisted Living, & Home Health communities.\nOwner & CEO\nCNO & DON\nOperations\nAdministrator &\nExecutive Director\nPhysician Assistant &\nNurse Practitioner\nPartners & Investors\nSkip to content\nOpen toolbar\nAccessibility Tools\nAccessibility Tools\nIncrease Text\nIncrease Text\nDecrease Text\nDecrease Text\nGrayscale\nGrayscale\nHigh Contrast\nHigh Contrast\nNegative Contrast\nNegative Contrast\nLight Background\nLight Background\nLinks Underline\nLinks Underline\nReadable Font\nReadable Font\nReset\nReset",
    "https://tapestryhealth.com/newsroom/": "Newsroom | TapestryHealth\nSkip to content\nBook a Demo\nTestimonials\nAbout\nSolutions\nProviders\nPayors\nCareers\nNewsroom\nContact\nAbout\nSolutions\nProviders\nPayors\nCareers\nNewsroom\nContact\nNewsroom\nSeptember 26, 2024\nTapestryHealth Announces Appointment of Bill Golden and Isaac Ullatil to Board of Directors\nStratford CT, September 26, 2024 â TapestryHealth, a leading provider of innovative healthcare solutions, is pleased...\nRead More\nSeptember 23, 2024\nTapestryHealth Welcomes Craig Anderson as New CEO\nTapestryHealth, a leading provider of healthcare services for post-acute communities, is pleased to announce the...\nRead More\nNovember 21, 2023\nChronic Staffing Shortages and The Use of Technology in Nursing Homes\nDiscover insights from David Chess, MD, and Joseph Ouslander, MD in their article featured on...\nRead More\nAugust 29, 2023\nTapestryHealth Announces $25 Million Credit Investment from Catalio Capital Management to Fund Continued Growth\nNEW YORK–(BUSINSS WIRE)–TapestryHealth, a multi-specialty healthcare company that utilizes advanced radar technology and AI to...\nRead More\nSeptember 28, 2022\nTapestryHealth partnership with WellStack designed to coordinate multiple platforms pays big dividend\nNew partnership has super-charged Tapestry’s already powerful team of independent platforms STAMFORD, Conn., Sept. 28,...\nRead More\nJanuary 20, 2022\nNew TapestryHealth CEO Mark Hirschhorn Wants SNF Telehealth Adoption Addressed at National Level\nTelemedicine provider and primary care practice TapestryHealth named Mark Hirschhorn CEO this week as the...\nRead More\nJanuary 19, 2022\nMark Hirschhorn appointed as CEO of TapestryHealth\nIndustry veteran focuses on wider penetration, expanded use of services STRATFORD, Conn., Jan. 18, 2022...\nRead More\nNovember 9, 2021\nSeema Verma joins the TapestryHealth Advisory Board\nFormer head of the Centers for Medicare and Medicaid Services to aid Tapestryâs board in...\nRead More\nJune 25, 2021\nTapestryHealth expands to AL, memory care\nTapestryHealth, one of the nationâs leading providers of primary care telemedicine services to the skilled...\nRead More\nJune 25, 2021\nTapestryCareâ¢ Story – When Virtual becomes Reality\nAmazing story over the weekend. I often speak about our virtual telehealth staff really becoming...\nRead More\nLoad More\nAbout\nAbout Us\nLeadership Team\nProviders\nA.I. Data & Analytics Solutions\nVitals Management Program\n24/7 Telemedicine Care\nMedical Director Support\nPrimary Care Clinicians\nBehavioral Care\nPhysicians Specialists\nQuicklinks\nPayors\nCareers\nAffiliated Practices\nTestimonials\nTerms & Conditions\nCompliance\nPrivacy Policy\nContact\nBook a Demo\n(203) 666.8145\ninfo@tapestryhealth.com\nLinkedin-in\nFacebook-f\nCopyright Â© 2024 TapestryHealthâ¢\nDesigned By\nCopyright Â© 2024 TapestryHealthâ¢\nDesigned By\nAbout\nLeadership\nCulture & Values\nSolutions\nAI Data & Analytics Solutions\nVitals Management Program\n24/7 Telemedicine\nMedical Director Support\nPrimary Care Clinicians\nBehavioral Care\nPhysician Specialist\nProviders\nTrusted by Skilled Nursing, Assisted Living, & Home Health communities.\nOwner & CEO\nCNO & DON\nOperations\nAdministrator &\nExecutive Director\nPhysician Assistant &\nNurse Practitioner\nPartners & Investors\nSkip to content\nOpen toolbar\nAccessibility Tools\nAccessibility Tools\nIncrease Text\nIncrease Text\nDecrease Text\nDecrease Text\nGrayscale\nGrayscale\nHigh Contrast\nHigh Contrast\nNegative Contrast\nNegative Contrast\nLight Background\nLight Background\nLinks Underline\nLinks Underline\nReadable Font\nReadable Font\nReset\nReset",
    "https://tapestryhealth.com/contact/": "Tapestryhealth Is the Best Telemedicine Platform. Contact Us Now\nSkip to content\nBook a Demo\nTestimonials\nAbout\nSolutions\nProviders\nPayors\nCareers\nNewsroom\nContact\nAbout\nSolutions\nProviders\nPayors\nCareers\nNewsroom\nContact\nContact\nGet in Touch\nLooking for more information? We are here for you. We understand your time is valuable which is why our attentive support team is available 24/7 to assist with any inquiries that may arise. Your feedback is important to us, and we appreciate the opportunity to serve you.\nLooking for more information? Tapestry is here for you. We understand your time is valuable which is why our attentive support team is available 24/7 to assist with any inquiries that may arise. Your feedback is important to us, and we appreciate the opportunity to serve you.\n(203) 666-8145\ninfo@tapestryhealth.com\n(203) 666-8145\ninfo@tapestryhealth.com\nI would like to receive email updates from TapestryHealth\nSubmit\nSchedule a Call to Explore Our Solutions\nPlease direct all employment inquiries to our\ncareers page\nAbout\nAbout Us\nLeadership Team\nProviders\nA.I. Data & Analytics Solutions\nVitals Management Program\n24/7 Telemedicine Care\nMedical Director Support\nPrimary Care Clinicians\nBehavioral Care\nPhysicians Specialists\nQuicklinks\nPayors\nCareers\nAffiliated Practices\nTestimonials\nTerms & Conditions\nCompliance\nPrivacy Policy\nContact\nBook a Demo\n(203) 666.8145\ninfo@tapestryhealth.com\nLinkedin-in\nFacebook-f\nCopyright Â© 2024 TapestryHealthâ¢\nDesigned By\nCopyright Â© 2024 TapestryHealthâ¢\nDesigned By\nAbout\nLeadership\nCulture & Values\nSolutions\nAI Data & Analytics Solutions\nVitals Management Program\n24/7 Telemedicine\nMedical Director Support\nPrimary Care Clinicians\nBehavioral Care\nPhysician Specialist\nProviders\nTrusted by Skilled Nursing, Assisted Living, & Home Health communities.\nOwner & CEO\nCNO & DON\nOperations\nAdministrator &\nExecutive Director\nPhysician Assistant &\nNurse Practitioner\nPartners & Investors\nSkip to content\nOpen toolbar\nAccessibility Tools\nAccessibility Tools\nIncrease Text\nIncrease Text\nDecrease Text\nDecrease Text\nGrayscale\nGrayscale\nHigh Contrast\nHigh Contrast\nNegative Contrast\nNegative Contrast\nLight Background\nLight Background\nLinks Underline\nLinks Underline\nReadable Font\nReadable Font\nReset\nReset",
    "https://tapestryhealth.com/solutions/": "Best Telehealth Services - TapestryHealth\nSkip to content\nBook a Demo\nTestimonials\nAbout\nSolutions\nProviders\nPayors\nCareers\nNewsroom\nContact\nAbout\nSolutions\nProviders\nPayors\nCareers\nNewsroom\nContact\nTelemedicine Care\nAt Tapestry, telemedicine means the primary care clinician or someone from their team is ready to respond 24/7.  Our after-hours teams are specific to each facility and are fully integrated with the daytime clinician.\nLearn More\nAI Technology\nWe aggregate and analyze patient and facility data in real-time, then connect all the dots and turn them into actionable intelligence on the health and safety of individual patients and the facility population as a whole.\nLearn More\nRadar-Powered Monitoring\nCompletely private and contactless, our advanced radar technology detects even the slightest vibrations, capturing each patient’s depth of respiration, heart rate and even bed exits, allowing for more informed, proactive care.\nLearn More\nFall Prevention\nWe use advanced cameras and sophisticated AI to interpret movements as accurately as a nurse in the room, enabling us to notify nurses 30-60 seconds before a patient has a fall.\nLearn More\nRemote Patient Monitoring\nWe monitor patients’ vital signs non-stop and can alert a nurse instantly, day or night when a change calls for attention. We then use that data to identify patterns and potential risks before symptoms are even noticed.\nLearn More\nClinical Experts\nThe specific Tapestry clinician assigned to each facility gets to know every patient and establishes the critical doctor/patient relationship, as well as the equally important relationship with the facility nurses and staff.\nLearn More\nPatient Well-being\nTapestry provides a safety net of protection for all patients through 24/7 bedside care and continuous monitoring.\nLearn More\nTelemedicine Care\nAt Tapestry, telemedicine means the primary care clinician or someone from their team is ready to respond 24/7.  Our after-hours teams are specific to each facility and are fully integrated with the daytime clinician.\nLearn More\nAI Technology\nWe aggregate and analyze patient and facility data in real-time, then connect all the dots and turn them into actionable intelligence on the health and safety of individual patients and the facility population as a whole.\nLearn More\nRadar-Powered Monitoring\nCompletely private and contactless, our advanced radar technology detects even the slightest vibrations, capturing each patient’s depth of respiration, heart rate and even bed exits, allowing for more informed, proactive care.\nLearn More\nFall Prevention\nWe use advanced cameras and sophisticated AI to interpret movements as accurately as a nurse in the room, enabling us to notify nurses 30-60 seconds before a patient has a fall.\nLearn More\nRemote Patient Monitoring\nWe monitor patients’ vital signs non-stop and can alert a nurse instantly, day or night when a change calls for attention. We then use that data to identify patterns and potential risks before symptoms are even noticed.\nLearn More\nClinical Experts\nThe specific Tapestry clinician assigned to each facility gets to know every patient and establishes the critical doctor/patient relationship, as well as the equally important relationship with the facility nurses and staff.\nLearn More\nPatient Well-being\nTapestry provides a safety net of protection for all patients through 24/7 bedside care and continuous monitoring.\nLearn More\nFor Providers\nAI Data & Analytics Solutions\nBring your post-acute facility into the future of healthcare with artificial intelligence and machine learning technology…\nLearn More\nVitals Management Program\nThe goal of our Vitals Management Program is simple: see trouble coming before it strikes and react early…\nLearn More\n24/7 Telemedicine\nEquip your facility to provide 24/7, connected care through the use of telemedicine services…\nLearn More\nMedical Director Support\nAccess to experienced and knowledgeable leaders is critical to the success of facility operations, staff satisfaction and patient outcomes…\nLearn More\nPrimary Care Clinicians\nWhether a Tapestry clinician is the primary care physician or nurse practitioner, or we are simply providing support in between visits…\nLearn More\nBehavioral Care\nCaring for a patient means caring for both body and mind. We provide clinicians trained in behavioral and psychological services…\nLearn More\nPhysician Specialists\nOften, patients in rural facilities have no choice but to wait weeks to see a specialist, only to have their condition worsen and require hospitalization…\nLearn More\nAbout\nAbout Us\nLeadership Team\nProviders\nA.I. Data & Analytics Solutions\nVitals Management Program\n24/7 Telemedicine Care\nMedical Director Support\nPrimary Care Clinicians\nBehavioral Care\nPhysicians Specialists\nQuicklinks\nPayors\nCareers\nAffiliated Practices\nTestimonials\nTerms & Conditions\nCompliance\nPrivacy Policy\nContact\nBook a Demo\n(203) 666.8145\ninfo@tapestryhealth.com\nLinkedin-in\nFacebook-f\nCopyright Â© 2024 TapestryHealthâ¢\nDesigned By\nCopyright Â© 2024 TapestryHealthâ¢\nDesigned By\nAbout\nLeadership\nCulture & Values\nSolutions\nAI Data & Analytics Solutions\nVitals Management Program\n24/7 Telemedicine\nMedical Director Support\nPrimary Care Clinicians\nBehavioral Care\nPhysician Specialist\nProviders\nTrusted by Skilled Nursing, Assisted Living, & Home Health communities.\nOwner & CEO\nCNO & DON\nOperations\nAdministrator &\nExecutive Director\nPhysician Assistant &\nNurse Practitioner\nPartners & Investors\nSkip to content\nOpen toolbar\nAccessibility Tools\nAccessibility Tools\nIncrease Text\nIncrease Text\nDecrease Text\nDecrease Text\nGrayscale\nGrayscale\nHigh Contrast\nHigh Contrast\nNegative Contrast\nNegative Contrast\nLight Background\nLight Background\nLinks Underline\nLinks Underline\nReadable Font\nReadable Font\nReset\nReset",
    "https://tapestryhealth.com/leadership/": "TapestryHealth Team for Telemedicine Service\nSkip to content\nBook a Demo\nTestimonials\nAbout\nSolutions\nProviders\nPayors\nCareers\nNewsroom\nContact\nAbout\nSolutions\nProviders\nPayors\nCareers\nNewsroom\nContact\nLeadership\nOur Team\nCraig Anderson\nChief Executive\nOfficer\nLinkedin-in\nMordy Eisenberg, NHA\nChief Growth & Product Officer/Co-founder\nLinkedin-in\nAndy Heim\nChief Operating\nOfficer\nLinkedin-in\nSeema Verma, MPH\nSpecial Advisor\nto the Board\nLinkedin-in\nHans Jenkins, DO, MBA\nChief Medical\nOfficer\nLinkedin-in\nJoan de la Prida\nChief Accounting\nOfficer\nLinkedin-in\nAbe Berman\nChief Financial\nOfficer\nLinkedin-in\nStafan Alexa\nChief Technology\nOfficer\nLinkedin-in\nJill Mitchell\nChief Compliance\nOfficer\nLinkedin-in\nLee Pichardo\nChief Human\nResources Officer\nLinkedin-in\nJohn Calcavecchia\nSr. Vice President\nof Sales\nLinkedin-in\nVictoria Goodwin\nSr. Vice President of\nOperations\nLinkedin-in\nBoard of Directors\nDavid Chess, MD\nChairman of the\nBoard/Founder\nLinkedin-in\nAbinav Sankar\nLinkedin-in\nWilliam Golden\nLinkedin-in\nIsaac Ullatil\nLinkedin-in\nAbout\nAbout Us\nLeadership Team\nProviders\nA.I. Data & Analytics Solutions\nVitals Management Program\n24/7 Telemedicine Care\nMedical Director Support\nPrimary Care Clinicians\nBehavioral Care\nPhysicians Specialists\nQuicklinks\nPayors\nCareers\nAffiliated Practices\nTestimonials\nTerms & Conditions\nCompliance\nPrivacy Policy\nContact\nBook a Demo\n(203) 666.8145\ninfo@tapestryhealth.com\nLinkedin-in\nFacebook-f\nCopyright Â© 2024 TapestryHealthâ¢\nDesigned By\nCopyright Â© 2024 TapestryHealthâ¢\nDesigned By\nAbout\nLeadership\nCulture & Values\nSolutions\nAI Data & Analytics Solutions\nVitals Management Program\n24/7 Telemedicine\nMedical Director Support\nPrimary Care Clinicians\nBehavioral Care\nPhysician Specialist\nProviders\nTrusted by Skilled Nursing, Assisted Living, & Home Health communities.\nOwner & CEO\nCNO & DON\nOperations\nAdministrator &\nExecutive Director\nPhysician Assistant &\nNurse Practitioner\nPartners & Investors\nSkip to content\nOpen toolbar\nAccessibility Tools\nAccessibility Tools\nIncrease Text\nIncrease Text\nDecrease Text\nDecrease Text\nGrayscale\nGrayscale\nHigh Contrast\nHigh Contrast\nNegative Contrast\nNegative Contrast\nLight Background\nLight Background\nLinks Underline\nLinks Underline\nReadable Font\nReadable Font\nReset\nReset",
    "https://tapestryhealth.com/about-us/": "TapestryHealth Delivers Best in class Telemedicine Service\nSkip to content\nBook a Demo\nTestimonials\nAbout\nSolutions\nProviders\nPayors\nCareers\nNewsroom\nContact\nAbout\nSolutions\nProviders\nPayors\nCareers\nNewsroom\nContact\nAbout Us\nWho we are\nTapestryHealth\nTM\nis the driving force behind the highest level of innovative medical care for post-acute communities. Our team comprised of healthcare experts leverage the latest technology to provide turnkey solutions and deliver face-to-face care to your residents. Our dependable rapid response capability enables 24/7 support, no matter the location. Each facility we partner with receives a safety net of solutions that integrate seamlessly with existing workflows and create a personalized, proactive approach for every patient.\nThe result is simple â better care.\nMission\nContinuously work to improve patientsâ lives in post-acute communities by optimizing care delivery with a comprehensive technology platform of solutions backed by a team of skilled clinicians.\nVision\nTo combine human expertise and advanced AI-powered technology to achieve superior clinical outcomes.\nOur Values\nIntegrity\nWe do what is right and deliver what we promise to our customers, patients, and team.\nGrowth Mindset\nWe prioritize continuous improvement, embrace challenges, celebrate wins and learn from failures.\nInnovation\nWe take a progressive approach with a focus on developing a unique integrated system of patient care accessible for everyone.\nAccountability\nWe take responsibility for our actions and hold ourselves to the highest standards to support the achievement of our goals.\nCompassion\nOur actions are driven by empathy, inclusivity, and respect for all we encounter.\nPartnership\nWe provide quality, tailored service to our customersâ needs through innovative technology and dedicated healthcare experts.\nIntegrity\nWe do what is right and deliver what we promise to our customers, patients, and team.\nGrowth Mindset\nWe prioritize continuous improvement, embrace challenges, celebrate wins and learn from failures.\nInnovation\nWe take a progressive approach with a focus on developing a unique integrated system of patient care accessible for everyone.\nAccountability\nWe take responsibility for our actions and hold ourselves to the highest standards to support the achievement of our goals.\nCompassion\nOur actions are driven by empathy, inclusivity, and respect for our all we encounter.\nPartnership\nWe provide quality, tailored service to our customersâ needs through innovative technology and dedicated healthcare experts.\nAbout\nAbout Us\nLeadership Team\nProviders\nA.I. Data & Analytics Solutions\nVitals Management Program\n24/7 Telemedicine Care\nMedical Director Support\nPrimary Care Clinicians\nBehavioral Care\nPhysicians Specialists\nQuicklinks\nPayors\nCareers\nAffiliated Practices\nTestimonials\nTerms & Conditions\nCompliance\nPrivacy Policy\nContact\nBook a Demo\n(203) 666.8145\ninfo@tapestryhealth.com\nLinkedin-in\nFacebook-f\nCopyright Â© 2024 TapestryHealthâ¢\nDesigned By\nCopyright Â© 2024 TapestryHealthâ¢\nDesigned By\nAbout\nLeadership\nCulture & Values\nSolutions\nAI Data & Analytics Solutions\nVitals Management Program\n24/7 Telemedicine\nMedical Director Support\nPrimary Care Clinicians\nBehavioral Care\nPhysician Specialist\nProviders\nTrusted by Skilled Nursing, Assisted Living, & Home Health communities.\nOwner & CEO\nCNO & DON\nOperations\nAdministrator &\nExecutive Director\nPhysician Assistant &\nNurse Practitioner\nPartners & Investors\nSkip to content\nOpen toolbar\nAccessibility Tools\nAccessibility Tools\nIncrease Text\nIncrease Text\nDecrease Text\nDecrease Text\nGrayscale\nGrayscale\nHigh Contrast\nHigh Contrast\nNegative Contrast\nNegative Contrast\nLight Background\nLight Background\nLinks Underline\nLinks Underline\nReadable Font\nReadable Font\nReset\nReset",
    "https://tapestryhealth.com/ai-data-analytics-solutions/": "AI Data & Analytics Solutions | TapestryHealth\nSkip to content\nBook a Demo\nTestimonials\nAbout\nSolutions\nProviders\nPayors\nCareers\nNewsroom\nContact\nAbout\nSolutions\nProviders\nPayors\nCareers\nNewsroom\nContact\nAI Data & Analytics Solutions\nPredictive Technology Solutions\nBring your post-acute facility into the future of healthcare with artificial intelligence and machine learning technology. Using sophisticated solutions we can help you mitigate clinical risk. Our Artificial Intelligence accurately forecasts adverse health events and patient decline. By looking ahead as much as 72 hours, we help you focus on the patients who are at the highest risk of decline and potential hospitalization, allowing you to apply your clinical resources most efficiently and to address risks before they become hospitalizations.\nWith access to this critical information, clinicians can identify complications before they manifest, and develop personalized treatment plans for each patient, ultimately avoiding costly hospitalizations. Even the smallest, most rural facilities can provide care exceeding the highest industry standards.\nMitigate Risk\nStreamline Workflows\nPersonalize Care\nSeamless Integration\nThe Difference Makers\nDiscover the Power of Our Solutions\nRequest a Demo\nAbout\nAbout Us\nLeadership Team\nProviders\nA.I. Data & Analytics Solutions\nVitals Management Program\n24/7 Telemedicine Care\nMedical Director Support\nPrimary Care Clinicians\nBehavioral Care\nPhysicians Specialists\nQuicklinks\nPayors\nCareers\nAffiliated Practices\nTestimonials\nTerms & Conditions\nCompliance\nPrivacy Policy\nContact\nBook a Demo\n(203) 666.8145\ninfo@tapestryhealth.com\nLinkedin-in\nFacebook-f\nCopyright Â© 2024 TapestryHealthâ¢\nDesigned By\nCopyright Â© 2024 TapestryHealthâ¢\nDesigned By\nAbout\nLeadership\nCulture & Values\nSolutions\nAI Data & Analytics Solutions\nVitals Management Program\n24/7 Telemedicine\nMedical Director Support\nPrimary Care Clinicians\nBehavioral Care\nPhysician Specialist\nProviders\nTrusted by Skilled Nursing, Assisted Living, & Home Health communities.\nOwner & CEO\nCNO & DON\nOperations\nAdministrator &\nExecutive Director\nPhysician Assistant &\nNurse Practitioner\nPartners & Investors\nSkip to content\nOpen toolbar\nAccessibility Tools\nAccessibility Tools\nIncrease Text\nIncrease Text\nDecrease Text\nDecrease Text\nGrayscale\nGrayscale\nHigh Contrast\nHigh Contrast\nNegative Contrast\nNegative Contrast\nLight Background\nLight Background\nLinks Underline\nLinks Underline\nReadable Font\nReadable Font\nReset\nReset",
    "https://tapestryhealth.com/compliance/": "Compliance | TapestryHealth\nSkip to content\nBook a Demo\nTestimonials\nAbout\nSolutions\nProviders\nPayors\nCareers\nNewsroom\nContact\nAbout\nSolutions\nProviders\nPayors\nCareers\nNewsroom\nContact\nCompliance\nCompliance\nFor compliance requests please contact\nCompliance@TapestryHealth.com\nMedical Records\nFor medical record requests please contact\nMedicalRecordsRequest@TapestryHealth.com\nAbout\nAbout Us\nLeadership Team\nProviders\nA.I. Data & Analytics Solutions\nVitals Management Program\n24/7 Telemedicine Care\nMedical Director Support\nPrimary Care Clinicians\nBehavioral Care\nPhysicians Specialists\nQuicklinks\nPayors\nCareers\nAffiliated Practices\nTestimonials\nTerms & Conditions\nCompliance\nPrivacy Policy\nContact\nBook a Demo\n(203) 666.8145\ninfo@tapestryhealth.com\nLinkedin-in\nFacebook-f\nCopyright Â© 2024 TapestryHealthâ¢\nDesigned By\nCopyright Â© 2024 TapestryHealthâ¢\nDesigned By\nAbout\nLeadership\nCulture & Values\nSolutions\nAI Data & Analytics Solutions\nVitals Management Program\n24/7 Telemedicine\nMedical Director Support\nPrimary Care Clinicians\nBehavioral Care\nPhysician Specialist\nProviders\nTrusted by Skilled Nursing, Assisted Living, & Home Health communities.\nOwner & CEO\nCNO & DON\nOperations\nAdministrator &\nExecutive Director\nPhysician Assistant &\nNurse Practitioner\nPartners & Investors\nSkip to content\nOpen toolbar\nAccessibility Tools\nAccessibility Tools\nIncrease Text\nIncrease Text\nDecrease Text\nDecrease Text\nGrayscale\nGrayscale\nHigh Contrast\nHigh Contrast\nNegative Contrast\nNegative Contrast\nLight Background\nLight Background\nLinks Underline\nLinks Underline\nReadable Font\nReadable Font\nReset\nReset",
    "https://tapestryhealth.com/partners/": "Partners & Investors | TapestryHealth\nSkip to content\nBook a Demo\nTestimonials\nAbout\nSolutions\nProviders\nPayors\nCareers\nNewsroom\nContact\nAbout\nSolutions\nProviders\nPayors\nCareers\nNewsroom\nContact\nPartners & Investors\nEmbark on a Transformative Journey\nThe healthcare landscape is evolving, and TapestryHealth stands as a beacon of change. Here, innovation isn’t just a buzzword; it’s woven into the very fabric of our company. Our suite of services is a testament to our unwavering commitment to transcend conventional boundaries and redefine the realm of patient care. It’s not about promising transformative change; it’s about positioning our partners and investors at the forefront of evolution in the post-acute space.\nLearn More\nHear from Other's Like You\nâUtilizing TapestryHealthâs technology has helped guide our clinical decision making and provide a guideline for effective meeting processes. This has been a win-win for us, with better patient care and focus, as well as operational efficiency.â\nLeon Evans\nPartner | Trinity Healthcare\nJoin us in empowering post-acute care with interconnected solutions\nContinuous Innovation\nEmbrace change and lead the way in an industry that demands adaptability and forward-thinking solutions.\nShared\nSuccess\nOur dynamic partnership model ensures open communication, transparency, and shared victories.\nEmpower\nExcellence\nRevolutionize patient experiences and sets new benchmarks for excellence that inspires the industry.\nElevating care standards in\nSkilled Nursing, Assisted Living, & Home Healthâ\nTapestryHealth’s comprehensive platform of A.I. technology and clinical support provides a safety net of solutions impacting all facets of a post-acute care teamâ¨and driving interdepartmental connectivity.\nAbout\nAbout Us\nLeadership Team\nProviders\nA.I. Data & Analytics Solutions\nVitals Management Program\n24/7 Telemedicine Care\nMedical Director Support\nPrimary Care Clinicians\nBehavioral Care\nPhysicians Specialists\nQuicklinks\nPayors\nCareers\nAffiliated Practices\nTestimonials\nTerms & Conditions\nCompliance\nPrivacy Policy\nContact\nBook a Demo\n(203) 666.8145\ninfo@tapestryhealth.com\nLinkedin-in\nFacebook-f\nCopyright Â© 2024 TapestryHealthâ¢\nDesigned By\nCopyright Â© 2024 TapestryHealthâ¢\nDesigned By\nAbout\nLeadership\nCulture & Values\nSolutions\nAI Data & Analytics Solutions\nVitals Management Program\n24/7 Telemedicine\nMedical Director Support\nPrimary Care Clinicians\nBehavioral Care\nPhysician Specialist\nProviders\nTrusted by Skilled Nursing, Assisted Living, & Home Health communities.\nOwner & CEO\nCNO & DON\nOperations\nAdministrator &\nExecutive Director\nPhysician Assistant &\nNurse Practitioner\nPartners & Investors\nSkip to content\nOpen toolbar\nAccessibility Tools\nAccessibility Tools\nIncrease Text\nIncrease Text\nDecrease Text\nDecrease Text\nGrayscale\nGrayscale\nHigh Contrast\nHigh Contrast\nNegative Contrast\nNegative Contrast\nLight Background\nLight Background\nLinks Underline\nLinks Underline\nReadable Font\nReadable Font\nReset\nReset",
    "https://tapestryhealth.com/less-staff/": "Less Staff | TapestryHealth\nSkip to content\nBook a Demo\nTestimonials\nAbout\nSolutions\nProviders\nPayors\nCareers\nNewsroom\nContact\nAbout\nSolutions\nProviders\nPayors\nCareers\nNewsroom\nContact\nHear From\nJacquelyn Keeter\nHear More Testimonials\nShare\nAbout\nAbout Us\nLeadership Team\nProviders\nA.I. Data & Analytics Solutions\nVitals Management Program\n24/7 Telemedicine Care\nMedical Director Support\nPrimary Care Clinicians\nBehavioral Care\nPhysicians Specialists\nQuicklinks\nPayors\nCareers\nAffiliated Practices\nTestimonials\nTerms & Conditions\nCompliance\nPrivacy Policy\nContact\nBook a Demo\n(203) 666.8145\ninfo@tapestryhealth.com\nLinkedin-in\nFacebook-f\nCopyright Â© 2024 TapestryHealthâ¢\nDesigned By\nCopyright Â© 2024 TapestryHealthâ¢\nDesigned By\nAbout\nLeadership\nCulture & Values\nSolutions\nAI Data & Analytics Solutions\nVitals Management Program\n24/7 Telemedicine\nMedical Director Support\nPrimary Care Clinicians\nBehavioral Care\nPhysician Specialist\nProviders\nTrusted by Skilled Nursing, Assisted Living, & Home Health communities.\nOwner & CEO\nCNO & DON\nOperations\nAdministrator &\nExecutive Director\nPhysician Assistant &\nNurse Practitioner\nPartners & Investors\nSkip to content\nOpen toolbar\nAccessibility Tools\nAccessibility Tools\nIncrease Text\nIncrease Text\nDecrease Text\nDecrease Text\nGrayscale\nGrayscale\nHigh Contrast\nHigh Contrast\nNegative Contrast\nNegative Contrast\nLight Background\nLight Background\nLinks Underline\nLinks Underline\nReadable Font\nReadable Font\nReset\nReset",
    "https://tapestryhealth.com/quality-of-care/": "Quality of Care | TapestryHealth\nSkip to content\nBook a Demo\nTestimonials\nAbout\nSolutions\nProviders\nPayors\nCareers\nNewsroom\nContact\nAbout\nSolutions\nProviders\nPayors\nCareers\nNewsroom\nContact\nHear From\nJacquelyn Keeter\nHear More Testimonials\nShare\nAbout\nAbout Us\nLeadership Team\nProviders\nA.I. Data & Analytics Solutions\nVitals Management Program\n24/7 Telemedicine Care\nMedical Director Support\nPrimary Care Clinicians\nBehavioral Care\nPhysicians Specialists\nQuicklinks\nPayors\nCareers\nAffiliated Practices\nTestimonials\nTerms & Conditions\nCompliance\nPrivacy Policy\nContact\nBook a Demo\n(203) 666.8145\ninfo@tapestryhealth.com\nLinkedin-in\nFacebook-f\nCopyright Â© 2024 TapestryHealthâ¢\nDesigned By\nCopyright Â© 2024 TapestryHealthâ¢\nDesigned By\nAbout\nLeadership\nCulture & Values\nSolutions\nAI Data & Analytics Solutions\nVitals Management Program\n24/7 Telemedicine\nMedical Director Support\nPrimary Care Clinicians\nBehavioral Care\nPhysician Specialist\nProviders\nTrusted by Skilled Nursing, Assisted Living, & Home Health communities.\nOwner & CEO\nCNO & DON\nOperations\nAdministrator &\nExecutive Director\nPhysician Assistant &\nNurse Practitioner\nPartners & Investors\nSkip to content\nOpen toolbar\nAccessibility Tools\nAccessibility Tools\nIncrease Text\nIncrease Text\nDecrease Text\nDecrease Text\nGrayscale\nGrayscale\nHigh Contrast\nHigh Contrast\nNegative Contrast\nNegative Contrast\nLight Background\nLight Background\nLinks Underline\nLinks Underline\nReadable Font\nReadable Font\nReset\nReset"
  },
  "doc_id": "fc66c39d-b5d5-534f-9ed1-9c7be99db610"
}