{
  "url": "http://tlca-sa.com",
  "timestamp": 1734697782.15488,
  "text_by_page_url": {
    "http://tlca-sa.com/apps/news/": "News | Texas Leadership of San Angelo\nSkip to main content\nTexas Leadership of San Angelo\nMain Menu Toggle\nAbout Us\nOur Story\nMission, Vision & Values\nFounder & CEO\nEnrollment\nApply Today!\nEnrollment Information\nAdmissions Policy\nPowerSchool Returning Student\nFamily Resources\nChristmas Festival\nSTOP!t App\nSAFETY & Security\nSocial Media Safety\n2024-2025 School Calendar\nSchool Supplies\nUniform Polo Store\nTransportation\nChild Nutrition\nLeader in Me\nHealth & Wellness\nParent Information\nOnline Family Support\nMilitary Connect\nUIL Homeschool Participation\nAfter-School Care\nCOVID-19 Updates\nCampuses\nELEMENTARY\nStaff\nWelcome to Kindergarten\nWatch D.O.G.S.\nMIDDLE SCHOOL\nStaff\nCivil Air Patrol\nHIGH SCHOOL\nStaff\nTango Flight\nTheater Events\nStudents\nStudent Handbook\nCode Of Conduct\nClever\nSocial Media Safety\nAcademics\nState Standards\nSpecial Education\nSpecial Programs\nLegacy Students\nAthletics\nSchedules & Information\nTickets\nSponsor A Square\nCoaching Staff\nPhilosophy\nForms\nJunior High Athletic Uniforms\nHigh School Athletic Uniforms\nBooster Club\nLittle Eagles\nCareers\nSocial Media Links\nFacebook\nSchools\nTexas Leadership of Abilene\nTexas Leadership of Midland\nTexas Leadership of San Angelo\nTrinity Leadership Public School\nNews & Announcements\nFirst Day of School\nWe can't wait to see our new and returning students this year!\nOpen Enrollment\nOpen enrollment for the 2024-2025 school year is now live\nKindergarten Roundup\nThis will be a ton of fun for those who want to see what Texas Leadership is all about!\nTraffic Flow Change & Ordinance Hours for Elementary/Junior High Campus\nWinter Break Is Here!\nJoin Us December 10th For A Christmas Festival\nThanksgiving Break Reminder\nCookie Caper! Giving Back To Military Students at Goodfellow Air Force Base This Christmas\nElementary Parents In Action (PIA) Newsletter - October 2023\nK-2 Drop-Off and Pick-Up Traffic Flow\nEagle Spirit Tailgate Contest\nJoin Us For Watch D.O.G.S.!!\nDistrict Administration Announces UIL Homeschool Participation\nTexas Leadership Is Enrolling For 2023 - 2024!\nMark Your Calendar - 2023 \"Meet The Eagles!\"\nHey Elementary! It's \"Meet The Teacher\" Week!\nPopsicles With The Principal!\nCome Ride The School Bus With Us!\nTexas Leadership Officially Announces 4.5 Day School Week, Innovation Focus and Teacher Priority\nSTAAR Results Timeline Information for 2023\nRSS Feed\n1\n2\n3\n4\n5\n…\n17\nNext\nTexas Leadership of San Angelo\n5687 Melrose Ave. | San Angelo, TX 76901\nPhone:\n(325) 653-3200\nBoard Members:\nBruce Binkley\nDr. Walt Landers\nTommy Olive\nCharity Vasquez\nBobbe Ynostrosa\nUseful Links\nNotice of Non-Discrimination\nDistrict Calendar\nEmployment\nLibrary\nShow All Links\nSocial Media - Footer\nFacebook\nDistrict Admin\nPowered by Edlio\nMobile Footer Navigation\nSchools\nBoard\nCalendar\nParent Portal",
    "http://tlca-sa.com/apps/news/article/1947752": "First Day of School | Texas Leadership of San Angelo\nSkip to main content\nTexas Leadership of San Angelo\nMain Menu Toggle\nAbout Us\nOur Story\nMission, Vision & Values\nFounder & CEO\nEnrollment\nApply Today!\nEnrollment Information\nAdmissions Policy\nPowerSchool Returning Student\nFamily Resources\nChristmas Festival\nSTOP!t App\nSAFETY & Security\nSocial Media Safety\n2024-2025 School Calendar\nSchool Supplies\nUniform Polo Store\nTransportation\nChild Nutrition\nLeader in Me\nHealth & Wellness\nParent Information\nOnline Family Support\nMilitary Connect\nUIL Homeschool Participation\nAfter-School Care\nCOVID-19 Updates\nCampuses\nELEMENTARY\nStaff\nWelcome to Kindergarten\nWatch D.O.G.S.\nMIDDLE SCHOOL\nStaff\nCivil Air Patrol\nHIGH SCHOOL\nStaff\nTango Flight\nTheater Events\nStudents\nStudent Handbook\nCode Of Conduct\nClever\nSocial Media Safety\nAcademics\nState Standards\nSpecial Education\nSpecial Programs\nLegacy Students\nAthletics\nSchedules & Information\nTickets\nSponsor A Square\nCoaching Staff\nPhilosophy\nForms\nJunior High Athletic Uniforms\nHigh School Athletic Uniforms\nBooster Club\nLittle Eagles\nCareers\nSocial Media Links\nFacebook\nSchools\nTexas Leadership of Abilene\nTexas Leadership of Midland\nTexas Leadership of San Angelo\nTrinity Leadership Public School\nFirst Day of School\nWe can't wait to see our new and returning students this year!\nLooking forward to a great year!\nPrint\nTexas Leadership of San Angelo\n5687 Melrose Ave. | San Angelo, TX 76901\nPhone:\n(325) 653-3200\nBoard Members:\nBruce Binkley\nDr. Walt Landers\nTommy Olive\nCharity Vasquez\nBobbe Ynostrosa\nUseful Links\nNotice of Non-Discrimination\nDistrict Calendar\nEmployment\nLibrary\nShow All Links\nSocial Media - Footer\nFacebook\nDistrict Admin\nPowered by Edlio\nMobile Footer Navigation\nSchools\nBoard\nCalendar\nParent Portal",
    "http://tlca-sa.com/apps/news/article/1903386": "Kindergarten Roundup | Texas Leadership of San Angelo\nSkip to main content\nTexas Leadership of San Angelo\nMain Menu Toggle\nAbout Us\nOur Story\nMission, Vision & Values\nFounder & CEO\nEnrollment\nApply Today!\nEnrollment Information\nAdmissions Policy\nPowerSchool Returning Student\nFamily Resources\nChristmas Festival\nSTOP!t App\nSAFETY & Security\nSocial Media Safety\n2024-2025 School Calendar\nSchool Supplies\nUniform Polo Store\nTransportation\nChild Nutrition\nLeader in Me\nHealth & Wellness\nParent Information\nOnline Family Support\nMilitary Connect\nUIL Homeschool Participation\nAfter-School Care\nCOVID-19 Updates\nCampuses\nELEMENTARY\nStaff\nWelcome to Kindergarten\nWatch D.O.G.S.\nMIDDLE SCHOOL\nStaff\nCivil Air Patrol\nHIGH SCHOOL\nStaff\nTango Flight\nTheater Events\nStudents\nStudent Handbook\nCode Of Conduct\nClever\nSocial Media Safety\nAcademics\nState Standards\nSpecial Education\nSpecial Programs\nLegacy Students\nAthletics\nSchedules & Information\nTickets\nSponsor A Square\nCoaching Staff\nPhilosophy\nForms\nJunior High Athletic Uniforms\nHigh School Athletic Uniforms\nBooster Club\nLittle Eagles\nCareers\nSocial Media Links\nFacebook\nSchools\nTexas Leadership of Abilene\nTexas Leadership of Midland\nTexas Leadership of San Angelo\nTrinity Leadership Public School\nKindergarten Roundup\nThis will be a ton of fun for those who want to see what Texas Leadership is all about!\nCome check out our Kindergarten Roundup Ice Cream Social. Friday, April 5, from 4pm - 6pm. This will be a ton of fun for those who want to see what Texas Leadership is all about! Bring the kids, meet teachers, check out the campus and eat some Ice Cream!\nPrint\nTexas Leadership of San Angelo\n5687 Melrose Ave. | San Angelo, TX 76901\nPhone:\n(325) 653-3200\nBoard Members:\nBruce Binkley\nDr. Walt Landers\nTommy Olive\nCharity Vasquez\nBobbe Ynostrosa\nUseful Links\nNotice of Non-Discrimination\nDistrict Calendar\nEmployment\nLibrary\nShow All Links\nSocial Media - Footer\nFacebook\nDistrict Admin\nPowered by Edlio\nMobile Footer Navigation\nSchools\nBoard\nCalendar\nParent Portal",
    "http://tlca-sa.com/apps/news/article/1860635": "Winter Break Is Here! | Texas Leadership of San Angelo\nSkip to main content\nTexas Leadership of San Angelo\nMain Menu Toggle\nAbout Us\nOur Story\nMission, Vision & Values\nFounder & CEO\nEnrollment\nApply Today!\nEnrollment Information\nAdmissions Policy\nPowerSchool Returning Student\nFamily Resources\nChristmas Festival\nSTOP!t App\nSAFETY & Security\nSocial Media Safety\n2024-2025 School Calendar\nSchool Supplies\nUniform Polo Store\nTransportation\nChild Nutrition\nLeader in Me\nHealth & Wellness\nParent Information\nOnline Family Support\nMilitary Connect\nUIL Homeschool Participation\nAfter-School Care\nCOVID-19 Updates\nCampuses\nELEMENTARY\nStaff\nWelcome to Kindergarten\nWatch D.O.G.S.\nMIDDLE SCHOOL\nStaff\nCivil Air Patrol\nHIGH SCHOOL\nStaff\nTango Flight\nTheater Events\nStudents\nStudent Handbook\nCode Of Conduct\nClever\nSocial Media Safety\nAcademics\nState Standards\nSpecial Education\nSpecial Programs\nLegacy Students\nAthletics\nSchedules & Information\nTickets\nSponsor A Square\nCoaching Staff\nPhilosophy\nForms\nJunior High Athletic Uniforms\nHigh School Athletic Uniforms\nBooster Club\nLittle Eagles\nCareers\nSocial Media Links\nFacebook\nSchools\nTexas Leadership of Abilene\nTexas Leadership of Midland\nTexas Leadership of San Angelo\nTrinity Leadership Public School\nWinter Break Is Here!\n::\nDISTRICT\nWIDE\n::\nFriendly Reminder that Winter Break is\nDec. 22, 2023 - Jan. 8, 2024\nSchool Parties & Full Day Of School:\nThursday, December 21, 2023\nAll Campuses and District Admin will be closed from\nDec. 22, 2022 - Jan. 7, 2024\nStaff will return Monday, Jan. 8, 2024\nfor\nProfessional Development\nNormal Classes for students will resume\nTuesday, Jan. 9, 2024\nVisit the District Calendar for details\nhttps://texasleadership.net/apps/pages/SchoolCalendar\nPrint\nTexas Leadership of San Angelo\n5687 Melrose Ave. | San Angelo, TX 76901\nPhone:\n(325) 653-3200\nBoard Members:\nBruce Binkley\nDr. Walt Landers\nTommy Olive\nCharity Vasquez\nBobbe Ynostrosa\nUseful Links\nNotice of Non-Discrimination\nDistrict Calendar\nEmployment\nLibrary\nShow All Links\nSocial Media - Footer\nFacebook\nDistrict Admin\nPowered by Edlio\nMobile Footer Navigation\nSchools\nBoard\nCalendar\nParent Portal",
    "http://tlca-sa.com/apps/news/article/1845767": "Thanksgiving Break Reminder | Texas Leadership of San Angelo\nSkip to main content\nTexas Leadership of San Angelo\nMain Menu Toggle\nAbout Us\nOur Story\nMission, Vision & Values\nFounder & CEO\nEnrollment\nApply Today!\nEnrollment Information\nAdmissions Policy\nPowerSchool Returning Student\nFamily Resources\nChristmas Festival\nSTOP!t App\nSAFETY & Security\nSocial Media Safety\n2024-2025 School Calendar\nSchool Supplies\nUniform Polo Store\nTransportation\nChild Nutrition\nLeader in Me\nHealth & Wellness\nParent Information\nOnline Family Support\nMilitary Connect\nUIL Homeschool Participation\nAfter-School Care\nCOVID-19 Updates\nCampuses\nELEMENTARY\nStaff\nWelcome to Kindergarten\nWatch D.O.G.S.\nMIDDLE SCHOOL\nStaff\nCivil Air Patrol\nHIGH SCHOOL\nStaff\nTango Flight\nTheater Events\nStudents\nStudent Handbook\nCode Of Conduct\nClever\nSocial Media Safety\nAcademics\nState Standards\nSpecial Education\nSpecial Programs\nLegacy Students\nAthletics\nSchedules & Information\nTickets\nSponsor A Square\nCoaching Staff\nPhilosophy\nForms\nJunior High Athletic Uniforms\nHigh School Athletic Uniforms\nBooster Club\nLittle Eagles\nCareers\nSocial Media Links\nFacebook\nSchools\nTexas Leadership of Abilene\nTexas Leadership of Midland\nTexas Leadership of San Angelo\nTrinity Leadership Public School\nThanksgiving Break Reminder\n:: DISTRICT WIDE ::\nReminder that Friday, November 17, 2023 is Early Release at our campuses.\nNO FRIDAY AFTERNOON CARE\nwill be available for students.\nThanksgiving Break is November 20-24, 2023!\nEnjoy the time with your family and Friends!\n🍂\nWe will see students back on campus Monday, November 27th!\nPrint\nTexas Leadership of San Angelo\n5687 Melrose Ave. | San Angelo, TX 76901\nPhone:\n(325) 653-3200\nBoard Members:\nBruce Binkley\nDr. Walt Landers\nTommy Olive\nCharity Vasquez\nBobbe Ynostrosa\nUseful Links\nNotice of Non-Discrimination\nDistrict Calendar\nEmployment\nLibrary\nShow All Links\nSocial Media - Footer\nFacebook\nDistrict Admin\nPowered by Edlio\nMobile Footer Navigation\nSchools\nBoard\nCalendar\nParent Portal",
    "http://tlca-sa.com/apps/news/article/1832270": "K-2 Drop-Off and Pick-Up Traffic Flow | Texas Leadership of San Angelo\nSkip to main content\nTexas Leadership of San Angelo\nMain Menu Toggle\nAbout Us\nOur Story\nMission, Vision & Values\nFounder & CEO\nEnrollment\nApply Today!\nEnrollment Information\nAdmissions Policy\nPowerSchool Returning Student\nFamily Resources\nChristmas Festival\nSTOP!t App\nSAFETY & Security\nSocial Media Safety\n2024-2025 School Calendar\nSchool Supplies\nUniform Polo Store\nTransportation\nChild Nutrition\nLeader in Me\nHealth & Wellness\nParent Information\nOnline Family Support\nMilitary Connect\nUIL Homeschool Participation\nAfter-School Care\nCOVID-19 Updates\nCampuses\nELEMENTARY\nStaff\nWelcome to Kindergarten\nWatch D.O.G.S.\nMIDDLE SCHOOL\nStaff\nCivil Air Patrol\nHIGH SCHOOL\nStaff\nTango Flight\nTheater Events\nStudents\nStudent Handbook\nCode Of Conduct\nClever\nSocial Media Safety\nAcademics\nState Standards\nSpecial Education\nSpecial Programs\nLegacy Students\nAthletics\nSchedules & Information\nTickets\nSponsor A Square\nCoaching Staff\nPhilosophy\nForms\nJunior High Athletic Uniforms\nHigh School Athletic Uniforms\nBooster Club\nLittle Eagles\nCareers\nSocial Media Links\nFacebook\nSchools\nTexas Leadership of Abilene\nTexas Leadership of Midland\nTexas Leadership of San Angelo\nTrinity Leadership Public School\nK-2 Drop-Off and Pick-Up Traffic Flow\nEagle Parents, Friends and Families:\nThank you for taking the time to respond and provide feedback regarding pick up and drop off at the Elementary & Junior High building.\nThe District has moved forward with making our first change to traffic flow beginning Monday, October 23rd. The change will be to K-2 Drop-off and Pick-up inside of our parking lot in an attempt to reduce vehicles on Howe street. Please read the attached map and check out our video for reference.\nIn response to your comments, we have increased presence of the San Angelo Police Department on Howe and TLC Way. We are also working to increase our staff and volunteer presence to alleviate traffic jams and issues. Additionally, we are in final discussions with the City of San Angelo – City Council to present a major change to traffic in the coming weeks.\nYour input regarding traffic flow, cross-walks, and flashing beacons have been greatly appreciated. In direct response to feedback, we have worked with\nThe Life Church\nto adjust lighting in our outdoor spaces to increase safety during hours of darkness.\nPlease continue to use our feedback form (\nhttps://forms.gle/pRzRMQYonPDae91V8\n)\n.\nWe check it regularly.\nWe look forward to providing more updates soon!\nWith Deepest Appreciation,\nDistrict Administration\nK-2 Drop Off and Pick Up Traffic Change\nPrint\nTexas Leadership of San Angelo\n5687 Melrose Ave. | San Angelo, TX 76901\nPhone:\n(325) 653-3200\nBoard Members:\nBruce Binkley\nDr. Walt Landers\nTommy Olive\nCharity Vasquez\nBobbe Ynostrosa\nUseful Links\nNotice of Non-Discrimination\nDistrict Calendar\nEmployment\nLibrary\nShow All Links\nSocial Media - Footer\nFacebook\nDistrict Admin\nPowered by Edlio\nMobile Footer Navigation\nSchools\nBoard\nCalendar\nParent Portal",
    "http://tlca-sa.com/apps/events/?id=0&id=2&id=3": "Events | Texas Leadership of San Angelo\nSkip to main content\nTexas Leadership of San Angelo\nMain Menu Toggle\nAbout Us\nOur Story\nMission, Vision & Values\nFounder & CEO\nEnrollment\nApply Today!\nEnrollment Information\nAdmissions Policy\nPowerSchool Returning Student\nFamily Resources\nChristmas Festival\nSTOP!t App\nSAFETY & Security\nSocial Media Safety\n2024-2025 School Calendar\nSchool Supplies\nUniform Polo Store\nTransportation\nChild Nutrition\nLeader in Me\nHealth & Wellness\nParent Information\nOnline Family Support\nMilitary Connect\nUIL Homeschool Participation\nAfter-School Care\nCOVID-19 Updates\nCampuses\nELEMENTARY\nStaff\nWelcome to Kindergarten\nWatch D.O.G.S.\nMIDDLE SCHOOL\nStaff\nCivil Air Patrol\nHIGH SCHOOL\nStaff\nTango Flight\nTheater Events\nStudents\nStudent Handbook\nCode Of Conduct\nClever\nSocial Media Safety\nAcademics\nState Standards\nSpecial Education\nSpecial Programs\nLegacy Students\nAthletics\nSchedules & Information\nTickets\nSponsor A Square\nCoaching Staff\nPhilosophy\nForms\nJunior High Athletic Uniforms\nHigh School Athletic Uniforms\nBooster Club\nLittle Eagles\nCareers\nSocial Media Links\nFacebook\nSchools\nTexas Leadership of Abilene\nTexas Leadership of Midland\nTexas Leadership of San Angelo\nTrinity Leadership Public School\nEvents\nPrevious month\nNext month\nDecember 2024\nPrint\nYear Overview\nSubscribe\niCal, Outlook 2007+\nGoogle Calendar\nDownload .ICS\nDec\n2\nMon\nMiddle School Girls Basketball vs Brownwood - Home\nJunior High\nMS Basketball (Boys) vs Brownwood\n5:30 PM\n–\n7:30 PM\n\t\t\t(Brownwood, TX, USA)\nJunior High\nDec\n3\nTue\nEnglish I STAAR EOC Retest\nHigh School\nMiddle School Casual Dress Day (please follow dress code) $2\nJunior High\nU.S. History STAAR EOC Retest\nHigh School\nBoys Basketball: JV @ Robert Lee\n5 PM\n–\n6 PM\n\t\t\t(Robert Lee High School, 1323 Hamilton St, Robert Lee, TX 76945, USA)\nHigh School\nGirls Basketball: JV vs. Eldorado\n5 PM\n–\n6 PM\n\t\t\t(TLCA Athletic Complex, 3301 TLC Way, San Angelo, TX 76901, USA)\nHigh School\nGirls Basketball: Varsity vs. Eldorado\n6:15 PM\n–\n7:45 PM\n\t\t\t(TLCA Athletic Complex, 3301 TLC Way, San Angelo, TX 76901, USA)\nHigh School\nBoys Basketball: Varsity @ Robert Lee\n6:30 PM\n–\n8 PM\n\t\t\t(Robert Lee High School, 1323 Hamilton St, Robert Lee, TX 76945, USA)\nHigh School\nDec\n4\nWed\nEnglish II STAAR EOC Retest\nHigh School\nMiddle School One Act Play\nJunior High\nTeacher PLC\nJunior High\nDec\n5\nThu\nAlgebra I STAAR EOC Retest\nHigh School\nBoys Basketball: JV @ Wall JV Tournament (Times and Opp. TBA)\n12/5/2024\n–\n12/7/2024\n\t\t\t(Stanton High School, 705 Koonce St, Stanton, TX 79782, USA)\nHigh School\nBoys Basketball: Varsity @ Stanton Tournament (Times and Opp. TBA)\n12/5/2024\n–\n12/7/2024\n\t\t\t(Stanton High School, 705 Koonce St, Stanton, TX 79782, USA)\nHigh School\nGirls Basketball - JV & Varsity @ Sonora Tournament (Times and Opp. TBA)\n12/5/2024\n–\n12/7/2024\n\t\t\t(Sonora High School, 1717 Tayloe Ave, Sonora, TX 76950, USA)\nHigh School\nHS $3 Casual Dress Day\nHigh School\nDec\n6\nFri\nBoys Basketball: JV @ Wall JV Tournament (Times and Opp. TBA)\n12/5/2024\n–\n12/7/2024\n\t\t\t(Stanton High School, 705 Koonce St, Stanton, TX 79782, USA)\nHigh School\nBoys Basketball: Varsity @ Stanton Tournament (Times and Opp. TBA)\n12/5/2024\n–\n12/7/2024\n\t\t\t(Stanton High School, 705 Koonce St, Stanton, TX 79782, USA)\nHigh School\nGirls Basketball - JV & Varsity @ Sonora Tournament (Times and Opp. TBA)\n12/5/2024\n–\n12/7/2024\n\t\t\t(Sonora High School, 1717 Tayloe Ave, Sonora, TX 76950, USA)\nHigh School\nEarly Release\n12:30 PM\n–\n1:30 PM\nJunior High\nDec\n7\nSat\nBoys Basketball: JV @ Wall JV Tournament (Times and Opp. TBA)\n12/5/2024\n–\n12/7/2024\n\t\t\t(Stanton High School, 705 Koonce St, Stanton, TX 79782, USA)\nHigh School\nBoys Basketball: Varsity @ Stanton Tournament (Times and Opp. TBA)\n12/5/2024\n–\n12/7/2024\n\t\t\t(Stanton High School, 705 Koonce St, Stanton, TX 79782, USA)\nHigh School\nGirls Basketball - JV & Varsity @ Sonora Tournament (Times and Opp. TBA)\n12/5/2024\n–\n12/7/2024\n\t\t\t(Sonora High School, 1717 Tayloe Ave, Sonora, TX 76950, USA)\nHigh School\nMiddle School Band All Region @ Lake View\nJunior High\nDec\n9\nMon\nMS Academic/Music Memory UIL\n(Merkel, TX 79536, USA)\nJunior High\nDec\n10\nTue\nMiddle School College, Career, Military Readiness Free Dress Day ( with jeans only)\nJunior High\nBoys Basketball: JV @ Abilene Christian\n5:15 PM\n–\n6:15 PM\n\t\t\t(Abilene Christian High School, 2500 N Judge Ely Blvd, Abilene, TX 79601, USA)\nHigh School\nGirls Basketball: Varsity @ Abilene Christian\n6 PM\n–\n7 PM\n\t\t\t(Abilene Christian High School, 2500 N Judge Ely Blvd, Abilene, TX 79601, USA)\nHigh School\nBoys Basketball: Varsity @ Abilene Christian\n7:45 PM\n–\n9:15 PM\n\t\t\t(Abilene Christian High School, 2500 N Judge Ely Blvd, Abilene, TX 79601, USA)\nHigh School\nDec\n11\nWed\nMiddle School Staff Christmas Party\n6 PM\n–\n8 PM\nJunior High\nDec\n12\nThu\nBoys Basketball: Freshmen, JV @ Jim Ned Tournament (Times and Opp. TBA)\n12/12/2024\n–\n12/14/2024\n\t\t\t(Jim Ned High School, 830 Garza Ave, Tuscola, TX 79562, USA)\nHigh School\nBoys Basketball: Varsity @ Junction Tournament (Times and Opp. TBA)\n12/12/2024\n–\n12/14/2024\n\t\t\t(Junction High School, 1700 College St, Junction, TX 76849, USA)\nHigh School\nMiddle School Girls Basketball vs Sweetwater - Home\nJunior High\nMS Basketball (Boys) vs Sweetwater\n5:30 PM\n–\n7:30 PM\n\t\t\t(Sweetwater, TX 79556, USA)\nJunior High\nDec\n13\nFri\nBoys Basketball: Freshmen, JV @ Jim Ned Tournament (Times and Opp. TBA)\n12/12/2024\n–\n12/14/2024\n\t\t\t(Jim Ned High School, 830 Garza Ave, Tuscola, TX 79562, USA)\nHigh School\nBoys Basketball: Varsity @ Junction Tournament (Times and Opp. TBA)\n12/12/2024\n–\n12/14/2024\n\t\t\t(Junction High School, 1700 College St, Junction, TX 76849, USA)\nHigh School\nGirls Basketball: Varsity @ Clyde\n6:15 PM\n–\n7:30 PM\n\t\t\t(Clyde High School, 500 N Hays Rd, Clyde, TX 79510, USA)\nHigh School\nDec\n14\nSat\nBoys Basketball: Freshmen, JV @ Jim Ned Tournament (Times and Opp. TBA)\n12/12/2024\n–\n12/14/2024\n\t\t\t(Jim Ned High School, 830 Garza Ave, Tuscola, TX 79562, USA)\nHigh School\nBoys Basketball: Varsity @ Junction Tournament (Times and Opp. TBA)\n12/12/2024\n–\n12/14/2024\n\t\t\t(Junction High School, 1700 College St, Junction, TX 76849, USA)\nHigh School\nDec\n16\nMon\nMiddle School Girls Basketball vs Grape Creek - Away\nJunior High\nMiddle School Pep Rally \" Christmas Theme by Grade Level\"\n8:15 AM\n–\n9:15 AM\nJunior High\nMS Basketball (Boys) vs Grape Creek\n5:30 PM\n–\n7:30 PM\n\t\t\t(3301 TLC Way, San Angelo, TX 76901, USA)\nJunior High\nDec\n17\nTue\nHS 17th - 19th $5 Casual Dress Days\nHigh School\nMiddle School Casual Dress Day (please follow dress code) $2\nJunior High\nCANCELED Boys Basketball: JV vs. Baird\n4:45 PM\n–\n5:45 PM\n\t\t\t(TLCA Athletic Complex, 3301 TLC Way, San Angelo, TX 76901, USA)\nHigh School\nCANCELED Boys Basketball: Freshmen vs. Baird\n6 PM\n–\n7 PM\n\t\t\t(TLCA Athletic Complex, 3301 TLC Way, San Angelo, TX 76901, USA)\nHigh School\nGirls Basketball: Varsity vs. Wall\n6:15 PM\n–\n7:15 PM\n\t\t\t(TLCA Athletic Complex, 3301 TLC Way, San Angelo, TX 76901, USA)\nHigh School\nCANCELED Boys Basketball: Varsity vs. Baird\n7:15 PM\n–\n8:45 PM\n\t\t\t(TLCA Athletic Complex, 3301 TLC Way, San Angelo, TX 76901, USA)\nHigh School\nDec\n18\nWed\nHS 17th - 19th $5 Casual Dress Days\n9 AM\n–\n10 AM\nHigh School\nDec\n19\nThu\nHS 17th - 19th $5 Casual Dress Days\n9 AM\n–\n10 AM\nHigh School\nASU Physics Club Demonstration 6th - 8th grade\n2 PM\n–\n3 PM\nJunior High\nMiddle School Parent Night\n5:30 PM\n–\n6:30 PM\nJunior High\nDec\n20\nFri\nEnd of 3rd 6-weeks and 1st Semester\nHigh School\nEarly Release\n12:30 PM\n–\n1:30 PM\nJunior High\nBoys Basketball: Freshmen @ Jim Ned\n4 PM\n–\n5 PM\n\t\t\t(Jim Ned High School, 830 Garza Ave, Tuscola, TX 79562, USA)\nHigh School\nBoys Basketball: JV @ Jim Ned\n5 PM\n–\n6 PM\n\t\t\t(Jim Ned High School, 830 Garza Ave, Tuscola, TX 79562, USA)\nHigh School\nGirls Basketball: Varsity @ Jim Ned\n6:15 PM\n–\n7:30 PM\n\t\t\t(Jim Ned High School, 830 Garza Ave, Tuscola, TX 79562, USA)\nHigh School\nCombined Middle School and High School Band Winter Concert\n6:30 PM\n–\n7:30 PM\nJunior High\nBoys Basketball: Varsity @ Jim Ned\n7:30 PM\n–\n9 PM\n\t\t\t(Jim Ned High School, 830 Garza Ave, Tuscola, TX 79562, USA)\nHigh School\nDec\n23\nMon\nChristmas/Winter Break - No School for Staff and Students\n12/23/2024\n–\n1/3/2025\nHigh School\nHoliday Staff and Student\nJunior High\nDec\n24\nTue\nChristmas/Winter Break - No School for Staff and Students\n12/23/2024\n–\n1/3/2025\nHigh School\nHoliday Staff and Student\nJunior High\nDec\n25\nWed\nChristmas/Winter Break - No School for Staff and Students\n12/23/2024\n–\n1/3/2025\nHigh School\nHoliday Staff and Student\nJunior High\nDec\n26\nThu\nBoys Basketball: Varsity @ Lubbock Caprock Tournament (Times and Opp. TBA)\n12/26/2024\n–\n12/28/2024\n\t\t\t(Caprock, Lubbock, TX, USA)\nHigh School\nChristmas/Winter Break - No School for Staff and Students\n12/23/2024\n–\n1/3/2025\nHigh School\nGirls Basketball: Varsity @ Lubbock Caprock Tournament (Times and Opp. TBA)\n12/26/2024\n–\n12/28/2024\n\t\t\t(Caprock, Lubbock, TX, USA)\nHigh School\nHoliday Staff and Student\nJunior High\nDec\n27\nFri\nBoys Basketball: Varsity @ Lubbock Caprock Tournament (Times and Opp. TBA)\n12/26/2024\n–\n12/28/2024\n\t\t\t(Caprock, Lubbock, TX, USA)\nHigh School\nChristmas/Winter Break - No School for Staff and Students\n12/23/2024\n–\n1/3/2025\nHigh School\nGirls Basketball: Varsity @ Lubbock Caprock Tournament (Times and Opp. TBA)\n12/26/2024\n–\n12/28/2024\n\t\t\t(Caprock, Lubbock, TX, USA)\nHigh School\nHoliday Staff and Student\nJunior High\nDec\n28\nSat\nBoys Basketball: Varsity @ Lubbock Caprock Tournament (Times and Opp. TBA)\n12/26/2024\n–\n12/28/2024\n\t\t\t(Caprock, Lubbock, TX, USA)\nHigh School\nChristmas/Winter Break - No School for Staff and Students\n12/23/2024\n–\n1/3/2025\nHigh School\nGirls Basketball: Varsity @ Lubbock Caprock Tournament (Times and Opp. TBA)\n12/26/2024\n–\n12/28/2024\n\t\t\t(Caprock, Lubbock, TX, USA)\nHigh School\nDec\n29\nSun\nChristmas/Winter Break - No School for Staff and Students\n12/23/2024\n–\n1/3/2025\nHigh School\nDec\n30\nMon\nChristmas/Winter Break - No School for Staff and Students\n12/23/2024\n–\n1/3/2025\nHigh School\nHoliday Staff and Student\nJunior High\nDec\n31\nTue\nChristmas/Winter Break - No School for Staff and Students\n12/23/2024\n–\n1/3/2025\nHigh School\nHoliday Staff and Student\nJunior High\nSu\nMo\nTu\nWe\nTh\nFr\nSa\n1\n2\n••\n3\n•••\n4\n•••\n5\n•••\n6\n•••\n7\n•••\n8\n9\n•\n10\n•••\n11\n•\n12\n•••\n13\n•••\n14\n••\n15\n16\n•••\n17\n•••\n18\n•\n19\n•••\n20\n•••\n21\n22\n23\n••\n24\n••\n25\n••\n26\n•••\n27\n•••\n28\n•••\n29\n•\n30\n••\n31\n••\n1\n••\n2\n••\n3\n•••\n4\nToday\nCalendar View\nCalendars\nElementary\nJunior High\nHigh School\nSelect all\nSelect one\nApply\nLoading...\nTexas Leadership of San Angelo\n5687 Melrose Ave. | San Angelo, TX 76901\nPhone:\n(325) 653-3200\nBoard Members:\nBruce Binkley\nDr. Walt Landers\nTommy Olive\nCharity Vasquez\nBobbe Ynostrosa\nUseful Links\nNotice of Non-Discrimination\nDistrict Calendar\nEmployment\nLibrary\nShow All Links\nSocial Media - Footer\nFacebook\nDistrict Admin\nPowered by Edlio\nMobile Footer Navigation\nSchools\nBoard\nCalendar\nParent Portal",
    "http://tlca-sa.com/apps/events/2024/12/20/17206036/?REC_ID=17206036&id=0": "End of 3rd 6-weeks and 1st Semester | Texas Leadership of San Angelo\nSkip to main content\nTexas Leadership of San Angelo\nMain Menu Toggle\nAbout Us\nOur Story\nMission, Vision & Values\nFounder & CEO\nEnrollment\nApply Today!\nEnrollment Information\nAdmissions Policy\nPowerSchool Returning Student\nFamily Resources\nChristmas Festival\nSTOP!t App\nSAFETY & Security\nSocial Media Safety\n2024-2025 School Calendar\nSchool Supplies\nUniform Polo Store\nTransportation\nChild Nutrition\nLeader in Me\nHealth & Wellness\nParent Information\nOnline Family Support\nMilitary Connect\nUIL Homeschool Participation\nAfter-School Care\nCOVID-19 Updates\nCampuses\nELEMENTARY\nStaff\nWelcome to Kindergarten\nWatch D.O.G.S.\nMIDDLE SCHOOL\nStaff\nCivil Air Patrol\nHIGH SCHOOL\nStaff\nTango Flight\nTheater Events\nStudents\nStudent Handbook\nCode Of Conduct\nClever\nSocial Media Safety\nAcademics\nState Standards\nSpecial Education\nSpecial Programs\nLegacy Students\nAthletics\nSchedules & Information\nTickets\nSponsor A Square\nCoaching Staff\nPhilosophy\nForms\nJunior High Athletic Uniforms\nHigh School Athletic Uniforms\nBooster Club\nLittle Eagles\nCareers\nSocial Media Links\nFacebook\nSchools\nTexas Leadership of Abilene\nTexas Leadership of Midland\nTexas Leadership of San Angelo\nTrinity Leadership Public School\nEnd of 3rd 6-weeks and 1st Semester\nWhat\nEnd of 3rd 6-weeks and 1st Semester\nWhen\n12/20/2024\nCopy to Google Calendar\n•\nDownload iCal Event\nHigh School\n← Back to events list\n•\nOpen calendar grid\nTexas Leadership of San Angelo\n5687 Melrose Ave. | San Angelo, TX 76901\nPhone:\n(325) 653-3200\nBoard Members:\nBruce Binkley\nDr. Walt Landers\nTommy Olive\nCharity Vasquez\nBobbe Ynostrosa\nUseful Links\nNotice of Non-Discrimination\nDistrict Calendar\nEmployment\nLibrary\nShow All Links\nSocial Media - Footer\nFacebook\nDistrict Admin\nPowered by Edlio\nMobile Footer Navigation\nSchools\nBoard\nCalendar\nParent Portal",
    "http://tlca-sa.com/apps/events/2024/12/20/17785478/?REC_ID=17785478&id=0": "Early Release | Texas Leadership of San Angelo\nSkip to main content\nTexas Leadership of San Angelo\nMain Menu Toggle\nAbout Us\nOur Story\nMission, Vision & Values\nFounder & CEO\nEnrollment\nApply Today!\nEnrollment Information\nAdmissions Policy\nPowerSchool Returning Student\nFamily Resources\nChristmas Festival\nSTOP!t App\nSAFETY & Security\nSocial Media Safety\n2024-2025 School Calendar\nSchool Supplies\nUniform Polo Store\nTransportation\nChild Nutrition\nLeader in Me\nHealth & Wellness\nParent Information\nOnline Family Support\nMilitary Connect\nUIL Homeschool Participation\nAfter-School Care\nCOVID-19 Updates\nCampuses\nELEMENTARY\nStaff\nWelcome to Kindergarten\nWatch D.O.G.S.\nMIDDLE SCHOOL\nStaff\nCivil Air Patrol\nHIGH SCHOOL\nStaff\nTango Flight\nTheater Events\nStudents\nStudent Handbook\nCode Of Conduct\nClever\nSocial Media Safety\nAcademics\nState Standards\nSpecial Education\nSpecial Programs\nLegacy Students\nAthletics\nSchedules & Information\nTickets\nSponsor A Square\nCoaching Staff\nPhilosophy\nForms\nJunior High Athletic Uniforms\nHigh School Athletic Uniforms\nBooster Club\nLittle Eagles\nCareers\nSocial Media Links\nFacebook\nSchools\nTexas Leadership of Abilene\nTexas Leadership of Midland\nTexas Leadership of San Angelo\nTrinity Leadership Public School\nEarly Release\nWhat\nEarly Release\nWhen\n12/20/2024, 12:30 PM\n–\n1:30 PM\nCopy to Google Calendar\n•\nDownload iCal Event\nJunior High\n← Back to events list\n•\nOpen calendar grid\nTexas Leadership of San Angelo\n5687 Melrose Ave. | San Angelo, TX 76901\nPhone:\n(325) 653-3200\nBoard Members:\nBruce Binkley\nDr. Walt Landers\nTommy Olive\nCharity Vasquez\nBobbe Ynostrosa\nUseful Links\nNotice of Non-Discrimination\nDistrict Calendar\nEmployment\nLibrary\nShow All Links\nSocial Media - Footer\nFacebook\nDistrict Admin\nPowered by Edlio\nMobile Footer Navigation\nSchools\nBoard\nCalendar\nParent Portal",
    "http://tlca-sa.com/apps/events/2024/12/20/17163132/?REC_ID=17163132&id=0": "Boys Basketball: Freshmen @ Jim Ned | Texas Leadership of San Angelo\nSkip to main content\nTexas Leadership of San Angelo\nMain Menu Toggle\nAbout Us\nOur Story\nMission, Vision & Values\nFounder & CEO\nEnrollment\nApply Today!\nEnrollment Information\nAdmissions Policy\nPowerSchool Returning Student\nFamily Resources\nChristmas Festival\nSTOP!t App\nSAFETY & Security\nSocial Media Safety\n2024-2025 School Calendar\nSchool Supplies\nUniform Polo Store\nTransportation\nChild Nutrition\nLeader in Me\nHealth & Wellness\nParent Information\nOnline Family Support\nMilitary Connect\nUIL Homeschool Participation\nAfter-School Care\nCOVID-19 Updates\nCampuses\nELEMENTARY\nStaff\nWelcome to Kindergarten\nWatch D.O.G.S.\nMIDDLE SCHOOL\nStaff\nCivil Air Patrol\nHIGH SCHOOL\nStaff\nTango Flight\nTheater Events\nStudents\nStudent Handbook\nCode Of Conduct\nClever\nSocial Media Safety\nAcademics\nState Standards\nSpecial Education\nSpecial Programs\nLegacy Students\nAthletics\nSchedules & Information\nTickets\nSponsor A Square\nCoaching Staff\nPhilosophy\nForms\nJunior High Athletic Uniforms\nHigh School Athletic Uniforms\nBooster Club\nLittle Eagles\nCareers\nSocial Media Links\nFacebook\nSchools\nTexas Leadership of Abilene\nTexas Leadership of Midland\nTexas Leadership of San Angelo\nTrinity Leadership Public School\nBoys Basketball: Freshmen @ Jim Ned\nWhat\nBoys Basketball: Freshmen @ Jim Ned\nWhen\n12/20/2024, 4:00 PM\n–\n5:00 PM\nWhere\nJim Ned High School, 830 Garza Ave, Tuscola, TX 79562, USA\nCopy to Google Calendar\n•\nDownload iCal Event\nHigh School\n← Back to events list\n•\nOpen calendar grid\nTexas Leadership of San Angelo\n5687 Melrose Ave. | San Angelo, TX 76901\nPhone:\n(325) 653-3200\nBoard Members:\nBruce Binkley\nDr. Walt Landers\nTommy Olive\nCharity Vasquez\nBobbe Ynostrosa\nUseful Links\nNotice of Non-Discrimination\nDistrict Calendar\nEmployment\nLibrary\nShow All Links\nSocial Media - Footer\nFacebook\nDistrict Admin\nPowered by Edlio\nMobile Footer Navigation\nSchools\nBoard\nCalendar\nParent Portal",
    "http://tlca-sa.com/apps/events/?id=0&id=1&id=2": "Events | Texas Leadership of San Angelo\nSkip to main content\nTexas Leadership of San Angelo\nMain Menu Toggle\nAbout Us\nOur Story\nMission, Vision & Values\nFounder & CEO\nEnrollment\nApply Today!\nEnrollment Information\nAdmissions Policy\nPowerSchool Returning Student\nFamily Resources\nChristmas Festival\nSTOP!t App\nSAFETY & Security\nSocial Media Safety\n2024-2025 School Calendar\nSchool Supplies\nUniform Polo Store\nTransportation\nChild Nutrition\nLeader in Me\nHealth & Wellness\nParent Information\nOnline Family Support\nMilitary Connect\nUIL Homeschool Participation\nAfter-School Care\nCOVID-19 Updates\nCampuses\nELEMENTARY\nStaff\nWelcome to Kindergarten\nWatch D.O.G.S.\nMIDDLE SCHOOL\nStaff\nCivil Air Patrol\nHIGH SCHOOL\nStaff\nTango Flight\nTheater Events\nStudents\nStudent Handbook\nCode Of Conduct\nClever\nSocial Media Safety\nAcademics\nState Standards\nSpecial Education\nSpecial Programs\nLegacy Students\nAthletics\nSchedules & Information\nTickets\nSponsor A Square\nCoaching Staff\nPhilosophy\nForms\nJunior High Athletic Uniforms\nHigh School Athletic Uniforms\nBooster Club\nLittle Eagles\nCareers\nSocial Media Links\nFacebook\nSchools\nTexas Leadership of Abilene\nTexas Leadership of Midland\nTexas Leadership of San Angelo\nTrinity Leadership Public School\nEvents\nPrevious month\nNext month\nDecember 2024\nPrint\nYear Overview\nSubscribe\niCal, Outlook 2007+\nGoogle Calendar\nDownload .ICS\nDec\n2\nMon\nMiddle School Girls Basketball vs Brownwood - Home\nJunior High\nMS Basketball (Boys) vs Brownwood\n5:30 PM\n–\n7:30 PM\n\t\t\t(Brownwood, TX, USA)\nJunior High\nDec\n3\nTue\nMiddle School Casual Dress Day (please follow dress code) $2\nJunior High\nDec\n4\nWed\nMiddle School One Act Play\nJunior High\nTeacher PLC\nJunior High\nDec\n6\nFri\nEarly Release\n12:30 PM\n–\n1:30 PM\nJunior High\nDec\n7\nSat\nMiddle School Band All Region @ Lake View\nJunior High\nDec\n9\nMon\nMS Academic/Music Memory UIL\n(Merkel, TX 79536, USA)\nJunior High\nDec\n10\nTue\nMiddle School College, Career, Military Readiness Free Dress Day ( with jeans only)\nJunior High\nDec\n11\nWed\nMiddle School Staff Christmas Party\n6 PM\n–\n8 PM\nJunior High\nDec\n12\nThu\nMiddle School Girls Basketball vs Sweetwater - Home\nJunior High\nMS Basketball (Boys) vs Sweetwater\n5:30 PM\n–\n7:30 PM\n\t\t\t(Sweetwater, TX 79556, USA)\nJunior High\nDec\n16\nMon\nMiddle School Girls Basketball vs Grape Creek - Away\nJunior High\nMiddle School Pep Rally \" Christmas Theme by Grade Level\"\n8:15 AM\n–\n9:15 AM\nJunior High\nMS Basketball (Boys) vs Grape Creek\n5:30 PM\n–\n7:30 PM\n\t\t\t(3301 TLC Way, San Angelo, TX 76901, USA)\nJunior High\nDec\n17\nTue\nMiddle School Casual Dress Day (please follow dress code) $2\nJunior High\nDec\n19\nThu\nASU Physics Club Demonstration 6th - 8th grade\n2 PM\n–\n3 PM\nJunior High\nMiddle School Parent Night\n5:30 PM\n–\n6:30 PM\nJunior High\nDec\n20\nFri\nEarly Release\n12:30 PM\n–\n1:30 PM\nJunior High\nCombined Middle School and High School Band Winter Concert\n6:30 PM\n–\n7:30 PM\nJunior High\nDec\n23\nMon\nHoliday Staff and Student\nJunior High\nDec\n24\nTue\nHoliday Staff and Student\nJunior High\nDec\n25\nWed\nHoliday Staff and Student\nJunior High\nDec\n26\nThu\nHoliday Staff and Student\nJunior High\nDec\n27\nFri\nHoliday Staff and Student\nJunior High\nDec\n30\nMon\nHoliday Staff and Student\nJunior High\nDec\n31\nTue\nHoliday Staff and Student\nJunior High\nSu\nMo\nTu\nWe\nTh\nFr\nSa\n1\n2\n••\n3\n•\n4\n••\n5\n6\n•\n7\n•\n8\n9\n•\n10\n•\n11\n•\n12\n••\n13\n14\n15\n16\n•••\n17\n•\n18\n19\n••\n20\n••\n21\n22\n23\n•\n24\n•\n25\n•\n26\n•\n27\n•\n28\n29\n30\n•\n31\n•\n1\n•\n2\n•\n3\n•\n4\nToday\nCalendar View\nCalendars\nElementary\nJunior High\nHigh School\nSelect all\nSelect one\nApply\nLoading...\nTexas Leadership of San Angelo\n5687 Melrose Ave. | San Angelo, TX 76901\nPhone:\n(325) 653-3200\nBoard Members:\nBruce Binkley\nDr. Walt Landers\nTommy Olive\nCharity Vasquez\nBobbe Ynostrosa\nUseful Links\nNotice of Non-Discrimination\nDistrict Calendar\nEmployment\nLibrary\nShow All Links\nSocial Media - Footer\nFacebook\nDistrict Admin\nPowered by Edlio\nMobile Footer Navigation\nSchools\nBoard\nCalendar\nParent Portal"
  },
  "doc_id": "945b582c-fe25-5d30-8e03-3d2a2b1591ef"
}