{
  "url": "http://tryheadquarters.com",
  "timestamp": 1734937345.674143,
  "text_by_page_url": {
    "http://tryheadquarters.com": "Headquarters | Staffing and Services Partner For Over 10 Leading Cannabis Companies\nSolutions\nFinance\nLogistics\nSales Ops\nMarketing\nCase Studies\nStone Road\nLBSÂ Distribution\nGet a Free Quote\nCareers\nGet Free Quote\nExperts integrated intoÂ yourÂ team\nSupercharge your work by integrating our industry experts with your team. From AR and APÂ to sales, our team members are equipped to accelerate your processes and give you valuable time back.\nTrusted by over 15 Leading Cannabis Companies\nIn the last year alone, we processed:\n5,000+\nSKUs into multiple digital inventory systems.\n20,000+\nDeliveries to dispensaries successfully routed.\n100,000+\nSales orders touched by HQÂ team.\nOur services\nExclusively supporting cannabis companies since 2018.\nWe provide transparent staffing and shared services to help growing cannabis businesses scale at a fraction of the cost.\nCannabis Collections\nWe own cannabis AR from outreach to invoice processing.\nLearn more\nAccounting\nGet accounting that delivers accurate cashflow reporting.\nâ\nLearn more\nLogistics\nOn-time fulfillment, regulatory compliance, and seamless order management.\nLearn more\nSales Admin\nWe handle all administrative sales work from collateral updates to order entry.\nâ\nLearn more\nMarketing\nDrive revenue growth with our cannabis-specialized team.\nLearn more\nCannabis collections\nAccounting\nSales ops\nZero BS. Real impact.\n$120,000,000 cash collected for Nabis in 2023.\nHeadquarters works extensively with the Nabis team to manage inbound cashflow, providing its clients with accurate remittance reports organized from a variety of sources.\nLearn more\nZero BS. Real impact.\nEaze has been using Headquarters accounting services since 2021\nEaze has been using Headquarters shared accounting services since 2021 and we've maintained a 100% accuracy on payment records in QBO.\nLearn more\nZero BS. Real impact.\nStone Road saves $20,000/month with Headquarters\nWe support Stone Road in daily sales order entry, inventory reporting, SKU & COA label creation, and sales collateral design while allowing the senior management to focus on what they do best â sell their product.\nLearn more\nPricing\nService models to fit yourÂ needs\nShared service model\nGet the value of aÂ full time employee at a fraction of the price\nAccess to the best employees:Â tap into the HQÂ hive mind with tens of thousands of hours of experience working with the largest cannabis companies\nGet Free Quote\nfrom $3,500 per month\nDedicated model:Â Full time employee\nDirect management and control over the talent\nFlexibility:Â hourly billing allows for greater flexibility in adjusting resources and costs based on changing needs\nGet Free Quote\nfrom $4,500 per month\nTestimonials\nDon't just take our word for it\nNabis\nCollections\nAccounting\nHQ was pivotal in our strategy to achieve profitability as a company. They provided a cost-effective solution to scale by supporting our compliance and finance teams.\nVince Ning\nFounder &Â Co-CEO\nLBSÂ Distribution\nCollections\nSales Admin\nWeâre 100% more productive in\nsales activity and finance ops â\nwe didnât have anything like that\nbefore Headquarters.\nRoss Haley\nCEO\nSmoakland\nAccounting\nHeadquarters helped us understand our financial picture through accurate cashflow reporting.\nLinda Jaffery\nVPÂ Finance\nStone Road\nSales Admin\nHeadquarters saves us valuable time by managing our entire sales backend from SKU creation to order entry into Nabis.\nLex Corwin\nFounder &Â CEO\nSolutions\nFinance\nLogistics\nSales Ops\nMarketing\nCase Studies\nStone Road\nLBSÂ Distribution\nCareers\nOpen Positions\nWhy Work in Cannabis\nÂ© 2024 Headquarters. All rights reserved.\nHeadquartersÂ® is a registered trademark of Headquarters LLC",
    "http://tryheadquarters.com/": "Headquarters | Staffing and Services Partner For Over 10 Leading Cannabis Companies\nSolutions\nFinance\nLogistics\nSales Ops\nMarketing\nCase Studies\nStone Road\nLBSÂ Distribution\nGet a Free Quote\nCareers\nGet Free Quote\nExperts integrated intoÂ yourÂ team\nSupercharge your work by integrating our industry experts with your team. From AR and APÂ to sales, our team members are equipped to accelerate your processes and give you valuable time back.\nTrusted by over 15 Leading Cannabis Companies\nIn the last year alone, we processed:\n5,000+\nSKUs into multiple digital inventory systems.\n20,000+\nDeliveries to dispensaries successfully routed.\n100,000+\nSales orders touched by HQÂ team.\nOur services\nExclusively supporting cannabis companies since 2018.\nWe provide transparent staffing and shared services to help growing cannabis businesses scale at a fraction of the cost.\nCannabis Collections\nWe own cannabis AR from outreach to invoice processing.\nLearn more\nAccounting\nGet accounting that delivers accurate cashflow reporting.\nâ\nLearn more\nLogistics\nOn-time fulfillment, regulatory compliance, and seamless order management.\nLearn more\nSales Admin\nWe handle all administrative sales work from collateral updates to order entry.\nâ\nLearn more\nMarketing\nDrive revenue growth with our cannabis-specialized team.\nLearn more\nCannabis collections\nAccounting\nSales ops\nZero BS. Real impact.\n$120,000,000 cash collected for Nabis in 2023.\nHeadquarters works extensively with the Nabis team to manage inbound cashflow, providing its clients with accurate remittance reports organized from a variety of sources.\nLearn more\nZero BS. Real impact.\nEaze has been using Headquarters accounting services since 2021\nEaze has been using Headquarters shared accounting services since 2021 and we've maintained a 100% accuracy on payment records in QBO.\nLearn more\nZero BS. Real impact.\nStone Road saves $20,000/month with Headquarters\nWe support Stone Road in daily sales order entry, inventory reporting, SKU & COA label creation, and sales collateral design while allowing the senior management to focus on what they do best â sell their product.\nLearn more\nPricing\nService models to fit yourÂ needs\nShared service model\nGet the value of aÂ full time employee at a fraction of the price\nAccess to the best employees:Â tap into the HQÂ hive mind with tens of thousands of hours of experience working with the largest cannabis companies\nGet Free Quote\nfrom $3,500 per month\nDedicated model:Â Full time employee\nDirect management and control over the talent\nFlexibility:Â hourly billing allows for greater flexibility in adjusting resources and costs based on changing needs\nGet Free Quote\nfrom $4,500 per month\nTestimonials\nDon't just take our word for it\nNabis\nCollections\nAccounting\nHQ was pivotal in our strategy to achieve profitability as a company. They provided a cost-effective solution to scale by supporting our compliance and finance teams.\nVince Ning\nFounder &Â Co-CEO\nLBSÂ Distribution\nCollections\nSales Admin\nWeâre 100% more productive in\nsales activity and finance ops â\nwe didnât have anything like that\nbefore Headquarters.\nRoss Haley\nCEO\nSmoakland\nAccounting\nHeadquarters helped us understand our financial picture through accurate cashflow reporting.\nLinda Jaffery\nVPÂ Finance\nStone Road\nSales Admin\nHeadquarters saves us valuable time by managing our entire sales backend from SKU creation to order entry into Nabis.\nLex Corwin\nFounder &Â CEO\nSolutions\nFinance\nLogistics\nSales Ops\nMarketing\nCase Studies\nStone Road\nLBSÂ Distribution\nCareers\nOpen Positions\nWhy Work in Cannabis\nÂ© 2024 Headquarters. All rights reserved.\nHeadquartersÂ® is a registered trademark of Headquarters LLC",
    "http://tryheadquarters.com/hq-finance": "HQ - Finance\nSolutions\nFinance\nLogistics\nSales Ops\nMarketing\nCase Studies\nStone Road\nLBSÂ Distribution\nGet a Free Quote\nCareers\nGet Free Quote\nCannabis Finance Services\nSave your finance department time and money. Our expert team has worked with hundreds of operators and understands how to get the fastest results possible.\nWhy work with Headquarters\nWe own cannabis AR from outreach to invoice processing\nCollections\n2 WEEKSÂ TOÂ STAFF\nManaging and recovering outstanding debts from customers or clients.\nâ\nâ¢ Oversee the dedicated accounts receivable email address for all payment-related communications.\nâ¢ Regularly update and maintain the AR aging report to track overdue accounts.\nâ¢ Engage with clients regarding their account status via phone and email to reduce long dated AR balances.\nâ¢ Payment Negotiation, establish payment plans or settlements that are mutually acceptable and feasible.\nâ¢ Address and resolve customer issues related to billing discrepancies, disputes, or any obstacles preventing timely payments.\nâ¢ Maintain detailed records of customer interactions, payment agreements, and any communication regarding overdue accounts.\nAccounts Receivable Management (AR)\n3 WEEKSÂ TOÂ STAFF\nManaging the accounts receivable process, including tracking and recording incoming payments, managing the AR aging report, participating in end-of-month (EOM) close, and conducting outreach to assist in the collection of payments.\nâ\nâ¢ Accurately record and reconcile incoming payments against outstanding invoices in the accounting software.\nâ¢ Collaborate in the EOM close process, ensuring AR balances are accurately stated.\nâ¢ Provide detailed reports on accounts receivable status and any potential risk areas to management.\nAccounts Payable Management (AP)\n3 WEEKSÂ TOÂ STAFF\nManaging Cannabis accounts payable queue and process for vendor invoices, including onboarding new vendors, building AP agings, participating in EOM close, and processing payments on a dedicated cadence.\nâ\nâ¢ Monitor and manage AP email address where all invoices are received.\nâ¢ Upload and enter all invoice details into accounting software (e.g. QBO).\nâ¢ Request documentation from new vendors (W9, etc) and onboard new vendors to bank portals & accounting software(s).\nâ¢ Attend weekly payment approval meeting and record required action items.\nâ¢ Setup and / or transmit agreed upon payments to vendors on weekly basis.\nâ¢ Participate in month-end close process as it relates to recording payables and providing total company AP balance.\nâ¢ Resolve basic communications with vendors (timing of payments, confirmation of receipts of documents, etc.)\nâ¢ Escalate vendors to correct stakeholders for material issues (i.e. non-payment).\nCash Flow Reporting\n4 WEEKSÂ TOÂ STAFF\nBuilding and maintaining a comprehensive Cash Flow Model by collecting, analyzing, and reconciling various financial data to forecast cash inflows and outflows on a weekly basis.\nâ\nâ¢ Collection and cleanup of all relevant bank and credit card statements.\nâ¢ Weekly acquisition of payable data from Point of Sale systems, payroll systems, and other cost centers.\nâ¢ Categorization of all transactions into accurate cost and revenue buckets.\nâ¢ Bank balances reconciliation.\nâ¢ Identification and tracking of all inventory purchases.\nâ¢ Development and management of a detailed 13-week cash flow model, highlighting cash inflows and outflows.\nGeneral Accounting / Financial Accounting\n4 WEEKSÂ TOÂ STAFF\nRecording, summarizing, and reporting an organization's financial transactions. Provide accurate and comprehensive financial information to both internal and external stakeholders, facilitating informed decision-making.\nâ\nâ¢ Day to day transactions & recurring JEs posting.\nâ¢ Accrual accounting, recognizing revenues and expenses when they are incurred, providing more accurate financial information.\nâ¢ GL account analysis and reconciliation, account reconciliation to ensure accuracy and identify discrepancies.\nâ¢ Conduct the accounting month end closure process.\nâ¢ Preparing and presenting financial statements (Income Statement & Balance Sheet).\nâ¢ Auditing, Facilitating external or internal audits to verify the accuracy and reliability of financial information.\nâ¢ 280E Analysis and optimization applied in the Chart of accounts and day to day transactions.\nâ¢ Apply compliance procedures adhering to US GAAP, to ensure consistency and transparency in financial reporting.\nFinancial Planning & Analysis (FP&A)\n6 WEEKSÂ TOÂ STAFF\nEstablishing and managing departmental budgets aligned with client-specific requirements. Creating monthly budgets for each department, utilizing historical transaction data, and providing regular reports on weekly, monthly, and year-to-date expenses and employee payments, segmented by department.\nâ\nâ¢ Define and categorize departments as per client requirements.\nâ¢ Develop monthly budgets for each department, based on historical transaction data.\nâ¢ Regularly report on expenses and employee payments, offering weekly, monthly, and year-to-date insights.\nâ¢ Construct and update dashboards to visually represent financial data by department.\nâ¢ Analyze departmental spending against budgets to identify variances and areas of improvement.\n$120M+\nIn payments remitted to brands in 2023.\n41%\nAverage cost saving versus internal hire.\n$345M+\nIn cannabis ARÂ collected for brands since 2020.\nWe're experts in industry-standard platforms\nTools we support in cannabis finance\nZipBooks\nUpflow\nYayPay\nTrolley\nStampli\nKashoo\nMesh Payments\nCledara\nSettle\nAvise\nRingCentral\nZipBooks\nUpflow\nYayPay\nTrolley\nStampli\nKashoo\nMesh Payments\nCledara\nSettle\nAvise\nRingCentral\nZOHO\nTipalti\nWave Financial\nPayEm\nSage Intacct\nFinancial Force\nMelio\nFront\nDocuware\nBill.com\nQuickbooks\nZOHO\nTipalti\nWave Financial\nPayEm\nSage Intacct\nFinancial Force\nMelio\nFront\nDocuware\nBill.com\nQuickbooks\nOneUp\nXERO\nNetSuite\nMineraltree\nLightyear\nBigTime\nFinmark\nFreshbooks\nDialpad\n8x8\nOneUp\nXERO\nNetSuite\nMineraltree\nLightyear\nBigTime\nFinmark\nFreshbooks\nDialpad\n8x8\nGet accurate cash flow reporting\nEmpower your cannabis company with comprehensive cashflow reporting, enabling you to predict cash needs, optimize resource allocation, and maintain financial stability in a rapidly evolving industry.\nGet Free Quote\nTap into a team with tens of thousands of hours in cannabis experience\nOur clients include Nabis, Kiva, Urbn Leaf, and Eaze. We're able to solve problems faster thanks to our team's collective hive mind intelligence.\nGet Free Quote\nZero BS. Real impact.\n$120,000,000 cash collected for Nabis in 2023.\nHeadquarters works extensively with the Nabis team to manage inbound cashflow, providing its clients with accurate remittance reports organized from a variety of sources.\nGet Free Quote\nSolutions\nFinance\nLogistics\nSales Ops\nMarketing\nCase Studies\nStone Road\nLBSÂ Distribution\nCareers\nOpen Positions\nWhy Work in Cannabis\nÂ© 2024 Headquarters. All rights reserved.\nHeadquartersÂ® is a registered trademark of Headquarters LLC",
    "http://tryheadquarters.com/hq-logistics": "HQ - Logistics\nSolutions\nFinance\nLogistics\nSales Ops\nMarketing\nCase Studies\nStone Road\nLBSÂ Distribution\nGet a Free Quote\nCareers\nGet Free Quote\nGet Deliveries Done On Time.\nOn-time fulfillment, regulatory compliance, and seamless order management.\nStreamline your cannabis deliveries\nWe handle all administrative logistics work from delivery confirmations, routing and driver support\nDelivery Confirmations\n2 WEEKSÂ TOÂ STAFF\nâ¢ Provide retailers with order documents ahead of the delivery.\nâ¢ Communicate any delivery blockers (i.e. mone owed) X days ahead of schedule.\nâ¢ Make order adjustments per retailer request within the systems from inquiries received over the phone or email.\nâ¢ Confirm date & time window for delivery per retailer and preference via Phone, Email, Text, 3rd party scheduling platform.\nâ¢ Communicate any delivery requirements or protocols with the appropriate stakeholders.\nCustomer Service & Driver Support\n2 WEEKSÂ TOÂ STAFF\nâ¢ Solving order discrepancies received by email or phone.\nâ¢ Adjusting internal systems to reflect physical state versus manifested state.\nâ¢ Generating mock up orders when needed.\nâ¢ Escalating problems to appropriate stakeholders.\nâ¢ Providing retailers with an ETA depending on drivers projected arrival time.\nâ¢ Solving order discrepancies drivers are reporting at the time of the delivery.\nâ¢ Communicating with the drivers about any delivery blockers, delivery requirements, or retailer specific protocols.\nRouting\n2 WEEKSÂ TOÂ STAFF\nâ¢ Schedule deliveries through preferred communication methods, and share delivery protocols with all stakeholders.\nâ¢ Streamline and support deliveries by sending order details, addressing issues, and making retailer-requested adjustments.\nâ¢ Plan delivery routes based on delivery zone schedules.\nâ¢ Update driver and vehicle info for compliance, and adjusting for driver availability, order size, and vehicle capacity.\nâ¢ Adjust internal systems with Driver / Vehicle information for METRC purposes.\nâ¢ Adjust routes to accommodate driver schedules, order volume and vehicle size.\nâ¢ Schedule deliveries through preferred communication methods, and share delivery protocols with all stakeholders.\nâ¢ Resolve order discrepancies, escalating concerns, and sharing driver ETAsâ¨with retailers, and communicate delivery details and protocols with drivers.\n5 years\nExperience in supporting cannabis delivery teams.\n20,000+\nDeliveries to dispensaries coordinated 98% DOTIF.\n50%\nReduction in hourly rate vs. internal hire.\nSolutions\nFinance\nLogistics\nSales Ops\nMarketing\nCase Studies\nStone Road\nLBSÂ Distribution\nCareers\nOpen Positions\nWhy Work in Cannabis\nÂ© 2024 Headquarters. All rights reserved.\nHeadquartersÂ® is a registered trademark of Headquarters LLC",
    "http://tryheadquarters.com/hq-sales-ops": "HQ - Sales Ops\nSolutions\nFinance\nLogistics\nSales Ops\nMarketing\nCase Studies\nStone Road\nLBSÂ Distribution\nGet a Free Quote\nCareers\nGet Free Quote\nCannabis Sales Ops\nHeadquarters handles order processing; your team can go close the next deal.\nIncrease time in front of the customer by up to 70%\nWe handle all administrative sales work from collateral updates to order entry\nOrder Management\n2 WEEKSÂ TOÂ STAFF\nProcess (receive, input, and confirm) orders received from sales team via text, email and phone into order management tools such as Leaflink, Leaftrade, Distru, Nabis, etc.\nâ\nâ¢ Build escalation procedures to resolve orders impacted by out of stocks, AR holds, or other potential issues\nâ¢ Provide reporting to Sales Managers on sales activity such as order volume by rep and discounting by sales representatives\nâ¢ Provide overall sales reporting such as gap to goal, booked but not delivered orders, at risk orders, etc.\nâ¢ Weekly check-ins to ensure any issues are resolved in a timely manner\nSKU Catalog Management\n2 WEEKSÂ TOÂ STAFF\nManaging all product listings across cannabis marketplaces. Regularly updating the product catalogs to reflect new products, changes in existing products, and discontinuations. Ensuring each SKU is accurately represented with full product information.\nâ\nâ¢ Uploading SKUs to inventory systems and listing aggregators such as Weedmaps, Dutchie and iHeartJane.\nâ¢ Verifying all compliance docs, batch IDs and pricing.\nâ¢ Submitting compliance photos.\nâ¢ Managing menu images.\nâ¢ Using consistent SKU nomenclatures.\nâ¢ Ensuring all available product information is populated (eg., THC%, terpenes, descriptions).\nâ¢ Coordinating inventory across multiple platforms (METRC, Leaflink, etc.)\nSales Reporting\n4 WEEKSÂ TOÂ STAFF\nConsolidating sales data from various platforms into a user-friendly reporting dashboard that reports on key performance indicators (KPIs) such as revenue per sales rep, sales by product (SKU), and the number of new opportunities.\nâ\nâ¢ Sales data collection & organization.\nâ¢ Data cleaning and processing; Data mashing with real time pricing platforms like Hoodie Analytics.\nâ¢ Managing weekly dashboard reporting on KPIs.\nâ¢ Delivering activity summaries by cohort.\nâ¢ Commission reporting.\nâ¢ Additional data visualization - communicating complex data insights in a comprehensible and actionable manner.\nSales Collateral Design\n4 WEEKSÂ TOÂ STAFF\nGet access to Adobe Creative Suite professionals who understand cannabis culture. We create sales collateral designs aligned with your brand identity and sales objectives.\nâ\nâ¢ Weekly menu design.\nâ¢ Marketing print materials: Flyers, Posters and Sell Sheets.\nâ¢ Banner ad design: Weedmaps, Dutchie, etc.\nâ¢ Email template design optimized for deliverability & clickthrough rate.\nâ¢ Product label design: Stickers, Mylar bag prints, Box wrappers, etc.\nâ¢ Product 3D renders using label design assets\nâ¢ Working closely with your team to refine designs based on feedback and market trends.\nCRM System Management\n4 WEEKSÂ TOÂ STAFF\nEfficient organization and updating of customer and sales data within the CRM. Regularly tracking and analyzing CRM metrics to gauge customer engagement and sales effectiveness.\nâ\nâ¢ Ensuring CRM compliance.\nâ¢ Sales data entry & enrichment.\nâ¢ Acting as a liaison between the sales team and CRM.\nâ¢ Weekly data analysis report - understanding the distribution of data, identifying patterns, and uncovering potential insights.\nâ¢ Continuously seeking ways to improve data collection and reporting processes.\nâ¢ Providing ongoing support to ensure your team can fully leverage the CRM system.\nâ¢ Managing 3rd party vendors and apps related to the CRM; Implementing regular updates based on business needs.\n6 years\nExperience in supporting cannabis sales teams.\n20,000+\nSales orders processed by HQ team annually.\n28 hr\nAverage monthly time we save each sales rep.\nOur team supports industry-standard platforms\nSales tools we make work for cannabis\nWeedmaps\nOdoo\nLeaflink\nHubspot\nHoodie Analytics\nAirtable\nMJ Freeway\niHeartJane\nMicrosoft 365\nDistru\nApex Trading\nWeedmaps\nOdoo\nLeaflink\nHubspot\nHoodie Analytics\nAirtable\nMJ Freeway\niHeartJane\nMicrosoft 365\nDistru\nApex Trading\nLucID\nAcumatica\nSalesforce\nPistil Data\nLooker Studio\nMetrc\nNabis\nLeaftrade\nHeadset\nDutchie\nOutfield\nLucID\nAcumatica\nSalesforce\nPistil Data\nLooker Studio\nMetrc\nNabis\nLeaftrade\nHeadset\nDutchie\nOutfield\nFlourish\n365 Cannabis\nRoshi\nCanix\nEncompass\nGrowerIQ\nChaski\nFlowhub\nBiotrack\nCultivera\nFlourish\n365 Cannabis\nRoshi\nCanix\nEncompass\nGrowerIQ\nChaski\nFlowhub\nBiotrack\nCultivera\nGet accurate sales reporting\nHeadquarters sales admins prepare a weekly revenue dashboard for senior management. We pull data from a variety of sources to bring you the ultimate source of truth.\nGet Free Quote\nTap into a team with years of cannabis industry experience\nOur clients include Nabis, Kiva, Urbn Leaf, and Eaze. We're able to solve problems faster thanks to our team's collective hive mind intelligence.\nGet Free Quote\nFeatured Case Study\nStone Road saves $20,000/month with Headquarters\nWe support Stone Road in daily sales order entry, inventory reporting, SKUÂ &Â COAÂ label creation, and sales collateral design while allowing the senior management to focus on what they do best â sell theirÂ product.\nRead the case study\nSolutions\nFinance\nLogistics\nSales Ops\nMarketing\nCase Studies\nStone Road\nLBSÂ Distribution\nCareers\nOpen Positions\nWhy Work in Cannabis\nÂ© 2024 Headquarters. All rights reserved.\nHeadquartersÂ® is a registered trademark of Headquarters LLC",
    "http://tryheadquarters.com/hq-marketing": "HQ - Marketing\nSolutions\nFinance\nLogistics\nSales Ops\nMarketing\nCase Studies\nStone Road\nLBSÂ Distribution\nGet a Free Quote\nCareers\nGet Free Quote\nEmpower your brand with cannabis-savvy marketers\nWe handle the heavy lifting, delivering compliant strategies that drive trackable revenue.\nDrive revenue growth with our cannabis-specialized team\nWe offer cost-effective solutions backed by extensive experience in email and performance marketing\nEmail Marketing\n5 WEEKSÂ TOÂ STAFF\nDrive revenue from email: Direct-to-consumer and/or Wholesale. Your HQÂ marketing manager implements weekly content strategies and actively collaborates with internal teams to achieve business goals.\nâ\nâ¢ Maintain a monthly digital marketing calendar aligned with brand initiatives and promotional activities.\nâ¢ Execute email marketing strategies from design to reporting, ensuring alignment with business objectives.\nâ¢ Build and optimize email automations (flows), and report on performance.\nâ¢ Collaborate with the internal creative team to develop campaign assets that adhere to brand guidelines.\nâ¢ Generate monthly reports and assess the performance of email marketing campaigns.\nâ¢ Understand technical limitations and opportunities working with a compliant heavy landscape.\nIdeal for brands with over 20KÂ email contacts.\nâ\nÂ Grow DTC revenue\nâ\nÂ Boost wholesale orders\nâ\nÂ Improve LTV\nâ\nÂ Nurture new leads\nâ\nÂ Add upsells and cross-sells\nâ\nÂ Get weekly A/B testing done\nPerformance Marketing - Paid Social\n4 WEEKSÂ TOÂ STAFF\nHEMPÂ BRANDSÂ ONLY\nDrive ecommerce revenue growth targets and enhance the visibility of the brand, while refining creative strategies alongside internal team.\nâ¢ Execute campaign setup, ad refreshment, and meticulous management/optimization across Facebook and Instagram.\nâ¢ Collaborate with the internal creative team to develop campaign assets that adhere to brand guidelines and cannabis regulations.\nâ¢ Work closely with the internal creative team to refine creative strategies and conduct testing for optimal outcomes.\nâ¢ Conduct ongoing performance reporting and analysis utilizing in-platform and Google Analytics.\nâ¢ Understand technical limitations and opportunities working with a compliant heavy landscape.\nâ¢ Proactively identify new social advertising opportunities to enhance campaign performance.\nIdeal for brands seling on Shopify ecommerce.\nâ\nÂ Grow ecomm revenue\nâ\nÂ Stay compliant on Meta Ads\nâ\nÂ Retarget customers\nâ\nÂ Keep improving ROI\nâ\nÂ Generate new leads\nProduct Feed Management\nINVITEÂ ONLY\nSave up to 40 hours/month on manual uploading of product info on platforms like Dutchie, Weedmaps, iHeartJane, Leaflink, etc.\nâ\nâ¢ Manage all listings in one place and save hours of work every day.\nâ¢ Start selling on new marketplaces by easily importing all your listings.\nâ¢ Update thousands of products in minutes with ease.\nâ¢ Enrich product info by cross-populating missing fields like Terpenes and THC%.\nIdeal for brands with frequent new SKUÂ releases.\nâ\nÂ Automate all menu uploads\nâ\nÂ Extract data from COAs\nâ\nÂ Eliminate human error\nâ\nÂ Save hours of manual work\n6 years\nExperience in cannabis marketing.\n$20M+\nIn tracked revenue generated for brands.\n50M+\nEmail recipients reached annually.\nOur team works on industry-standard platforms\nMarketing tools we use to drive revenue\nMidjourney\nMicrosoft Clarity\nGoogle Ads\nDutchie\nWeedmaps\niHeartJane\nSpringbig\nLeaflink\nMidjourney\nMicrosoft Clarity\nGoogle Ads\nDutchie\nWeedmaps\niHeartJane\nSpringbig\nLeaflink\nFigma\nMeta Ads\nGA4\nShopify\nAlpine IQ\nKlaviyo\nWebflow\nFigma\nMeta Ads\nGA4\nShopify\nAlpine IQ\nKlaviyo\nWebflow\nMantis Ads\nHappy Cabbage\nTableau\nSearch Console\nTradedesk\nAttentive\nAdobe Cloud\nMailchimp\nLooker Studio\nMantis Ads\nHappy Cabbage\nTableau\nSearch Console\nTradedesk\nAttentive\nAdobe Cloud\nMailchimp\nLooker Studio\nGet transparent marketing reporting\nYour HQÂ manager owns a digital marketing calendar, and reports on key metrics on weekly meetings.\nGet Free Quote\nTap into a team with years of cannabis industry experience\nOur clients include Kiva, 710 Labs and Eaze. We're able to solve problems faster thanks to our team's collective hive mind intelligence.\nGet Free Quote\nFeatured Case Study\nFresh Coast saves over 20 hours per month on product feed management\nFresh Coast Extracts, the #1 selling concentrate brand in Michigan releases up to 10 new SKUs per week. They needed a time efficient solution to upload new products into a variety of marketplaces.\nGet Free Quote\nSolutions\nFinance\nLogistics\nSales Ops\nMarketing\nCase Studies\nStone Road\nLBSÂ Distribution\nCareers\nOpen Positions\nWhy Work in Cannabis\nÂ© 2024 Headquarters. All rights reserved.\nHeadquartersÂ® is a registered trademark of Headquarters LLC",
    "http://tryheadquarters.com/headquarters-case-study-stone-road": "Headquarters - Case Study - Stone Road\nSolutions\nFinance\nLogistics\nSales Ops\nMarketing\nCase Studies\nStone Road\nLBSÂ Distribution\nGet a Free Quote\nCareers\nGet Free Quote\nStone Road\nstoneroad.org\nStone Road engaged Headquarters to automate sales backend processes. Their team was spending too much time on administrative work such as SKU creation, menu updates, inventory checks and data entry.\nWith a goal of national expansion, they needed to stay focused on what they do best:Â\nselling\n.\nWe deployed a team of cannabis sales admins to take on 4 key activities:\nâ¢ SKU Creation: Managing wholesale and DTC marketplaces\nâ¢ Collateral Support: Labels, menus and promotional design\nâ¢ Order Processing: Order submission and remittance\nâ¢ Accurate Reporting: Weekly sales & inventory dashboard\nIn 2023, Stone Road became one of the fastest growing cannabis brands inÂ California and Oklahoma markets.\nBased In\nLos Angeles\nCustomer Since\n2021\nTeam Size\n4\nStates\n5\nStores\n550+\n2021\nProudly supporting Stone Road for 3 years\n6,000+\nHours saved for C-suite to focus on higher value items\n$2.5M+\nIn sales orders processed by Headquarters team\nLex Corwin\nCEO\nAutomated Sales Backend\nHeadquarters saves us valuable time by supporting our entire sales funnel from creating SKUÂ labels, to entering new orders into Nabis.\n1. SKU Creation: Managing wholesale and DTC marketplaces\nStone Road is currently in 5 states, with New York expansion underway. More states = more SKUs and complexity. They needed help managing state-specific wholesale platforms like Nabis in California and Leaflink in Michigan.\nHeadquarters owns these processes, starting from COA label creation in LucidID to SKU publishing across a variety of marketplaces. Streamlining this work enables Stone Road send product data to more platforms - and sell more!\nLucidID\nNabis\nLeaf Trade\nJane\nLeaflink\nEaze\nWeedmaps\nDutchie\n2. Collateral Support:Â Labels, menus and promotional design\nEach of our sales admins is well-versed in design tools like Canva and Adobe Illustrator, because we understand the importance of menu design for cannabis brands.\nOur team uses Stone Road branding to create new product labels, stickers, menu designs, and email templates.â¨We support creatives for social and email campaigns, helping increase deal win-rate.\n3. Post Purchase Processing: Order submission and remittance\nOnce Stone Road makes a sale, they simply submit an order to HQ with contact, product, and delivery information; Our team handles all of the admin work required:\nâ¢ Entering the order into a wholesale platform like Nabis, Chaski, Distru, Leaflink, Acumatica, etc.\nâ¢ Generating order manifest + confirming delivery date & time\nâ¢ Payment remittance\n4. Accurate Sales Reporting: Weekly sales & inventory dashboard\nWe continuously enrich Stone Road CRM with new leads, notes and updated points of contact. Our team provides weekly dashboarding with accurate data for key sales metrics, such as Revenue by SKU and Retailer.\nThis weekly digest enables Stone Road leadership to make the best strategic decisions.\nInterested in this kind of support for your cannabis sales team?\nFill out\nthis short form\nand we'll reach out to schedule a free scoping call. Get access to sales admins with years of experience in the cannabis industry.\nSolutions\nFinance\nLogistics\nSales Ops\nMarketing\nCase Studies\nStone Road\nLBSÂ Distribution\nCareers\nOpen Positions\nWhy Work in Cannabis\nÂ© 2024 Headquarters. All rights reserved.\nHeadquartersÂ® is a registered trademark of Headquarters LLC",
    "http://tryheadquarters.com/headquarters-case-study-lbs": "Headquarters - Case Study - LBS\nSolutions\nFinance\nLogistics\nSales Ops\nMarketing\nCase Studies\nStone Road\nLBSÂ Distribution\nGet a Free Quote\nCareers\nGet Free Quote\nLBSÂ Distribution\nlbsdistribution.com\nLBS Distribution connects licensed California cannabis retailers with the finest cultivators, artisans, and manufacturers to create a robust supply chain of legal cannabis throughout the state. When they approached Headquarters, they didnât have efficient systems or automations in place to manage their inventory and sales. They knew this would be a roadblock to their growth. Our team swiftly put systems in place and significantly increased their efficiency.\nThe Challenge\nA lack of systems and automation to manage inventory and sales was preventing LBS from increasing their revenue. This impacted their:\nSales team\n- Reps were wasting time on admin tasks instead of selling. They were using an ERP but it was restrictive and provided no inventory insight for the sales team â meaning they didnât know what they had available to sell.\nInventory team\n- Inventory specialists were bogged down in technology they werenât familiar with, manually tracking and entering every piece of the PO, manifest, and production order process into their ERP and Metrc. This created a high risk of errors and compliance issues, increasing risk of penalties. There was also the threat of production orders being held up if there is an issue with documentation.\nAccounts Receivable (AR)\n- Invoices werenât getting paid, meaning the sales team wasnât getting paid on time! Bottom line: The companyâs existing processes were inefficient, open to risk, and stunting their growth.\nBased In\nSacramento\nCustomer since\n2020\nTeam Size\n129\nStates\n1\nBrands\n2\n22%\nIncreased monthly revenue\n100+\nHours saved for their inventory team each month\n14 Days\nReduced invoice collection speed - from 40 to 26 days\nRoss Haley\nCEO\nSales &Â Finance Productivity\nWeâre 100% more productive in sales enablement and finance operations â we didnât have anything like that before Headquarters.\n1. ERP and Inventory Management\nInventory specialists were bogged down in technology they werenât familiar with, manually tracking and entering every piece of the PO, manifest, and production order process into their ERP and Metrc. This created a high risk of errors and compliance issues, increasing risk of penalties. There was also the threat of production orders being held up if there is an issue with documentation.\nHQ took over the ERP System management and data entry, following lbs.' existing SOPs. First, we deployed a team of cannabis ERP specialists who supported their Metrc and Acumatica. They track inventory correctly to ensure compliance and leave much less room for error.\nNow, all production orders, invoices, sales orders, manifests, and purchase orders are processed quickly to keep them moving and fulfilled efficiently. HQ continues to manage their production order process, inventory management, create their outbound manifests and sales orders for products distributed through Nabis, along with other final paperwork to be sent back to LBS team (i.e., PO, summary report from ERP system, copies of manifests).\nMetrc\nHubSpot\nFront\nQuickbooks\nUpflow\nRing Central\nExcel\nAcumatica\n2. ERP and Sales Team Integration\nReps were wasting time on admin tasks instead of selling. They were using an ERP but it was restrictive and provided no inventory insight for the sales team â meaning they didnât know what they had available to sell.\nIt was crucial to give the sales team better inventory insight. Our sales specialist gave the clientâs sales team ERP access, so reps can easily see WHAT they have to sell and WHO they need to sell it to! We then helped the client:\n1. Start their leads list based on which retailer is best fit for certain products\n2. Called all retailers to gather buyer contact information at each one\n3. Build out their HubSpot CRM\n4. Import leads into HubSpot and create segments for personalized outreach\nAdditionally, our sales ops specialist set up a weekly dashboard for senior management to track revenue and sales rep activity.\n3. ARÂ Service\nInvoices werenât getting paid, meaning the sales team wasnât getting paid on time! Bottom line: The companyâs existing processes were inefficient, open to risk, and stunting their growth.\nTo combat slow collections, HQ provided our AR service to collect payments on open invoices. We used our database of retailers to speak to the best person at each retailer to get the client paid timely.\nAll AR data is now up-to-date and categorized properly in their accounting system. Plus, the sales team has an accurate view of their performance since invoices are being paid on time!\nThe Results\nHQâs comprehensive service saved lbs. significant time and money, increasing their profitability. Now, their team can focus on their actual jobs and what they do best â no more wasting time on ERP management and tedious administrative tasks!\nâ\nâ\nâ\nThe ERP shows what is in inventory, reps can spend more time selling\nâ\nâ\nReps spend less time tracking inventory themselves\nâ\nâ\nManagers spend less time researching new prospects\nâ\nAnd we did it all with a 0 increase in headcount, saving them hundreds of thousands in the long run!\nInterested in this kind of support for your team?\nFill out\nthis short form\nand we'll reach out to schedule a free scoping call.\nSolutions\nFinance\nLogistics\nSales Ops\nMarketing\nCase Studies\nStone Road\nLBSÂ Distribution\nCareers\nOpen Positions\nWhy Work in Cannabis\nÂ© 2024 Headquarters. All rights reserved.\nHeadquartersÂ® is a registered trademark of Headquarters LLC",
    "http://tryheadquarters.com/hq-get-free-quote": "Headquarters | Get a Free Quote | Trusted By Over 10 Leading Cannabis Companies\ntryheadquarters.com\nTrusted By Over 15 Leading Cannabis Companies\nWe provide transparent staffing and services to help growing cannabis businesses scale at a fraction of the cost.",
    "http://tryheadquarters.com/careers": "HQ - Careers\nSolutions\nFinance\nSales Ops\nMarketing\nCase Studies\nStone Road\nLBSÂ Distribution\nGet a Free Quote\nWhy Work In Cannabis\nGet Free Quote\nOpen Positions\nGrow your career in the emerging cannabis market\nWe are a global, remote start-up that partners with US cannabis companies to provide support in finance, sales & logistics. Our team's unique expertise enables us to drive innovation in this rapidly developing industry.\nWhy work on cannabis?\nSupercharge your career\nOpen Positions\nWe offer competitive salary and benefits packages, as well as opportunities to advance your career.\nAssistant to the CEO\nREMOTE\nSerbia Â â¢ Â Internal Team Â â¢ Â Full Time\nAccounts Receivable Manager\nHYBRID\nLos Angeles Â â¢ Â Finance Â â¢ Â Full Time\nAccounts Receivable Associate\nREMOTE\nSerbia / Mexico Â â¢ Â Finance Â â¢ Â Full Time\nRefer a Friend\nEARNÂ AÂ BONUS\nFill out a short form\nJoin our candidate database\nCan't find the role that suits you?\nSend your resume to\nheadquarters@jobs.workablemail.com\nand we'll keep you in mind for future opportunities that match your qualifications.\nThe Perks\nWork From Home\nRapidly Growing, HighÂ Potential Industry\nCareer Growth & Development Advisor\nBest tech stack\nSalary Increase Based on Performance\nWork with top companies in the sector\nPTOÂ & Holidays\nPrivate Health Insurance\n\"I love working at HQ because of the emerging market we are part of, and the opportunities for career development. The cannabis industry is still young, and the potential for growth and innovation is enormous.\nMilos Milovanovic\nMarketing Manager\n\"Working at HQ has significantly improved my skills in communication and priority management. The support and learning opportunities here are unparalleled. And - who doesn't love fun daily meetings to start the day with?!\"\nAreej Al-hussain\nLogistics Associate\nFrequently Asked Questions\nWhat happens after IÂ apply?\nOur team will contact you within 2-3 days. You will either receive an invitation for the initial interview along with a candidate process document for the role you applied for, or a formal rejection letter through which we will ask you whether you would like us to consider you for future opportunities you might be a good fit for. The candidate process document you will receive will illustrate all of the steps of the interview process, as well as the technical assessment you will need to do. Make sure to upload your CV in English and to double check whether you have entered your email address correctly before hitting the submit button. We also advise you to check your spam page if it seems we have not gotten back to you for a longer period of time.\nHow can IÂ learn more about Headquarters?\nTo learn more about our company, we recommend visiting our homepage and exploring our \"Services\" and \"Customer Stories\"Â pages. Additionally, you can follow us on social media to stay up-to-date on our latest news, events, and job openings. If you would like more in-depth information about our company, please reach out to us via email on\njobs@headquarters.co\nHow do you manage payroll?\nYou receive your monthly salary on the last day of the given month. The payroll process depends on the contractor agreement you will have with the company.\nDo you provide equipment?\nAt this time, we provide equipment to employees who have been with the company for more than three months (official probation period). We will assess your equipment and internet speed before sending the offer (in the midst of the interview process) and if it is not adequate for the role and for working remotely, we will notify you.\nWhat kind of support does Headquarters provide?\nOur company supports multiple client sectors in the cannabis space. Our expertise lies in Accounts Payable and Accounts Receivable management, Sales Operations administration, Marketing and Logistics.\nHow long does it take to get hired at Headquarters?\nOn average, it takes 4-5 weeks for a candidate to receive a job offer from our company. This is due to the time needed to gather all of the hiring manager's (internal, as well as external) feedback. Once the offer is sent, it depends on your notice period on what your start date will be. Our onboarding process is one month long, and during that time, you will get a chance to acquaint yourself with our policies, operations, and most importantly, your new teammates.\nCan I get notified for future job opportunities?\nYes, send us your CV at jobs@headquarters.co and we'll email you once a suitable position opens up.\nSolutions\nFinance\nLogistics\nSales Ops\nMarketing\nCase Studies\nStone Road\nLBSÂ Distribution\nCareers\nOpen Positions\nWhy Work in Cannabis\nÂ© 2024 Headquarters. All rights reserved.\nHeadquartersÂ® is a registered trademark of Headquarters LLC",
    "http://tryheadquarters.com/why-work-in-cannabis": "Why Work in Cannabis\nSolutions\nFinance\nLogistics\nSales Ops\nMarketing\nCase Studies\nStone Road\nLBSÂ Distribution\nGet a Free Quote\nCareers\nGet Free Quote\nWhy Work In Cannabis\nBe at the forefront of a radical new industry.\nCannabis is booming. This is your moment to define the processes for a new sector with untapped potential. Legalized cannabis is a new chapter with limitless opportunity â now is the time to leave your mark.\nView open positions\nWhy work in cannabis?\nAll eyes are on cannabis\nThe narrative around cannabis is changing, and all eyes are on its growth. Don't just take our word for it.\nThe perks of working in the cannabis industry\nThe industry is growing at an alarming rate. In 2021, there were more cannabis employees than hairstylists, barbers, and cosmetologists combined in the United States.\nWhat's the best industry to work in? Here's why we say cannabis\nFrom 2017 to 2021, the cannabis industry saw 161% job growth. Cannabis continues to break records as the fastest growing industry in the US.\nWhy working in cannabis is worth the grind\nGreen Thumb Industries CEO Ben Kovler highlights the impact that hard-working individuals can have in the cannabis industry.\nBooming cannabis industry sees new store openings on 420\nItâs April 21, 2023, and the cannabis industry is booming. The future looks bright, and these new stores are just the beginning.\nMarijuana market size to grow by $48 billion between 2022-2027\nThe marijuana market size is projected to grow by USD 48,197.88 million between 2022 and 2027, progressing at a CAGR of 24.86% during the forecast period.\nAI, cannabis & health food among the 9 industries with promise for business owners this year\nIn the past two years, several states have passed legislation to legalize cannabis for recreational use, including New York and New Jersey.\nCannabis retail sales to surpass $33.5B in 2023, topping chocolate, eggs and craft beer\nAs more and more states make medical and recreational cannabis legal, the drug's retail sales numbers are hitting new heights.\nEven With Downturn, Cannabis Market Is Still Attractive To Investors Says New Report\nInvestors continue to eye the cannabis industry for its boundless potential, as global markets like Australia and Malta soar.\n$20B\nCannabis industry size in the US.\n145M\nLive in a state where cannabis is legal.\n+50%\nNew legalized states in the past two years alone.\nWhy Headquarters?\nGain expertise and experience in all industry-standard platforms\nWeedMaps\nUpflow\nPython\nLeafLink\nQuickbooks\nMJ Freeway\niHeartJane\nGoogle Analytics\nDistru\nBlaze\nAlpineIQ\nWeedMaps\nUpflow\nPython\nLeafLink\nQuickbooks\nMJ Freeway\niHeartJane\nGoogle Analytics\nDistru\nBlaze\nAlpineIQ\nWurk\nXero\nRingCentral\nNetsuite\nAdobe\nNabis\nLeaftrade\nHeadset\nDutchie\nCanix\nAcumatica\nWurk\nXero\nRingCentral\nNetsuite\nAdobe\nNabis\nLeaftrade\nHeadset\nDutchie\nCanix\nAcumatica\nSpringbig\nSysPRO\nNotion\nFreshbooks\nOnFleet\nMetrc\nInfoPlus\nFlowhub\nCultivera\nBackbone\nSpringbig\nSysPRO\nNotion\nFreshbooks\nOnFleet\nMetrc\nInfoPlus\nFlowhub\nCultivera\nBackbone\nGet paired with a learning / dev advisor to give youÂ direction\nAll new HQÂ employees are paired with a mentor, who will provide guidance to ensure a smooth start to their career.\nWork with the largest companies, right from dayÂ one.\nOur clients include Nabis, Kiva, Urbn Leaf, and Eaze. The work you do will make an impact in the cannabis industry from the moment you'reÂ ready.\nPerks for all employees\nEquipment\nTeam buildingÂ events\nPrivate health Insurance\nPaid time off\nCannabis collections\nAccounting\nSales ops\nZero BS. Real impact.\n$120,000,000 cash collected for Nabis in 2023.\nHeadquarters works extensively with the Nabis team to manage inbound cashflow, providing its clients with accurate remittance reports organized from a variety of sources.\nLearn more\nZero BS. Real impact.\nEaze has been using Headquarters accounting services since 2021\nEaze has been using Headquarters shared accounting services since 2021 and we've maintained a 100% accuracy on payment records in QBO.\nLearn more\nZero BS. Real impact.\nStone Road saves $20,000/month with Headquarters\nWe support Stone Road in daily sales order entry, inventory reporting, SKU & COA label creation, and sales collateral design while allowing the senior management to focus on what they do best â sell their product.\nLearn more\nSolutions\nFinance\nLogistics\nSales Ops\nMarketing\nCase Studies\nStone Road\nLBSÂ Distribution\nCareers\nOpen Positions\nWhy Work in Cannabis\nÂ© 2024 Headquarters. All rights reserved.\nHeadquartersÂ® is a registered trademark of Headquarters LLC"
  },
  "doc_id": "39b7d9c6-4f7e-52f3-82e6-cfd80ba3b352"
}