{
  "url": "http://vlcm.com",
  "timestamp": 1735462461.6802773,
  "text_by_page_url": {
    "https://www.vlcm.com/about-us": "IT Solutions - About Us - How We Get IT Right | VLCM\nHome\nAbout\nCelebrating 40 Years\nAbout Us\nContact Us\nCareers\nAwards\nHistory\nOur Team\nOnline Store\nSustainability\nServices\nCommunication Technologies\nCybersecurity Services\nEnterprise Tech + Data\nProfessional IT Services\nHardware Repair\nSolutions\nAudiovisual\nData Center\nBackup & Recovery\nCloud\nHyperconverged Infrastructure\nServers\nStorage\nVirtualization\nEnd-User Computing\nMobile Computing/Printing\nNetworking\nPhysical Security\nUnified Communications\nPartners\nEvents\nEvents\nOn-Demand Webinars\nSupport\nSupport\nAudiovisual\nVoice\nPhysical Security\nResources\nBlog\nCustomer Success Stories\nContact Us\nGet to know VLCM - About Us\nWe Get IT Right\nVLCM is the ideal partner for organizations and businesses of all sizes looking to achieve their goals through cutting-edge technologies. With over 25 highly skilled engineers, we offer comprehensive IT solutions that cater to the full spectrum of your needs, including networking, storage,\ncybersecurity\n, big data, cloud, communications, end-user computing, and beyond.\nAt VLCM, we are committed to keeping you informed about the latest IT technologies through\nin-person and virtual events\n, as well as through our\nstrategic partnerships\nwith both established and emerging technology vendors.\nWe take pride in being recognized as\nUtah's Biggest IT Solution Provider by CRN\n, and our in-house experts in Professional IT, Cybersecurity,\nPhysical Security\n, and\nCommunication Technologies\nare always ready to customize the right solutions to fit your business environment. Choose VLCM for unmatched expertise and tailored IT solutions that will propel your organization forward.\nHome\nAbout Us\nHow we do IT\nRelationships Set Us Apart and Above the Rest\nRelationships with vendors, industry partners, and repeat customers are the backbone of VLCM’s success. In fact, many of our clients feel as though they have the entire manufacturer supporting their operations because our vendor relationships are so solid.\nWe Are an Extension of\nYour IT Team\nAs a strategic partner to your business, we work through the research, design, and implementation phase to ensure your experience and solution reflect the knowledge of someone on your team. When our clients have the slightest hint of technology trouble, they call us because they know we have their best interests in mind.\nGetting IT Right: Real People, Real Solutions\nOur experience and expertise mean that we have the hindsight and foresight to know which technology is innovative and to lead our customers with technology that will help you be more efficient and effective in what you do.\nWe Are Generous with Everything We Know\nOur focus is not only to design an IT environment that fits your organization but also to deliver the proper education and tools you need to carry out the most productive and sensible solutions for your users. Come learn with and from us.\nHow exactly do you pronounce 'VLCM'?\nV.L.C.M.\nVolcom\nValcom\nWhere To Start\nEnterprise Technology + Data\nPlan and deploy the right server, storage, and networking solutions for your organization with the right availability, compatibility, reliability, scalability, performance, and security in mind.\nScale Up\nProfessional IT Services\nWith over 25 certified engineers, VLCM's award-winning IT services are designed to outfit your organization with the exact technology it needs to grow and flourish.\nCheck It Out\nCybersecurity\nAt VLCM we take a holistic approach to cybersecurity, and our cybersecurity solutions architects have industry leading expertise to design, implement and support cybersecurity solutions that meet our customers unique needs.\nLearn More\n\"\nVLCM moved our IT operations over the weekend and did a superb job! They even worked around the challenges some other vendors created. They made time for some followup work during a very busy week. I appreciate the expertise and commitment to the job.\n\"\n- Dave E.,\nSorenson Communications\nJoin the VLCM Team\nWorking at VLCM has its perks. As a Salt Lake Tribune 2022 and 2023 Top Work Place winner, we tribute our success in the workplace to family-friendly work-life balance and promoting an open and supportive environment. With our dedication to Getting IT Right, cultivating lifelong customers, and taking care of our VLCM team, we are poised to continue our growth into 2024 and beyond.\nAbout\nAbout Us\nContact Us\nCareers\nEvents\nAwards\nHistory\nPartners\nOur Team\nWebinars\nServices\nCommunication Technologies\nCybersecurity\nEnterprise Tech + Data\nProfessional IT Services\nHardware Repair\nSolutions\nAudiovisual\nData Center\nComputers\nMobile computing/Printing\nNetworking\nPhysical Security\nUnified Communications\nContact Us\n852 E. Arrowhead Lane, Salt Lake City, UT 84107\nPhone: 1-800-817-1504\nEmail: contacts@vlcm.com\nAbout\nAbout Us\nContact Us\nCareers\nEvents\nHistory\nPartners\nTeam\nWebinars\nServices\nCommunication Technologies\nCybersecurity\nEnterprise Tech + Data\nProfessional IT Services\nHardware Repair\nSolutions\nAudiovisual\nData Center\nComputers\nMobile computing/Printing\nNetworking\nPhysical Security\nUnified Communications\nContact Us\n852 E. Arrowhead Lane, Salt Lake City, UT 84107\nPhone : 1-800-817-1504\nEmail : contacts@vlcmtech.com\nCopyright VLCM   |  All Rights Reserved  |\nPrivacy",
    "https://www.vlcm.com/contact-us": "Contact VLCM - Get in Touch With Us Today | VLCM\nHome\nAbout\nCelebrating 40 Years\nAbout Us\nContact Us\nCareers\nAwards\nHistory\nOur Team\nOnline Store\nSustainability\nServices\nCommunication Technologies\nCybersecurity Services\nEnterprise Tech + Data\nProfessional IT Services\nHardware Repair\nSolutions\nAudiovisual\nData Center\nBackup & Recovery\nCloud\nHyperconverged Infrastructure\nServers\nStorage\nVirtualization\nEnd-User Computing\nMobile Computing/Printing\nNetworking\nPhysical Security\nUnified Communications\nPartners\nEvents\nEvents\nOn-Demand Webinars\nSupport\nSupport\nAudiovisual\nVoice\nPhysical Security\nResources\nBlog\nCustomer Success Stories\nContact Us\nContact VLCM - Get in Touch\nTalk to a member of our sales team\nGetting IT Right starts with a conversation. Simply fill out the following form, give us a call at\n1-800-817-1504\n, or find a VLCM office nearest you in the list below to get started.\nGeneral Inquiries\nWe help organizations of all shapes and sizes Get IT Right across the United States. Call or email us to get in touch with a VLCM Representative.\n1-800-817-1504\nsales@vlcm.com\nVLCM Office Locations\nVLCM Headquarters, Utah\n852 East Arrowhead Lane\nSalt Lake City, UT 84107\n801-262-9277\nsales@vlcm.com\nHardware Repair, Utah\n852 East Arrowhead Lane\nSalt Lake City, UT 84107\n801-262-9277\nhelpdesk@vlcm.com\nBoise, Idaho\n963 South Orchard Street\nBoise, ID 83705\n208-577-7172\nsales@vlcm.com\nIdaho Falls, Idaho\n901 Pier View Drive, Suite 204-2\nIdaho Falls, ID 83402\n801-874-6027\nkcramer@vlcm.com\nAlbuquerque, New Mexico\n4135 Jackie Road, Suite 108\nRio Rancho, NM 87124\n505-404-3069\nsales@vlcm.com\nSt. George, Utah\n435-574-5232\nsales@vlcm.com\nSend us a message\nHow can we help you? Tell us a little about yourself and a member of our sales team will get back to you within 1 business day.\nAbout VLCM\nVLCM is a leading provider of IT solutions and services, with a proven track record of helping businesses of all sizes achieve their goals through technology. Our team of experts is committed to delivering customized solutions that meet the unique needs of each of our clients, from networking services to cybersecurity and beyond. At VLCM, we understand that technology is constantly evolving, and we work hard to stay ahead of the curve to provide our clients with the latest and greatest tools and services. By partnering with VLCM, you can gain a competitive edge and stay ahead of the curve in today's fast-paced digital landscape. So why wait? Contact us today to learn more about how we can help your business thrive.\nAbout\nAbout Us\nContact Us\nCareers\nEvents\nAwards\nHistory\nPartners\nOur Team\nWebinars\nServices\nCommunication Technologies\nCybersecurity\nEnterprise Tech + Data\nProfessional IT Services\nHardware Repair\nSolutions\nAudiovisual\nData Center\nComputers\nMobile computing/Printing\nNetworking\nPhysical Security\nUnified Communications\nContact Us\n852 E. Arrowhead Lane, Salt Lake City, UT 84107\nPhone: 1-800-817-1504\nEmail: contacts@vlcm.com\nAbout\nAbout Us\nContact Us\nCareers\nEvents\nHistory\nPartners\nTeam\nWebinars\nServices\nCommunication Technologies\nCybersecurity\nEnterprise Tech + Data\nProfessional IT Services\nHardware Repair\nSolutions\nAudiovisual\nData Center\nComputers\nMobile computing/Printing\nNetworking\nPhysical Security\nUnified Communications\nContact Us\n852 E. Arrowhead Lane, Salt Lake City, UT 84107\nPhone : 1-800-817-1504\nEmail : contacts@vlcmtech.com\nCopyright VLCM   |  All Rights Reserved  |\nPrivacy",
    "https://www.vlcm.com/team": "Meet the VLCM Team - Learn More About US | VLCM\nHome\nAbout\nCelebrating 40 Years\nAbout Us\nContact Us\nCareers\nAwards\nHistory\nOur Team\nOnline Store\nSustainability\nServices\nCommunication Technologies\nCybersecurity Services\nEnterprise Tech + Data\nProfessional IT Services\nHardware Repair\nSolutions\nAudiovisual\nData Center\nBackup & Recovery\nCloud\nHyperconverged Infrastructure\nServers\nStorage\nVirtualization\nEnd-User Computing\nMobile Computing/Printing\nNetworking\nPhysical Security\nUnified Communications\nPartners\nEvents\nEvents\nOn-Demand Webinars\nSupport\nSupport\nAudiovisual\nVoice\nPhysical Security\nResources\nBlog\nCustomer Success Stories\nContact Us\nGet to Know the VLCM Team\nMeet our team - the experts who help businesses like yours\nGet IT Right for over 40 years\n.\nAt VLCM, we are passionate about technology and helping businesses like yours stay ahead of the game. Our team of IT experts takes great pride in delivering exceptional service and value to our clients, ensuring that their technology needs are not just met but exceeded.\nConnect with our management team on LinkedIn and learn how we can help you achieve your IT goals and experience the benefits of partnering with a company with decades of experience in the industry.\nHome\nVLCM Team\nRichard Linton\nFounder\nView on LinkedIn\nMichael Linton\nCEO\nView on LinkedIn\nBrandon Madsen\nPresident\nView on LinkedIn\nJosh Linton\nCTO\nView on LinkedIn\nSteve Hansen\nCFO\nPhilip Kemp\nVP of Cybersecurity\nView on LinkedIn\nDarci Piz\nVP of Marketing\nView on LinkedIn\nJeremy Morgan\nDirector of Outside Sales\nView on LinkedIn\n\"I have been working with VLCM for years. They are a great resource for discovering new technology and gaining better insight to existing tech. They have never failed to deliver on design and implementation of hardware or software that we have purchased through them. They are a great compliment to our team.\n\"\n- Scott Samowitz,\nJacobsen Construction\nAbout\nAbout Us\nContact Us\nCareers\nEvents\nAwards\nHistory\nPartners\nOur Team\nWebinars\nServices\nCommunication Technologies\nCybersecurity\nEnterprise Tech + Data\nProfessional IT Services\nHardware Repair\nSolutions\nAudiovisual\nData Center\nComputers\nMobile computing/Printing\nNetworking\nPhysical Security\nUnified Communications\nContact Us\n852 E. Arrowhead Lane, Salt Lake City, UT 84107\nPhone: 1-800-817-1504\nEmail: contacts@vlcm.com\nAbout\nAbout Us\nContact Us\nCareers\nEvents\nHistory\nPartners\nTeam\nWebinars\nServices\nCommunication Technologies\nCybersecurity\nEnterprise Tech + Data\nProfessional IT Services\nHardware Repair\nSolutions\nAudiovisual\nData Center\nComputers\nMobile computing/Printing\nNetworking\nPhysical Security\nUnified Communications\nContact Us\n852 E. Arrowhead Lane, Salt Lake City, UT 84107\nPhone : 1-800-817-1504\nEmail : contacts@vlcmtech.com\nCopyright VLCM   |  All Rights Reserved  |\nPrivacy",
    "https://www.vlcm.com/communication-technology-services": "Integrated Solutions in Audiovisual, Telecom, and Physical Security\nHome\nAbout\nCelebrating 40 Years\nAbout Us\nContact Us\nCareers\nAwards\nHistory\nOur Team\nOnline Store\nSustainability\nServices\nCommunication Technologies\nCybersecurity Services\nEnterprise Tech + Data\nProfessional IT Services\nHardware Repair\nSolutions\nAudiovisual\nData Center\nBackup & Recovery\nCloud\nHyperconverged Infrastructure\nServers\nStorage\nVirtualization\nEnd-User Computing\nMobile Computing/Printing\nNetworking\nPhysical Security\nUnified Communications\nPartners\nEvents\nEvents\nOn-Demand Webinars\nSupport\nSupport\nAudiovisual\nVoice\nPhysical Security\nResources\nBlog\nCustomer Success Stories\nContact Us\nVLCM Communication Technology (VCT) Services\nThe VLCM Communication Technologies Team specializes in end-to-end solutions that elevate your business communication infrastructure to the next level. From cutting-edge audiovisual technologies to robust phone systems and fortified physical security measures, we provide a comprehensive approach to information transfer and protection. Our expertise lies in delivering tailored solutions designed to meet your unique business requirements, ensuring seamless and secure communication across your enterprise. Trust VLCM for a communication ecosystem that stands up to the demands of modern business.\nHome\nVLCM Communication Technology Services\nWhy VLCM VCT?\nNational Reach\nWith service capabilities that span the entire United States, VLCM delivers consistent quality and expertise irrespective of your location. Our national presence enables us to offer scalable solutions that adapt to your business landscape, ensuring reliability and performance coast-to-coast.\nEngineering Expertise\nVLCM boasts dedicated audiovisual, physical security, and telecom engineering teams. Our specialized experts are at your service to help you meticulously plan and successfully deploy tailored solutions that meet your unique communication needs.\nBuilding Lasting Relationships\nVLCM is committed to a customer-centric approach that goes beyond transactional interactions. We focus on fostering long-term partnerships by understanding your business goals, providing ongoing support, and adapting to your evolving needs for sustainable growth and success.\nAudiovisual Services\nVLCM addresses critical business needs such as enhancing communication, boosting employee engagement, and optimizing operational efficiency through tailored audiovisual solutions. Our specialized engineers guide you from initial consultation to successful deployment, ensuring that the implemented technologies align with your objectives. By choosing VLCM, you benefit from expert guidance and support, maximizing your audiovisual investment.\nSolutions:\nRoom automation\nProjectors\nAudio systems\nDigital signage\nCommunication tools\nConference rooms, classrooms, auditoriums, collaboration spaces, lobbies, and more\nTelecom Services\nVLCM simplifies and elevates your business communication through a comprehensive range of unified communications offerings. With our extensive portfolio, we tackle key communication challenges such as reliability, scalability, and streamlined collaboration.\nSolutions:\nVoIP systems\nVideo conferencing\nTelco\nInternet connectivity and redundancy\nProfessional cabling services\nWeb meeting collaboration\nCall center solutions\nUCaaS\nOn-premises, cloud, and hybrid solutions\nPhones, headsets, cameras, microphones\nPhysical Security Services\nWith VLCM's physical security solutions, you gain more than just surveillance and access control; you secure peace of mind. Our tailored strategies and state-of-the-art technologies provide an unbreachable line of defense for your assets, employees, and customers. Partner with VLCM to achieve security that's not just robust but also cost-effective, allowing you to focus on your core business operations.\nSolutions\nAccess control\nVideo surveillance\nAlarms\nIntrusion detection\nHelpful Resources\nVLCM's Physical Security Line Card\nTake the first step towards enhancing your physical security by exploring our comprehensive line card. With access control, video surveillance, intrusion detection, and alarm systems, we've got you covered. Download to learn more and secure your business today.\nVerkada’s powerful new tools that better protect people and places\nExplore Verkada's latest product updates, including Verkada Intercom, Next-Generation Bullet Cameras, Horn Speaker, and Enhanced Command Interface, enhancing image quality, analytics, and user experience.\nKen Garff saves time + money with VLCM Communication Technologies\n\"If you're looking for a true all-in-one communication vendor, I would encourage anybody to see what VLCM can do for them.\"\nHow West Haven City Council used Audio Visual Technology to connect and inform their citizens - both local and remote\n“We want to be as cost-effective and cost-conscious as possible for the cities we work with.”\nVLCM and RingCentral Guide a County in Utah to Cloud Migration Success\nDiscover how a Utah county and VLCM successfully migrated to RingCentral, enhancing communication and resilience.\nHow VLCM Saved a National Child Care Provider $1M in Dial Tone Costs\nLearn how VLCM consolidated phone infrastructure across 150 sites, reducing support needs and improving communication capabilities for a US-based childcare provider.\nSchedule a Consultation\nTake the next step in optimizing your communication strategies. Fill out our form or give us a call at 1-800-817-1504 to schedule a consultation with one of VLCM's VCT engineers. Let's work together to build a tailored solution that meets your business needs. Following form submission, you will receive a confirmation email of your request from VLCM.\nAbout\nAbout Us\nContact Us\nCareers\nEvents\nAwards\nHistory\nPartners\nOur Team\nWebinars\nServices\nCommunication Technologies\nCybersecurity\nEnterprise Tech + Data\nProfessional IT Services\nHardware Repair\nSolutions\nAudiovisual\nData Center\nComputers\nMobile computing/Printing\nNetworking\nPhysical Security\nUnified Communications\nContact Us\n852 E. Arrowhead Lane, Salt Lake City, UT 84107\nPhone: 1-800-817-1504\nEmail: contacts@vlcm.com\nAbout\nAbout Us\nContact Us\nCareers\nEvents\nHistory\nPartners\nTeam\nWebinars\nServices\nCommunication Technologies\nCybersecurity\nEnterprise Tech + Data\nProfessional IT Services\nHardware Repair\nSolutions\nAudiovisual\nData Center\nComputers\nMobile computing/Printing\nNetworking\nPhysical Security\nUnified Communications\nContact Us\n852 E. Arrowhead Lane, Salt Lake City, UT 84107\nPhone : 1-800-817-1504\nEmail : contacts@vlcmtech.com\nCopyright VLCM   |  All Rights Reserved  |\nPrivacy",
    "https://www.vlcm.com/enterprise-it-services": "Enterprise Technology + Data Services | Networking, Infrastructure, Cloud\nHome\nAbout\nCelebrating 40 Years\nAbout Us\nContact Us\nCareers\nAwards\nHistory\nOur Team\nOnline Store\nSustainability\nServices\nCommunication Technologies\nCybersecurity Services\nEnterprise Tech + Data\nProfessional IT Services\nHardware Repair\nSolutions\nAudiovisual\nData Center\nBackup & Recovery\nCloud\nHyperconverged Infrastructure\nServers\nStorage\nVirtualization\nEnd-User Computing\nMobile Computing/Printing\nNetworking\nPhysical Security\nUnified Communications\nPartners\nEvents\nEvents\nOn-Demand Webinars\nSupport\nSupport\nAudiovisual\nVoice\nPhysical Security\nResources\nBlog\nCustomer Success Stories\nContact Us\nEnterprise Technology + Data Services\nNavigating the complexities of modern enterprise technology can leave businesses grappling with inefficiencies, security risks, and regulatory challenges. VLCM understands these concerns and offers a robust suite of services in Networking, Infrastructure, and Cloud solutions to address them. By focusing on custom-fit technology strategies and end-to-end support, we provide value that goes beyond mere implementation—aligning IT capabilities with business objectives. Trust VLCM for \"Getting IT Right,\" ensuring your technology is an asset, not an obstacle.\nHome\nEnterprise Technology + Data Services\n5 Ways VLCM Gets IT Right\nBuilding Lasting Relationships\nOur approach prioritizes mutual trust and respect with both vendors and customers. With VLCM, partnership means a shared journey toward success and happiness for all involved.\nExpert Engineers\nOur engineers stay ahead of the technology curve to deliver exceptional IT solutions. Our expertise ensures that we tackle your challenges effectively, aligning solutions with your business needs.\nGenerous with Knowledge\nWe foster an ecosystem of learning and collaboration for IT professionals. From\nwebinars to lunch-and-learns\n, we provide valuable resources to keep you updated and competitive in the industry.\nForging Trusted Partnerships\nOur\nvendor partnerships\nare chosen carefully and maintained meticulously, ensuring that you benefit from tailored solutions that genuinely fit your unique needs.\nUnparalleled Customer Support\nExceptional support is not an afterthought but a commitment. We provide proactive and comprehensive service to ensure minimal downtime and efficient operations for your business.\nNetworking Services\nFor businesses seeking robust and secure networking solutions, VLCM offers a comprehensive suite of services. From tailored strategy and compliance review to deployment and ongoing support, our expertise ensures an optimized network that aligns with your specific needs. Choose VLCM for networking that strengthens, rather than hinders, your business operations.\nOur Top Specializations:\nHPE Aruba Networking, Arista Networks, Palo Alto Networks, Cisco, Meraki, Fortinet, Juniper, and more.\nConsulting services:\nTailored network strategies to meet your unique needs.\nCompliance Specification Review:\nEnsure you meet industry standards.\nDesign:\nOptimal network design for enhanced performance.\nDeployment Services:\nEfficient and secure network rollouts.\nEquipment Configuration:\nSetting you up for immediate functionality.\nSupport Agreements:\nBoth proactive and reactive options available.\nEmergency Outage Assessment and Repair:\nMinimize downtime during critical events.\nNetwork Assessments/Audits/Documentation:\nComprehensive evaluation for informed decision-making.\nNetwork Security Consulting and Review:\nExpert insights into your network vulnerabilities.\nInfrastructure Services\nVLCM delivers a comprehensive range of infrastructure services designed to meet your organization's specific requirements. From initial planning and compliance review to deployment and security consulting, we offer full-scope solutions that align with your operational objectives.\nOur Top Specializations:\nVMWare, HPE,\nand more.\nConsulting Services:\nCloud and infrastructure planning.\nCompliance Review:\nRegulatory assessment and guidance.\nDesign:\nEfficient infrastructure for your needs.\nDeployment Services:\nSeamless transition to new systems.\nEquipment Configuration:\nReady-to-use setups.\nSupport Agreements:\nCustomizable plans for ongoing support.\nInfrastructure Assessments/Audits/Documentation:\nFull-scope evaluations for smart choices.\nInfrastructure Security Consulting and Review:\nIdentifying and remedying potential risks.\nCloud Services\nLeverage the power of Microsoft's cloud capabilities with VLCM's specialized services. From consulting to deployment, we offer tailored solutions that harness Microsoft's cloud technologies to achieve your business goals. Benefit from our expertise in maximizing efficiency, security, and productivity in Microsoft cloud environments.\nOur Top Microsoft Specializations:\nSpecializing in Microsoft\nOffice\n,\nActive Directory,\nAzure\nServices\n,\nInTune\n,\nand\nOn-Prem\nMicrosoft\n.\nConsulting Services:\nGuidance on maximizing Microsoft technologies.\nCompliance Review:\nStreamlining regulatory conformity.\nDesign:\nBuilding Microsoft-based solutions for your operations.\nDeployment Services:\nFast and efficient implementation of Microsoft tools.\nEquipment Configuration:\nImmediate usability and maximum productivity.\nSupport Agreements:\nOptions for both proactive and reactive support.\nAssessments/Audits/Documentation:\nDetailed examinations for effective strategy.\nSecurity Consulting and Review:\nEnsuring the integrity of your Microsoft applications.\nIncident Response and Mitigation Assistance:\nRapid action for critical situations.\nMore From VLCM\nCustomer Success Story Library\nRead how VLCM Gets IT Right for our customers.\nEvents for IT Professionals\nView our upcoming in-person events and webinars.\nBe More Cyber Secure\nProtect your data and your business by working with the best and brightest cybersecurity architects and vendors.\nVLCM Line Card\nCheck out our line card for a short list of our partners and solutions.\nSchedule a Consultation\nTake the next step in optimizing your enterprise technology and data strategies. Fill out our form or give us a call at 1-800-817-1504 to schedule a consultation with one of VLCM's expert engineers. Let's work together to build a tailored solution that meets your business needs. Following form submission, you will receive a confirmation email of your request from VLCM.\nAbout\nAbout Us\nContact Us\nCareers\nEvents\nAwards\nHistory\nPartners\nOur Team\nWebinars\nServices\nCommunication Technologies\nCybersecurity\nEnterprise Tech + Data\nProfessional IT Services\nHardware Repair\nSolutions\nAudiovisual\nData Center\nComputers\nMobile computing/Printing\nNetworking\nPhysical Security\nUnified Communications\nContact Us\n852 E. Arrowhead Lane, Salt Lake City, UT 84107\nPhone: 1-800-817-1504\nEmail: contacts@vlcm.com\nAbout\nAbout Us\nContact Us\nCareers\nEvents\nHistory\nPartners\nTeam\nWebinars\nServices\nCommunication Technologies\nCybersecurity\nEnterprise Tech + Data\nProfessional IT Services\nHardware Repair\nSolutions\nAudiovisual\nData Center\nComputers\nMobile computing/Printing\nNetworking\nPhysical Security\nUnified Communications\nContact Us\n852 E. Arrowhead Lane, Salt Lake City, UT 84107\nPhone : 1-800-817-1504\nEmail : contacts@vlcmtech.com\nCopyright VLCM   |  All Rights Reserved  |\nPrivacy",
    "https://www.vlcm.com/it-services": "Professional IT Services and Consultation | Get IT Right | VLCM\nHome\nAbout\nCelebrating 40 Years\nAbout Us\nContact Us\nCareers\nAwards\nHistory\nOur Team\nOnline Store\nSustainability\nServices\nCommunication Technologies\nCybersecurity Services\nEnterprise Tech + Data\nProfessional IT Services\nHardware Repair\nSolutions\nAudiovisual\nData Center\nBackup & Recovery\nCloud\nHyperconverged Infrastructure\nServers\nStorage\nVirtualization\nEnd-User Computing\nMobile Computing/Printing\nNetworking\nPhysical Security\nUnified Communications\nPartners\nEvents\nEvents\nOn-Demand Webinars\nSupport\nSupport\nAudiovisual\nVoice\nPhysical Security\nResources\nBlog\nCustomer Success Stories\nContact Us\nGet IT Right with VLCM's Professional IT Services\nAchieve better business outcomes with our expert consultative services\nAt VLCM, we provide professional IT services to help businesses achieve better outcomes. Our expert consultants work closely with you to develop customized IT solutions aligned with your business objectives. Our consultative approach helps identify opportunities to leverage technology for improved operations, reduced costs, and enhanced competitive advantage.\nContact us\nto learn more about how we can help your business succeed.\nHome\nVLCM's Professional IT Services\nAward-Winning IT Services\nSentinelOne Technical Star Award, VLCM VP of Cybersecurity Philip Kemp\nNetSPI 2022 US Partner of the Year\nAruba Networks 2020 + 2023 West Region Partner of the Year\nCRN Biggest Solution Provider: Utah\n4 Reasons to Partner with VLCM\nExpertise\nOur team of IT professionals has the knowledge and expertise to provide customized solutions that meet your business's unique needs. We stay up-to-date and get certified with the latest technology trends and best practices to ensure that you always have access to the most future-forward solutions.\nIncreased Efficiency\nAt VLCM, we understand that managing IT can be a challenge for many businesses. That's why our consultative services are designed to help you streamline your IT processes and achieve greater efficiency. By engaging with our expert consultants, you can focus more on growing your business and less on putting out technical fires. We work closely with you to develop customized IT solutions that are tailored to your unique needs, helping you to optimize your operations and reduce costs.\nImproved Security\nHelping organizations\nbe more cyber secure\nis at the forefront of everything we do. Our cybersecurity experts can help you protect your business from cyber threats, including malware, phishing, and ransomware. We utilize the latest security tools and techniques to ensure that your systems and data are always safe and secure.\nGet Comprehensive Solutions\nAt VLCM, we offer comprehensive IT services that cover a range of business needs, including consulting, infrastructure planning and deployment, networking services, data analytics, cybersecurity, and help desk support. Our team of expert IT professionals can integrate across the IT environment to provide customized solutions that are tailored to your business's unique needs and goals. We take a customized approach to IT solutions, working closely with you to understand your specific requirements and provide maximum value. Whether you're looking to optimize your infrastructure, enhance your data analytics capabilities, or improve your cybersecurity posture, our comprehensive IT services can help you achieve your business objectives.\n\"VLCM is a terrific company! I've done business with them for several years. They always go above and beyond the call of duty in managing relationships with vendors and helping procure IT solutions. They have provided reseller services to me for products they don't carry because I needed a quick turn around and didn't have the new vendor in my purchasing system. They have managed my maintenance renewals for many of our products and made it very easy to implement. I can't say anything bad about the way they have taken care of me as a customer. I would recommend them for any of your IT needs!\"\n- Robert T., Boart Longyear\nMaximize Your Microsoft 365 Security with VLCM\nMicrosoft 365 provides enhanced security features right out of the box. However, many of these features are not enabled at installation.\nWith VLCM’s Microsoft 365 Security Review, our Microsoft professionals will work with you to understand your data security needs. We will then perform a comprehensive review of your Microsoft 365 tenant to fine-tune your current security policies and based on your data security needs will recommend, enable and configure the more advanced Microsoft 365 security features.\nSome of the Microsoft 365 advanced security features include:\nAdvanced attachment scanning and link checking\nEmail encryption\nPrevent forwarding\nProtect files in Personal Vault\nPassword-protected links\nRansomware detection and recovery\nRestore your OneDrive\nLearn More with a Microsoft Engineer\nResources\nData Management and Storage Solutions for Enterprises\nExplore scalable, secure data storage solutions for enterprises, offering insights on cloud, on-premises, and hybrid models for optimal efficiency in this comprehensive guide.\nVLCM Line Card\nOur line card provides an overview of all the IT services we offer and the IT vendors we partner with.\n7 Challenges of Mid-Market IT Managers: Solved\nIn this whitepaper, identify the top headaches SMB and Mid-Market IT Managers face when running their IT department and how to solve each one. Test yourself on each challenge to see where you may need the most help.\nData Storage and Business Continuity Solutions from VLCM\nWhether you are looking for easy accessibility to the cloud or you are looking to ramp up your performance, our expert engineers can create the ideal solution that will fit your organization's needs.\nCustomer Success Story Library\nRead how VLCM Gets IT Right for our customers.\nVLCM Partners\nView our carefully selected network of strategic enterprise and data technology partners.\nChat with an engineer\nAre you in need of professional IT services? Chat with one of our engineers by submitting the following form, or giving us a call at 1-800-817-1504.\nAbout\nAbout Us\nContact Us\nCareers\nEvents\nAwards\nHistory\nPartners\nOur Team\nWebinars\nServices\nCommunication Technologies\nCybersecurity\nEnterprise Tech + Data\nProfessional IT Services\nHardware Repair\nSolutions\nAudiovisual\nData Center\nComputers\nMobile computing/Printing\nNetworking\nPhysical Security\nUnified Communications\nContact Us\n852 E. Arrowhead Lane, Salt Lake City, UT 84107\nPhone: 1-800-817-1504\nEmail: contacts@vlcm.com\nAbout\nAbout Us\nContact Us\nCareers\nEvents\nHistory\nPartners\nTeam\nWebinars\nServices\nCommunication Technologies\nCybersecurity\nEnterprise Tech + Data\nProfessional IT Services\nHardware Repair\nSolutions\nAudiovisual\nData Center\nComputers\nMobile computing/Printing\nNetworking\nPhysical Security\nUnified Communications\nContact Us\n852 E. Arrowhead Lane, Salt Lake City, UT 84107\nPhone : 1-800-817-1504\nEmail : contacts@vlcmtech.com\nCopyright VLCM   |  All Rights Reserved  |\nPrivacy",
    "https://www.vlcm.com/partners": "Get To Know Our IT Partners - Leading Enterprise Technologies | VLCM\nHome\nAbout\nCelebrating 40 Years\nAbout Us\nContact Us\nCareers\nAwards\nHistory\nOur Team\nOnline Store\nSustainability\nServices\nCommunication Technologies\nCybersecurity Services\nEnterprise Tech + Data\nProfessional IT Services\nHardware Repair\nSolutions\nAudiovisual\nData Center\nBackup & Recovery\nCloud\nHyperconverged Infrastructure\nServers\nStorage\nVirtualization\nEnd-User Computing\nMobile Computing/Printing\nNetworking\nPhysical Security\nUnified Communications\nPartners\nEvents\nEvents\nOn-Demand Webinars\nSupport\nSupport\nAudiovisual\nVoice\nPhysical Security\nResources\nBlog\nCustomer Success Stories\nContact Us\nMeet Our Partners\nCollaborating with industry leaders for exceptional IT solutions\nAt VLCM, we value partnerships that are built on trust, transparency, and mutual benefit. We believe that working together with our partners is essential to providing our customers with the best possible solutions and services.\nAs an IT solutions provider, we understand the importance of staying up-to-date with the latest technologies and trends in the industry. That's why we seek out partnerships with leading technology companies that share our commitment to innovation and customer satisfaction.\nOur partnerships range from hardware and software vendors to service providers and industry associations. We work closely with our partners to ensure that we are offering our customers the most reliable and cutting-edge solutions available.\nBelow you'll find our carefully selected network of strategic enterprise and data technology partners. If you are interested in learning more about any of the IT vendors below,\nplease contact VLCM today\n.\nHome\nPartners\nAbout\nAbout Us\nContact Us\nCareers\nEvents\nAwards\nHistory\nPartners\nOur Team\nWebinars\nServices\nCommunication Technologies\nCybersecurity\nEnterprise Tech + Data\nProfessional IT Services\nHardware Repair\nSolutions\nAudiovisual\nData Center\nComputers\nMobile computing/Printing\nNetworking\nPhysical Security\nUnified Communications\nContact Us\n852 E. Arrowhead Lane, Salt Lake City, UT 84107\nPhone: 1-800-817-1504\nEmail: contacts@vlcm.com\nAbout\nAbout Us\nContact Us\nCareers\nEvents\nHistory\nPartners\nTeam\nWebinars\nServices\nCommunication Technologies\nCybersecurity\nEnterprise Tech + Data\nProfessional IT Services\nHardware Repair\nSolutions\nAudiovisual\nData Center\nComputers\nMobile computing/Printing\nNetworking\nPhysical Security\nUnified Communications\nContact Us\n852 E. Arrowhead Lane, Salt Lake City, UT 84107\nPhone : 1-800-817-1504\nEmail : contacts@vlcmtech.com\nCopyright VLCM   |  All Rights Reserved  |\nPrivacy",
    "https://www.vlcm.com/events": "IT Events - In-Person and Webinars for IT Professionals | VLCM\nHome\nAbout\nCelebrating 40 Years\nAbout Us\nContact Us\nCareers\nAwards\nHistory\nOur Team\nOnline Store\nSustainability\nServices\nCommunication Technologies\nCybersecurity Services\nEnterprise Tech + Data\nProfessional IT Services\nHardware Repair\nSolutions\nAudiovisual\nData Center\nBackup & Recovery\nCloud\nHyperconverged Infrastructure\nServers\nStorage\nVirtualization\nEnd-User Computing\nMobile Computing/Printing\nNetworking\nPhysical Security\nUnified Communications\nPartners\nEvents\nEvents\nOn-Demand Webinars\nSupport\nSupport\nAudiovisual\nVoice\nPhysical Security\nResources\nBlog\nCustomer Success Stories\nContact Us\nEvents for IT Professionals\nLearn how to Get IT Right through our In-Person Events and Webinars\nVLCM events are designed to bring together IT professionals, the VLCM team, and our valued IT partners for a collaborative learning experience. We believe in fostering an environment of shared knowledge and networking, where attendees can learn from each other and build long-lasting relationships.\nOur events provide a platform for IT professionals to connect with industry experts and stay up-to-date with the latest advancements in the field. Our VLCM team and industry experts are on hand to answer any questions and provide support throughout the event, ensuring a seamless experience for all attendees. Whether you're a seasoned IT professional or just starting out, our events offer something for everyone. Join us and become part of the VLCM community.\nHome\nEvents\nUpcoming VLCM Events\nVirtual Event\nMaster Your Carving Skills with Chef Klaus and VLCM!\nVLCM Partners: HPE, Kioksa\nDecember 17 at 10:00 AM MT\nVirtual Event\nJoin Chef Klaus and VLCM on December 17th to master carving techniques, presentation tips, and fun tricks to elevate your holiday feast.\nAbout\nAbout Us\nContact Us\nCareers\nEvents\nAwards\nHistory\nPartners\nOur Team\nWebinars\nServices\nCommunication Technologies\nCybersecurity\nEnterprise Tech + Data\nProfessional IT Services\nHardware Repair\nSolutions\nAudiovisual\nData Center\nComputers\nMobile computing/Printing\nNetworking\nPhysical Security\nUnified Communications\nContact Us\n852 E. Arrowhead Lane, Salt Lake City, UT 84107\nPhone: 1-800-817-1504\nEmail: contacts@vlcm.com\nAbout\nAbout Us\nContact Us\nCareers\nEvents\nHistory\nPartners\nTeam\nWebinars\nServices\nCommunication Technologies\nCybersecurity\nEnterprise Tech + Data\nProfessional IT Services\nHardware Repair\nSolutions\nAudiovisual\nData Center\nComputers\nMobile computing/Printing\nNetworking\nPhysical Security\nUnified Communications\nContact Us\n852 E. Arrowhead Lane, Salt Lake City, UT 84107\nPhone : 1-800-817-1504\nEmail : contacts@vlcmtech.com\nCopyright VLCM   |  All Rights Reserved  |\nPrivacy",
    "https://www.vlcm.com/events/webinars": "On-Demand IT Webinars + Video Library - Stay Up-to-Date with VLCM\nHome\nAbout\nCelebrating 40 Years\nAbout Us\nContact Us\nCareers\nAwards\nHistory\nOur Team\nOnline Store\nSustainability\nServices\nCommunication Technologies\nCybersecurity Services\nEnterprise Tech + Data\nProfessional IT Services\nHardware Repair\nSolutions\nAudiovisual\nData Center\nBackup & Recovery\nCloud\nHyperconverged Infrastructure\nServers\nStorage\nVirtualization\nEnd-User Computing\nMobile Computing/Printing\nNetworking\nPhysical Security\nUnified Communications\nPartners\nEvents\nEvents\nOn-Demand Webinars\nSupport\nSupport\nAudiovisual\nVoice\nPhysical Security\nResources\nBlog\nCustomer Success Stories\nContact Us\nOn-Demand IT Webinars\nKeep your IT and cybersecurity skills sharp with VLCM's on-demand video library.\nWhether you are a seasoned IT professional or just starting in the industry, VLCM's on-demand video library offers a variety of video content to help you stay up-to-date on the latest IT trends, techniques, and tools. From cybersecurity best practices to the latest software updates, our video library covers a broad range of topics that can help you develop your skills and knowledge.\nThe videos are created by experienced IT professionals and cybersecurity experts who are at the forefront of the industry, providing you with expert insights and practical advice. You can access these videos on your own time, at your own pace, and from anywhere.\nWhether you are looking to improve your technical skills, stay current with industry trends, or simply expand your knowledge, VLCM's on-demand video library is an excellent resource for keeping your IT and cybersecurity skills sharp. So why not take advantage of this valuable resource and stay ahead of the curve?\nHome\nEvents\nOn-Demand IT Webinars\nAired On: 12/17/24\nMaster Your Carving Skills with Chef Klaus and VLCM!\nAired On: 10/16/24\nEscape the Cyber Nightmare! Survive Data Attacks with HPE and Zerto\nAired On: 8/27/24\nDefend Your Brand: Master Impersonation Protection with Proofpoint\nAired On: 8/7/24\nMitigating Cybersecurity Threats through Artificial Intelligence: The Role of Cisco Solutions\nAired On: 7/30/24\nDetect and Protect the Unknown with NetSPIâ€™s Attack Surface Management (ASM) Platform\nAired On: 7/17/24\nPart 2 - Strike Up Innovation: Getting IT Right with VLCM's Summer Series_HP + VLCM Professional Services\nAired On: 7/10/24\nPart 1 - Strike Up Innovation: Getting IT Right with VLCM's Summer Series_Barracuda + NetSPI\nAired On: 5/1/24\nThe Ultimate Data Protection Trifecta with Veeam, Object First, and Wasabi\nAired On: 5/1/24\nReinventing Security for Today's Threats and Beyond with Cisco\nAired On: 5/1/24\nStories From The Street - Your Data is Traveling\nAired On: 5/1/24\nThe Identity Security Blind Spot: MFA & ITDR for Legacy Systems and Service Accounts with Silverfort\nAired On: 5/1/24\nCybersecurity and Threat Landscape with Sophos\nAired On: 5/1/24\nThe Future Is Now with HP, Inc.\nAired On: 5/1/24\n2024 Cyber Threats and Bad Actors with Syxsense\nAired On: 5/1/24\nDetecting Modern Supply Chain Attacks with Lacework\nAired On: 5/1/24\nFuture-Proofing IT: Modernizing with Innovations from Edge to Cloud with Hewlett Packard Enterprise, HPE Aruba Networking, and Zerto\nAired On: 5/1/24\nMDR Mythbusters: Unveiling the Truth Behind Managed Detection and Response Solutions with Expel\nAired On: 5/1/24\nIllusions Revealed: Traditional Attack Surface Management Tools Are Not Enough with NetSPI\nAired On: 5/1/24\nCheck Point AI Shield: Cybersecurity for Email Evolved\nAired On: 5/1/24\nFortiSASE: Securing Corporate Application Access for the Hybrid Workforce with Fortinet\nAired On: 5/1/24\nCriticality of Secure Access Service Edge Architecture in the Advent of an AI Threat Landscape\nAired On: 5/1/24\nArcserve Data Resilience: A Complete Solution for Data Protection, Ransomware Recovery, and High Availability\nAired On: 5/1/24\nExaGrid Tiered Backup Storage: Comprehensive Security with Ransomware Recovery\nAired On: 3/12/24\nIdentity Security Essentials: Your Cyber Insurance Blueprint with Silverfort\nAired On: 11/28/23\nBuilding Ransomware Resilience Step-By-Step with Barracuda\nAired On: 9/28/23\nAI: The Good, the Bad, and the Innovative with Abnormal\nAired On: 9/21/23\nA Comprehensive SASE Solution to Secure the Hybrid Workforce with Fortinet\nAired On: 8/23/23\nVLCM Cybersecurity Cookout with Arctic Wolf and HPE Aruba Networking\nAired On: 8/3/23\nLegacy to SASE, Cyber Criminals Adapt and So Must We with Cato Networks\nAired On: 7/28/23\nTackling today's most common cybersecurity challenges with Syxsense\nAired On: 7/11/23\nIT Mission Possible with HPE GreenLake\nAired On: 6/27/23\nUnleash the Power of MFA: Safeguard Service Accounts & Beat Ransomware\nAired On: 6/13/23\nStay Ahead of Security Threats with Verkada's AI-Powered Cloud Security System\nAired On: 6/1/23\nProtecting Your Business: The Zero Trust DevOps Supply Chain that Saves the Day\nAired On: 5/23/23\nAce Your Data Management Strategy with Veeam\nAired On: 5/4/23\nProtect Your Organization From The Dark Side of Cybersecurity with Zero Trust\nAired On: 4/20/23\nStronger Together: HPI & Poly - Redefining How Work Gets Done\nAired On: 3/22/23\nProofpoint - Protecting Your People and Data From Today's Threat Actors\nAired On: 3/22/23\nCheck Point - The AI Fraud Machine: Fraud's New Era of Email Phishing, Malware, Insider Data Loss, and Data Privacy\nAired On: 3/22/23\nWatchGuard - ThreatSync is the XDR Accelerator for Response, Visibility, and Machine Learning, Plus No More Alert Fatigue\nAired On: 3/22/23\nSilverfort - Full Cyber Insurance Compliance: End-to-End Protection with Silverfort\nAired On: 3/22/23\nThe HPE Security Journey: an Expert Panel Discussion with HPE, Aruba, Cohesity, and Zerto\nAired On: 3/22/23\nReliaQuest - Securing Your Journey Against Ransomware & Other Threats\nAired On: 3/22/23\nSentinelOne - Protecting Enterprise Identity with Identity Security\nAired On: 3/22/23\nCloudflare - Securing Your Investment in Cloudflare\nAired On: 3/22/23\nVeeam - Data Resiliency for Hybrid Cloud: Secure Backup and Reliable Recovery\nAired On: 3/22/23\nBarracuda - Securing Your Journey Against Ransomware & Other Threats\nAired On: 3/22/23\nCato Networks - Legacy to SASE, Cyber Criminals Adapt and So Must We\nAired On: 3/22/23\nDell - Simplify Modern Data Protection with PowerProtect Data Manager\nAired On: 3/22/23\nExaGrid - The Hidden Secrets of Backup Storage\nAired On: 3/22/23\nAdlumin - Critical CyberTech: Protecting Your Business From Cyber Threats and Ransomware\nAired On: 3/22/23\nFortinet - Lions, Tigers, and CyberCrooks, Oh My!\nAired On: 3/22/23\nMandiant - The Next Big Attack: What To Expect and How To Protect\nAired On: 3/16/23\nShoot and Score with SD-WAN:  Winning Strategies for your Network with Aruba\nAired On: 3/1/23\nSafeguarding Your Success: A Guide to Secure SaaS Solutions with Arcserve\nAired On: 2/22/23\nBetter Together: Backup + Security with Sophos\nAired On: 2/22/23\nBetter Together: Backup + Security with Veeam\nAired On: 2/16/23\nSecurity Posture Advancement and Pitfalls to Avoid with VLCM Cyber Security Expert Ken Cuddeback\nAired On: 2/16/23\nFind the Cloud that's Right For You: An HPE GreenLake Executive Overview\nAired On: 2/16/23\nCloud Based Network Management Made Easy with Aruba Central\nAired On: 1/31/23\nHardening Microsoft 365 Against New Account Takeover Attacks with Barracuda\nAired On: 1/26/23\nKeeping Your Organization's Workforce Productive and Secure: A SASE Zero - Trust Approach with Palo Alto\nAired On: 12/13/22\nRansomware Prepared: Building a Storage Strategy to Withstand an Attack with Spectra Logic\nAired On: 12/9/2022\nThe Song Remains the Same: Pen Testing Vulnerabilities with WebCheck Security\nAired On: 12/6/2022\nAddressing Cyber Risk Management From A Threat Perspective with Ostrich\nAired On: 11/30/2022\nModern Data Protection for Intelligent Storage\nAired On: 11/3/2022\nIgnorance is Not Bliss - It's Negligence with Adlumin\nAired On: 10/7/2022\nEscape IT Inefficiencies with HPE GreenLake\nAired On: 9/23/2022\nDo You Need a CISO?\nAired On: 9/9/2022\nHarmony Email + Collaboration\nAired On: 8/19/2022\nSegmentation Made Simple\nAired On: 8/11/2022\nFacts and Snacks with HPE and Aruba Networks\nAired On: 7/20/2022\nVeeam Backup for Office 365\nAired On: 7/15/2022\nWhat To Expect When You're Expecting\nAired On: 6/24/2022\nAnticipating and Responding to Today's Cyber Threat Space\nAired On: 6/17/2022\nThe Art of the Hack: Staying Safe from Bad Actors\nAired On: 6/3/2022\nVeeam Always Available. Always Protected with HPE Storage\nAired On: 5/24/2022\nVLCM's NGFW Capture the Flag Mission\nAired On: 5/13/2022\nHalf the Story: The Secrets Your Alerts are Dying to Tell You\nAired On: 5/6/2022\n2022 Tech Overview for VLCM\nAired On: 4/7/2022\nConnect + Protect with Aruba ESP\nAired On: 3/17/2022\nVeeam Backup for Microsoft Office 365 - Faster and Better Than Ever!\nAired On: 2/25/2022\nFuture-ready and simple security with VMware Carbon Black\nAired On: 2/10/2022\nHPE GreenLake: The Cloud That Comes To You\nAired On: 2/10/2022\nSecuring Your Web Application and Data\nAired On: 2/10/2022\nEnd Cyber Risk with Arctic Wolf\nAbout\nAbout Us\nContact Us\nCareers\nEvents\nAwards\nHistory\nPartners\nOur Team\nWebinars\nServices\nCommunication Technologies\nCybersecurity\nEnterprise Tech + Data\nProfessional IT Services\nHardware Repair\nSolutions\nAudiovisual\nData Center\nComputers\nMobile computing/Printing\nNetworking\nPhysical Security\nUnified Communications\nContact Us\n852 E. Arrowhead Lane, Salt Lake City, UT 84107\nPhone: 1-800-817-1504\nEmail: contacts@vlcm.com\nAbout\nAbout Us\nContact Us\nCareers\nEvents\nHistory\nPartners\nTeam\nWebinars\nServices\nCommunication Technologies\nCybersecurity\nEnterprise Tech + Data\nProfessional IT Services\nHardware Repair\nSolutions\nAudiovisual\nData Center\nComputers\nMobile computing/Printing\nNetworking\nPhysical Security\nUnified Communications\nContact Us\n852 E. Arrowhead Lane, Salt Lake City, UT 84107\nPhone : 1-800-817-1504\nEmail : contacts@vlcmtech.com\nCopyright VLCM   |  All Rights Reserved  |\nPrivacy",
    "https://www.vlcm.com/communication-technologies-library": "Voice Knowledge Base Library\nHome\nAbout\nCelebrating 40 Years\nAbout Us\nContact Us\nCareers\nAwards\nHistory\nOur Team\nOnline Store\nSustainability\nServices\nCommunication Technologies\nCybersecurity Services\nEnterprise Tech + Data\nProfessional IT Services\nHardware Repair\nSolutions\nAudiovisual\nData Center\nBackup & Recovery\nCloud\nHyperconverged Infrastructure\nServers\nStorage\nVirtualization\nEnd-User Computing\nMobile Computing/Printing\nNetworking\nPhysical Security\nUnified Communications\nPartners\nEvents\nEvents\nOn-Demand Webinars\nSupport\nSupport\nAudiovisual\nVoice\nPhysical Security\nResources\nBlog\nCustomer Success Stories\nContact Us\nKNOWLEDGE BASE LIBRARY\nVoice Technologies\nBrowse through helpful voice and unified communication resources.\nHome\nVLCM Support\nCommunication Technologies Knowledge Base\nCustomer Success Stories\nCustomer Success Story\nHow VLCM Saved a National Child Care Provider $1M in Dial Tone Costs\nLearn how VLCM consolidated phone infrastructure across 150 sites, reducing support needs and improving communication capabilities for a US-based childcare provider.\nCustomer Success Story\nVLCM and RingCentral Guide a County in Utah to Cloud Migration Success\nDiscover how a Utah county and VLCM successfully migrated to RingCentral, enhancing communication and resilience.\nProduct Manual\nCrestron Mercury Manual\nFirmware v1.4095.00091.001 and later.\nProgramming Guide\nCrestron Rest API Virtual Control\nREST API for Crestron Virtual Control Server-Based Control System.\nVideo\nCrestron's YouTube Channel\nWatch Crestron's latest product updates, case studies, and more.\nPresentation\nMitel Connect 19.2 - What's New\nSecurity improvements, user experience enhancements, and more.\nReference Guide\nMitel Connect Voicemail Quick Reference Card\nHow-to's on voicemail operations and leaving a message.\nReference Guide\nMiVoice Connect 6920 Quick Reference Guide\nFor MiVoice 6920 IP Phone.\nReference Guide\nMiVoice Connect 6930 Quick Reference Guide\nFor MiVoice 6930 IP Phone.\nReference Guide\nMiVoice Connect 6940 Quick Reference Guide\nFor MiVoice 6940 IP Phone.\nUser Guide\nMiVoice Connect 6930 IP Phone User Guide\nFull guide for Mitel MiVoice 6930 IP Phone.\nUser Guide\nMiVoice Connect 6920 IP Phone User Guide\nFull guide for Mitel MiVoice 6920 IP Phone.\nUser Guide\nMiVoice Connect 6970 IP Conference Phone User Guide\nFull guide for Mitel MiVoice 6970 IP Phone.\nUser Guide\nMiVoice Connect 6940 IP Phone User Guide\nMitel MiVoice 6970 IP Phone.\nUser Guide\nMitel Connect ECC Reports Help\nEnterprise Contact Center Report Help.\nUser Guide\nMitel Connect ECC Agent Interaction Center\nThe Agent Interaction Center User Guide describes how to use the agent interface for voice, chat, and email interactions. This guide is intended for the agent interface users.\nUser Guide\nMitel Connect Client User Guide\nThis guide explains how to install, configure, administer, and maintain the Connect client.\nVideo\nMiCloud Connect Client End User\nVideo\nMiVoice Connect Phone Basics\nVideo Hub\nLearn all about Mitel Products on Mitel's Video Hub.\nReference Guide\nNEC EliteMail Greetings\nHow to record company greetings.\nReference Guide\nNEC GREETINGS - InMail Voice Mail\nHow to record company greetings.\nReference Guide\nNEC Quick Reference Guide for SV8100\nQuick Reference Guide for SV8100 &\nU\nM\n80\n00 Voice Mail.\nReference Guide\nNEC SV8100 InMail Admin\nSystem administrator options for VM800 InMail.\nReference Guide\nNEC SV9100\nTelephone user guide for SV9100.\nReference Guide\nNEC Voicemail Simplified Instruction Sheet\nOne-pager on Elitemail Voicemail setup.\nUser Guide\nNEC SV9100 Phone User Guide\nUniverge Sv9100 user guide.\nUser Guide\nNEC SV 8100 All Digital and IP Phone User Guide\nMultiline telephone user guide - all digital and IP phones with UM-800 Voice Mail\nMore From VLCM\nUnified Communications\nVLCM offers\na wide range of unified communications solutions, partnering with industry-leading vendors such as 8x8, Mitel, Jive, Ring Central, Teams, and Zoom to provide you with the best communication and collaboration tools for your business.\nAudiovisual\nEnhance collaboration, engagement, and productivity with VLCM and our valued audiovisual partners.\nCustomer Success Story Library\nRead how VLCM Gets IT Right for our customers.\nVLCM Line Card\nCheck out our line card for a short list of our partners and solutions.\nCan't find what you're looking for?\nOur team of experts are here to help. Submit the following form to contact a member of our VCT team.\nAbout\nAbout Us\nContact Us\nCareers\nEvents\nAwards\nHistory\nPartners\nOur Team\nWebinars\nServices\nCommunication Technologies\nCybersecurity\nEnterprise Tech + Data\nProfessional IT Services\nHardware Repair\nSolutions\nAudiovisual\nData Center\nComputers\nMobile computing/Printing\nNetworking\nPhysical Security\nUnified Communications\nContact Us\n852 E. Arrowhead Lane, Salt Lake City, UT 84107\nPhone: 1-800-817-1504\nEmail: contacts@vlcm.com\nAbout\nAbout Us\nContact Us\nCareers\nEvents\nHistory\nPartners\nTeam\nWebinars\nServices\nCommunication Technologies\nCybersecurity\nEnterprise Tech + Data\nProfessional IT Services\nHardware Repair\nSolutions\nAudiovisual\nData Center\nComputers\nMobile computing/Printing\nNetworking\nPhysical Security\nUnified Communications\nContact Us\n852 E. Arrowhead Lane, Salt Lake City, UT 84107\nPhone : 1-800-817-1504\nEmail : contacts@vlcmtech.com\nCopyright VLCM   |  All Rights Reserved  |\nPrivacy",
    "https://www.vlcm.com/success-stories/cybersecurity-private-college": "Resolving a Labor Day Cyberattack with VLCM and Avanan\nHome\nAbout\nCelebrating 40 Years\nAbout Us\nContact Us\nCareers\nAwards\nHistory\nOur Team\nOnline Store\nSustainability\nServices\nCommunication Technologies\nCybersecurity Services\nEnterprise Tech + Data\nProfessional IT Services\nHardware Repair\nSolutions\nAudiovisual\nData Center\nBackup & Recovery\nCloud\nHyperconverged Infrastructure\nServers\nStorage\nVirtualization\nEnd-User Computing\nMobile Computing/Printing\nNetworking\nPhysical Security\nUnified Communications\nPartners\nEvents\nEvents\nOn-Demand Webinars\nSupport\nSupport\nAudiovisual\nVoice\nPhysical Security\nResources\nBlog\nCustomer Success Stories\nContact Us\nCUSTOMER SUCCESS STORY\nRegaining Control: How VLCM, Avanan, and Microsoft Helped a Private For-Profit College Recover from a Severe Cyberattack\nHome\nCustomer Success Story Library\nResolving a Labor Day Cyberattack with VLCM and Avanan\nThe following customer success story involves a private for-profit college that has requested to remain anonymous. Over the Labor Day weekend in 2022, the college faced a malicious attack from an unknown organization. The attackers aimed to compromise the accounts of students and faculty and the college's servers to send malicious emails. Fortunately, with the help of VLCM, Avanan, and Microsoft, the college regained access to its accounts, and measures were put in place to prevent the opening of malicious links in the future.\nLabor Day Weekend Cyberattack\nDuring the Labor Day weekend, an unknown organization sent phishing emails to the client’s students, posing as legitimate emails from the college and other organizations. The attack was severe, with over 40,000 emails sent in two variations, job application and scholarship opportunity, designed to capture personal information and compromise user accounts. The IT team had to cease all email sending to prevent further damage, cutting off the school’s primary mode of communication.\nWhen the client’s IT director attempted to resolve the issue independently, it became clear they lacked the necessary tools to stop such complex cyberattacks. Even Microsoft’s built-in security features in Office 365 proved ineffective against the phishing attack. Recognizing the gravity of the situation, the IT director contacted Josh Allen, the client’s VLCM Representative, for assistance. Josh promptly assessed the situation and involved Philip Kemp, VLCM’s VP of Cybersecurity, to help tackle the problem.\nAvanan: The Ideal Solution for Email Security\nPhilip quickly recognized that Avanan by Check Point was the ideal solution for the client’s email security needs. The AI-powered email security provider would prevent further damage and undo the damage that had already occurred. Within a short time, a representative from Avanan and a representative from Microsoft - who owned the email service used by the client - joined the call, which took place after midnight on a holiday weekend\nPhilip selected Avanan for the client’s email security needs due to its effectiveness, simplicity, and future protection. Philip had prior positive experiences with Avanan/Check Point, citing their dependability, ease of use, and cost-effectiveness as critical factors. Avanan’s API-based service and excellent customer support were also important considerations. During the call, the team collaborated to set up a “proof of concept” Avanan demo, which was easy to install and immediately began detecting compromised accounts and malicious emails.\nAvanan was highly effective in preventing further link clicks from sending malicious emails and helped to locate and disable compromised accounts quickly. The Representative from Microsoft also played a crucial role in assisting the client in pulling back any future emails and deleting the existing malicious ones to prevent further damage.\nThe email security incident was resolved, and students had access to their accounts before school resumed on Monday. After experiencing the effectiveness of the Avanan demo, the client decided to purchase the entire suite to ensure continued protection - Check Point Harmony Email + Collaboration (\n). VLCM also assisted the client by helping them implement two-factor authentication and other cybersecurity measures. The client was delighted with the outcome and expressed gratitude for the prompt response and support from the VLCM team.\nA Stronger Cybersecurity Posture\nSince implementing Avanan, the school has prevented further cybersecurity incidents and has significantly reduced spam emails reaching executives’ and students’ inboxes.\n“[The client] experienced increased security for all their assets and less wasted time because fewer spam and phishing emails were getting through,” says Josh. “The C-suite noticed a reduction in spam, which they loved, and the IT staff was happy because Avanan freed their time from not having to deal with phishing attacks.”\nVLCM not only assisted the client with their email security but also worked with them to protect other critical platforms like SharePoint and Teams and prevent cyberattacks on those systems.\nThe collaboration between the school, VLCM, and VLCM’s partners highlights the importance of having a trusted partner in cybersecurity to help organizations stay secure in an increasingly dangerous digital landscape. To learn more about VLCM’s Cybersecurity Services, please visit\nwww.vlcm.com/cybersecurity\n.\nRead how VLCM has helped other clients Get IT Right.\nVisit our Customer Success Stories Library\nto view them all.\n“I got a text late on Friday night from the client’s IT team: ‘Something is going on, we are getting a cyber-attack,’” -Josh Allen, VLCM Account Manager\n.\nAbout the client:\nOur client is a small private for-profit college. We have happily accommodated their request to anonymize their name.\nIndustry:\nPrivate, for-profit college\nSchool Size:\n1000+ students\nFeatured Solution:\nAvanan for Microsoft 365, Check Point Harmony Email + Collaboration\nChat with a Cybersecurity Expert\nTeam up with our experts to be more cyber secure, in control, and home in time for dinner.\nConnect with VLCM's cybersecurity team to learn how you can achieve an effective cybersecurity posture that works within your budget and your bandwidth. By working with VLCM and our valued cybersecurity partners, we can help you:\nBetter prepare for, respond to and recover from cyber attacks\nAnalyze your network\nAssess and manage risks\nArchitect a solution with budget constraints and resources in mind\nTo start your journey to cybersecurity resilience, submit the form on your right. Following your form submission VLCM will:\nContact you via your preferred method of communication within one business day\nSchedule a virtual or in-person meeting with a Cybersecurity Expert\nReviews from VLCM Customers\n\"I am very impressed with VLCM and their commitment to getting the solutions we request and suggesting solutions that will help our company grow. They make it easy to get new technology. They are easy to work with and very flexible. We have used them for years and I will continue to come back because they care about me and my company.\"\n- Kurt at Motorola Solutions\n\"I've been a customer of VLCM for about 9 years while I've been with 2 separate companies. They have consistently provided great service for all of our technology needs that have arisen during this time. As the lone IT person at my current company it is comforting knowing that I can lean on the resources that VLCM has available to assist me when problems arise. VLCM was instrumental in helping to implement a virtual environment that would have taken me months to complete by myself. On every project that I have worked on with them they have always had someone with a high degree of expertise that has been involved. I would definitely recommend them as a technology partner for businesses large or small.\"\n- Sebastian at a Medical Manufacturer Company in Utah\n\"I have worked with VLCM more years then I can remember. They have always been there with fair pricing, outstanding consulting, and amazing customer support. The staff at VLCM has earned my trust and deep respect. They are always willing to go the extra mile both before and after the sale. On top of that they have made me look good to my various bosses over the years by making sure that projects are almost always under budget and on time. I can not think of a better partner for my IT needs at Alpine School District, Access Data and now at Nelson Labs.\"\n- Todd at Nelson Labs\nAbout\nAbout Us\nContact Us\nCareers\nEvents\nAwards\nHistory\nPartners\nOur Team\nWebinars\nServices\nCommunication Technologies\nCybersecurity\nEnterprise Tech + Data\nProfessional IT Services\nHardware Repair\nSolutions\nAudiovisual\nData Center\nComputers\nMobile computing/Printing\nNetworking\nPhysical Security\nUnified Communications\nContact Us\n852 E. Arrowhead Lane, Salt Lake City, UT 84107\nPhone: 1-800-817-1504\nEmail: contacts@vlcm.com\nAbout\nAbout Us\nContact Us\nCareers\nEvents\nHistory\nPartners\nTeam\nWebinars\nServices\nCommunication Technologies\nCybersecurity\nEnterprise Tech + Data\nProfessional IT Services\nHardware Repair\nSolutions\nAudiovisual\nData Center\nComputers\nMobile computing/Printing\nNetworking\nPhysical Security\nUnified Communications\nContact Us\n852 E. Arrowhead Lane, Salt Lake City, UT 84107\nPhone : 1-800-817-1504\nEmail : contacts@vlcmtech.com\nCopyright VLCM   |  All Rights Reserved  |\nPrivacy",
    "https://www.vlcm.com/success-stories/epb-chattanooga": "EPB of Chattanooga's Success Story with VLCM and Syxsense\nHome\nAbout\nCelebrating 40 Years\nAbout Us\nContact Us\nCareers\nAwards\nHistory\nOur Team\nOnline Store\nSustainability\nServices\nCommunication Technologies\nCybersecurity Services\nEnterprise Tech + Data\nProfessional IT Services\nHardware Repair\nSolutions\nAudiovisual\nData Center\nBackup & Recovery\nCloud\nHyperconverged Infrastructure\nServers\nStorage\nVirtualization\nEnd-User Computing\nMobile Computing/Printing\nNetworking\nPhysical Security\nUnified Communications\nPartners\nEvents\nEvents\nOn-Demand Webinars\nSupport\nSupport\nAudiovisual\nVoice\nPhysical Security\nResources\nBlog\nCustomer Success Stories\nContact Us\nCUSTOMER SUCCESS STORY\nHow VLCM and Syxsense patch management energized EPB of Chattanooga's cybersecurity\nHome\nCustomer Success Story Library\nHow VLCM and Syxsense patch management energized EPB's cybersecurity\nIn the electric power industry, secure, streamlined operations are paramount. These needs were becoming increasingly critical for Electric Power Board (EPB), a leading power and internet provider in Chattanooga, Tennessee. EPB, which serves a 600 square mile radius in and around Chattanooga, faced a complex set of cybersecurity challenges. With roughly 1000 employees and an extensive IT infrastructure to protect, EPB required a solution as dynamic and capable as they were.\nEnter VLCM, represented by their Account Manager, Braxton Byrge. \"Our first encounter with EPB was through cold outreach,\" Byrge recalled. \"They're a leading electric power and internet provider in the state, but even giants can face hurdles. When it came to cybersecurity, they were eager for a solution that could truly safeguard their IT environment.\"\nByrge and\nVLCM's Cybersecurity Consultant Team\nidentified a specific pain point—patch management. Patch management refers to the process of handling updates for software applications and technologies. Patches are crucial to plug vulnerabilities and guard against cyber threats. However, the process can be labor-intensive and time-consuming without the right tool. EPB had a patch management tool in place, but it was a less effective and more time-consuming product than initially anticipated.\n\"EPB was struggling with a product that was frustrating and not fulfilling their needs,” said Byrge,” They were spending hours doing tasks they didn't have to, diverting their attention from critical operations. They needed a solution, and that's where Syxsense came in.\"\nSyxsense is a leading Unified Security and Endpoint Management (USEM) solution\nthat delivers real-time monitoring and intelligent automation for vulnerability management, patch management, and security remediation in a single console. With capabilities like automated patching for Windows, Mac, and Linux endpoints and even third-party applications, Syxsense ensures systems are consistently updated and protected against known vulnerabilities. Its features provide pre- and post-deployment automation, offering flexibility to suit each organization's unique needs. This level of automation and control significantly reduces the burden on IT staff and minimizes disruption to operations.\nMoreover, Syxsense's patch management works seamlessly with other functionalities, including IT operations and vulnerability scanning, forming an integrated, proactive approach to an organization's cybersecurity efforts. It was, therefore, the ideal recommendation from VLCM's cybersecurity consultants. It integrated seamlessly with EPB's existing systems, effectively dealing with vulnerabilities, managing patches, and drastically reducing manual IT work.\n\"The impact was immediate,\" said Braxton, \"our collaboration resulted in a swift implementation. From start to finish, it took about a month and a half. EPB was impressed by Syxsense during the trial, so much so that they specifically wrote VLCM and Syxsense into their Request For Proposal (RFP). Winning the RFP was a big win for us.\"\nWhy VLCM? Braxton believes it's their approach. \"Our team doesn't just push products. We strive to understand the needs of our clients and serve as trusted advisors. We're more consultants than salespeople. I think this philosophy played a big role in winning EPB's trust.\"\nThe partnership has been a resounding success. \"The winning metric for this project is that it saves the IT team time,\" Braxton stated. \"Before, they were spending off-hours dealing with an insufficient patch management tool. Now, they don't have to do that anymore. The frustration levels have plummeted, and they can focus on more strategic tasks.\"\nThe VLCM and EPB story highlights the power of cybersecurity expertise, an understanding of client needs, and the application of the right tools, particularly the transformative impact of\neffective patch management using Syxsense\n. \"It's about being a trusted advisor, not just a sales rep,\" Braxton emphasized. \"That's why clients like EPB choose us.\"\nFor organizations seeking cybersecurity solutions and trusted advice, VLCM stands ready to assist. \"If your cybersecurity needs aren't being fully met, or if you're spending too much time on tasks that should be automated, it's time to have a conversation,\" says Braxton. \"Reach out to us at VLCM.\nLet's talk about how we can help secure your IT environment\n, just like we did for EPB.\"\nVLCM is just a call or click away\n, prepared to serve as a guiding hand in your journey to cybersecurity.\nRead more about how VLCM Gets IT Right for its clients by visiting\nwww.vlcm.com/customer-success\n.\nAbout EPB\nEPB, short for Electric Power Board, is a premier energy and connectivity provider headquartered in Chattanooga, Tennessee. With a history that spans over 80 years, EPB's mission is to enhance community life through reliable, efficient, and value-driven energy and communications services, ranging from America's most resilient smart grid to the world's fastest internet service up to 25 Gigs.\nIndustry\nUtilities, electricity and internet connectivity\nFeatured Solutions\nSyxsense\nEngage with a Cybersecurity Expert at VLCM\nEntrust your digital defense to VLCM for robust cybersecurity solutions within your budget and resources. Our team is ready to assist you with:\nEvaluating your current cybersecurity posture to identify potential vulnerabilities or areas for improvement\nConducting a comprehensive audit of your existing cyber defense systems to pinpoint gaps or inefficiencies\nDesigning and deploying a cybersecurity strategy tailored to your specific requirements and constraints\nOffering continual support and maintenance to ensure your cybersecurity measures are always reliable, efficient, and up-to-date.\nTo start your journey to cybersecurity resilience, submit the form on your right. Following your form submission, VLCM will:\nContact you via your preferred method of communication within one business day\nSchedule a virtual or in-person meeting with a member of our team\nReviews from VLCM Customers\n\"I am very impressed with VLCM and their commitment to getting the solutions we request and suggesting solutions that will help our company grow. They make it easy to get new technology. They are easy to work with and very flexible. We have used them for years and I will continue to come back because they care about me and my company.\"\n- Kurt at Motorola Solutions\n\"I've been a customer of VLCM for about 9 years while I've been with 2 separate companies. They have consistently provided great service for all of our technology needs that have arisen during this time. As the lone IT person at my current company it is comforting knowing that I can lean on the resources that VLCM has available to assist me when problems arise. VLCM was instrumental in helping to implement a virtual environment that would have taken me months to complete by myself. On every project that I have worked on with them they have always had someone with a high degree of expertise that has been involved. I would definitely recommend them as a technology partner for businesses large or small.\"\n- Sebastian at a Medical Manufacturer Company in Utah\n\"I have worked with VLCM more years then I can remember. They have always been there with fair pricing, outstanding consulting, and amazing customer support. The staff at VLCM has earned my trust and deep respect. They are always willing to go the extra mile both before and after the sale. On top of that they have made me look good to my various bosses over the years by making sure that projects are almost always under budget and on time. I can not think of a better partner for my IT needs at Alpine School District, Access Data and now at Nelson Labs.\"\n- Todd at Nelson Labs\nAbout\nAbout Us\nContact Us\nCareers\nEvents\nAwards\nHistory\nPartners\nOur Team\nWebinars\nServices\nCommunication Technologies\nCybersecurity\nEnterprise Tech + Data\nProfessional IT Services\nHardware Repair\nSolutions\nAudiovisual\nData Center\nComputers\nMobile computing/Printing\nNetworking\nPhysical Security\nUnified Communications\nContact Us\n852 E. Arrowhead Lane, Salt Lake City, UT 84107\nPhone: 1-800-817-1504\nEmail: contacts@vlcm.com\nAbout\nAbout Us\nContact Us\nCareers\nEvents\nHistory\nPartners\nTeam\nWebinars\nServices\nCommunication Technologies\nCybersecurity\nEnterprise Tech + Data\nProfessional IT Services\nHardware Repair\nSolutions\nAudiovisual\nData Center\nComputers\nMobile computing/Printing\nNetworking\nPhysical Security\nUnified Communications\nContact Us\n852 E. Arrowhead Lane, Salt Lake City, UT 84107\nPhone : 1-800-817-1504\nEmail : contacts@vlcmtech.com\nCopyright VLCM   |  All Rights Reserved  |\nPrivacy",
    "https://www.vlcm.com/hp-for-government": "HP for State + Local Government: Serve the public with confidence\nHome\nAbout\nCelebrating 40 Years\nAbout Us\nContact Us\nCareers\nAwards\nHistory\nOur Team\nOnline Store\nSustainability\nServices\nCommunication Technologies\nCybersecurity Services\nEnterprise Tech + Data\nProfessional IT Services\nHardware Repair\nSolutions\nAudiovisual\nData Center\nBackup & Recovery\nCloud\nHyperconverged Infrastructure\nServers\nStorage\nVirtualization\nEnd-User Computing\nMobile Computing/Printing\nNetworking\nPhysical Security\nUnified Communications\nPartners\nEvents\nEvents\nOn-Demand Webinars\nSupport\nSupport\nAudiovisual\nVoice\nPhysical Security\nResources\nBlog\nCustomer Success Stories\nContact Us\nHP for State + Local Government\nServe the public with confidence\nContact a VLCM State + Local Expert\nWhy HP for Government?\nGovernment agencies need true technology partners that understand the security and hybrid work challenges you face today—and can help you innovate in the future. With HP's reputation for advanced innovation, customer advocacy, and solutions built with security in mind, together HP and VLCM can help you serve the public with confidence.\n37+ years of experience\nWorld’s most secure PCs\nand printers\nGlobal 100 Most Sustainable Corporations in the World\nEthisphere 2020–2021 World’s Most Ethical Companies\nStrong PC and printing security\nTo protect government and citizen data, you need the highest levels of security. Learn about secure computer and printer solutions and services for state and local government agencies—and the potential implications of failing to protect your data.\nThe world's most secure PCs\nSince the pandemic began, cyberattacks are up 400%.\nHP Elite PCs, Workstations and select Pro PCs come pre-installed with a stack of hardware-enforced security features that enable your people and your teams to work more securely from anywhere without fear of modern threats.\nPrinters that defend themselves\nAs cybercriminals target print infrastructure, HP Wolf Security defends your network with the world’s most secure printers\n. Our continuous hardware-powered protection and managed services enable a resilient, borderless workplace.\nFeatured HP Solutions for State + Local Government\nEnhance productivity, reduce costs\nEase your paper pain with HP Workflow Discovery for Government. Through the application of digitization and printing workflow analyses, HP can show you how technology and associated software and services can help streamline paper-intensive processes.\nDigitizing the contracts and procurement process for Government Agencies\nHP helps you solve your contract and procurement management challenges with an end-to-end solution that improves workflows by automating key steps in the management process.\nHP Document Capture Solution for Evidence of Identity\nAugment workflows to meet state, provincial, and federal citizen identity requirements. Consider capturing evidence of identity for human resources, security policy implementations, professional licensing, or even membership enrollment.\nMinimize paper, maximize law enforcement\nHP Records Processing Solution for Law Enforcement is an efficient document management solution that captures, indexes, and validates scanned documents and then automatically distributes and/or archives them via defined workflows.\nComply with mandates, automate workflows\nHP Redaction Solution delivers document capture, imaging, and workflow solutions that enable customers to initiate and streamline secure workflow processes directly from an HP MFP or scanner.\nSustainable Technologies\nGovernment agencies work hard to create a more sustainable future, and HP is committed to making an impact with a supply chain, operations, and products and services that have people and the planet in mind.\nPurchase the future you want: A sustainable IT purchasing guide\nGain the knowledge you need to make informed purchases that align procurement with your government agency’s sustainability goals.\nA more sustainable impact\nLearn how HP is going above and beyond to create a more sustainable, just planet and future.\nContact a VLCM State + Local Expert\nSubmit the following form or give us a call at 1-800-187-1504 to get in contact with a VLCM representative that can help you get started on your HP State + Local journey.\n© 2024 VLCM"
  },
  "doc_id": "ce08e4b9-c082-56e8-805c-e067ad369230"
}